2,2,2,2,2,2,2,2,2,2,2,2,2,2,2,2,2,2,2,2,2,2,2,2,2,2,2,2,2,2,2,2,2,2,2,2,2,2,2,2,2,2,2,2,2,2,2,2,2,2,2,2,2,2,2,2,2,2,2,2,2,2,2,2,2,2,2,2,2,2,2,2,2,2,2,2,2,2,2,2,2,2,2,14,14,14,14,14,3,3,3,3,3,3,2,2,2,2,2,2,2,2,2,2,2,2,3,14,14,14,14,14,14,3,3,3,3,3,14,3,3,3,14,2,2,2,2,2,2,2,2,2,2,2,2,2,2,2,3,14,14,14,3,3,14,14,3,3,14,3,3,5,5,5,5,1,1,1,1,1,1,1,1,1,1,1,1,1,1,1,1,1,3,3,14,3,3,3,2,2,2,2,2,2,2,2,2,2,14,1,1,1,1,1,1,1,1,1,1,1,1,14,14,3,8,8,8,14,14,3,3,3,3,3,3,2,2,2,2,2,2,2,2,2,2,2,2,2,2,2,2,2,2,2,2,2,2,2,2,2,2,2,2,2,2,2,2,2,2,2,2,2,2,2,2,2,2
2,2,2,2,2,2,2,2,2,2,2,2,2,2,2,2,2,2,2,2,2,2,2,2,2,2,2,2,2,2,2,2,2,2,2,2,2,2,2,2,2,2,2,2,2,2,2,2,2,2,2,2,2,2,2,2,2,2,2,2,2,2,2,2,2,2,2,2,2,2,2,2,2,2,2,2,2,2,2,2,2,2,2,14,14,14,14,14,3,3,3,3,3,14,2,2,2,2,2,2,2,2,2,2,2,2,14,14,14,14,14,14,14,3,3,3,3,3,14,14,3,3,14,3,2,2,2,2,2,2,2,2,2,2,2,2,2,2,14,14,14,3,14,14,14,3,5,5,5,5,5,5,1,1,1,1,1,1,1,1,1,1,1,1,1,1,1,1,1,1,1,14,14,3,3,3,3,3,2,2,2,2,2,2,2,2,2,2,14,1,1,1,1,1,1,1,1,1,1,1,1,14,14,8,8,8,14,14,14,14,14,3,3,3,3,2,2,2,2,2,2,2,2,2,2,2,2,2,2,2,2,2,2,2,2,2,2,2,2,2,2,2,2,2,2,2,2,2,2,2,2,2,2,2,2,2,2
2,2,2,2,2,2,2,2,2,2,2,3,1,1,3,2,2,2,2,2,2,2,2,2,2,2,2,2,2,2,2,2,2,2,2,2,3,3,2,2,2,2,2,2,2,2,2,2,2,2,2,2,2,2,2,2,2,2,2,2,2,2,2,2,2,2,2,2,2,2,2,2,2,2,2,2,2,2,2,2,2,2,15,0,3,3,3,3,3,3,3,3,14,14,3,14,14,3,2,3,2,2,2,2,2,2,14,14,14,14,14,3,5,5,5,3,3,3,3,3,3,3,3,2,2,2,2,2,2,2,2,2,2,2,2,2,2,2,14,14,14,3,14,14,14,5,5,5,5,5,5,1,1,1,1,1,1,1,1,1,1,1,1,1,1,1,1,1,1,1,5,14,14,3,3,3,2,2,2,2,2,2,2,2,2,2,2,3,5,1,1,1,1,1,1,1,1,1,1,1,1,3,8,8,8,3,14,14,14,14,14,3,3,2,2,2,2,2,2,2,2,2,2,2,2,2,2,2,2,2,2,2,2,2,2,2,2,2,2,2,2,2,2,2,2,2,2,2,2,2,2,2,2,2,2,2,2
2,2,2,2,2,2,2,2,2,2,2,14,1,1,1,2,2,2,2,2,2,2,2,3,3,2,14,3,3,1,1,14,3,3,3,4,4,4,4,14,2,2,2,2,2,2,2,2,2,2,2,2,2,2,2,2,2,2,2,2,2,2,2,2,2,2,2,2,2,2,2,2,2,2,2,2,2,2,2,2,14,14,0,0,3,3,14,3,3,3,14,14,14,14,14,14,3,3,3,1,1,3,3,3,3,3,14,1,1,1,1,5,5,5,5,3,3,3,3,3,3,3,2,2,2,2,2,2,2,2,2,2,2,2,2,2,2,2,14,14,14,3,14,14,5,5,5,1,1,1,1,1,1,1,1,1,1,1,1,1,1,1,1,1,1,1,1,1,1,5,14,14,14,14,14,2,2,2,2,2,2,2,2,2,2,2,2,3,5,1,1,1,1,1,1,1,1,1,1,1,1,3,8,8,3,1,1,14,5,5,14,14,3,2,2,2,2,2,2,2,2,2,2,2,2,2,2,2,2,2,2,2,2,2,2,2,2,2,2,2,2,2,2,2,2,2,2,2,2,2,2,2,2,2,2,2,2
2,2,2,2,2,2,2,2,2,2,2,3,1,1,1,1,2,2,2,3,3,14,5,5,5,5,5,5,1,1,1,4,5,1,4,4,4,4,4,4,14,3,2,2,2,2,2,2,2,2,2,2,2,2,2,2,2,2,2,2,2,2,2,2,2,2,2,2,2,2,2,2,2,2,2,3,3,2,3,3,14,14,3,0,0,3,14,3,3,14,14,14,14,14,14,3,1,1,1,1,1,1,3,3,14,14,1,1,1,5,5,5,5,14,14,3,3,3,3,3,3,3,2,2,2,2,2,2,2,2,2,2,2,2,2,2,2,2,14,14,14,14,14,3,14,5,5,1,1,1,1,1,1,1,1,1,1,1,1,1,1,1,1,1,1,1,1,5,5,14,14,14,3,2,2,2,2,2,2,2,2,2,2,2,2,2,2,14,5,5,1,1,1,1,1,1,1,1,1,1,1,3,8,8,14,1,1,1,5,5,3,14,14,2,2,2,2,2,2,2,2,2,2,2,2,2,2,2,2,2,2,2,2,2,2,2,2,2,2,2,2,2,2,2,2,2,2,2,2,2,2,2,2,2,2,2,2
2,2,2,2,2,2,2,2,2,2,2,3,3,1,1,1,1,1,5,5,5,4,4,4,1,1,1,4,4,4,4,4,4,4,4,4,7,7,7,4,4,3,14,2,2,2,2,2,2,2,2,2,2,2,2,2,2,2,2,2,2,2,2,2,2,2,2,2,2,2,2,2,2,2,3,3,3,3,3,14,14,14,14,3,0,0,3,3,3,0,0,0,0,3,14,14,1,5,1,1,1,1,1,1,1,1,1,1,1,5,5,5,14,14,14,14,3,3,3,3,3,2,2,2,2,2,2,2,2,2,2,2,2,2,2,2,2,2,2,3,14,14,3,3,5,5,5,1,1,1,1,1,1,1,1,1,1,1,1,1,1,1,1,1,1,5,5,5,5,14,14,3,2,2,2,2,2,2,2,2,2,2,2,2,2,2,2,14,5,5,1,1,1,1,1,1,1,1,1,1,1,5,8,8,14,1,1,1,5,5,3,2,2,2,2,2,2,2,2,2,2,2,2,2,2,2,2,2,2,2,2,2,2,2,2,2,2,2,2,2,2,2,2,2,2,2,2,2,2,2,2,2,2,2,2,2,2
2,2,2,2,2,2,2,2,2,2,2,2,14,1,1,1,1,1,5,5,4,4,7,7,4,1,4,4,7,7,7,7,7,7,7,7,7,7,7,7,4,4,14,2,2,2,2,2,2,2,2,2,2,2,2,2,2,2,2,2,2,2,2,2,2,2,2,2,2,2,2,3,3,3,3,3,14,3,3,3,14,14,14,14,0,0,14,0,0,0,0,0,0,0,14,14,14,5,5,1,1,1,1,1,1,1,1,1,1,5,5,14,14,14,14,3,3,3,3,3,3,2,2,2,2,2,2,2,2,2,3,2,2,2,2,2,2,2,2,2,3,14,3,3,3,5,5,1,1,1,1,1,1,1,1,1,1,1,5,5,5,5,5,5,5,5,5,5,5,14,14,2,2,2,2,2,2,2,2,2,2,2,2,2,2,2,2,3,5,5,1,1,1,1,1,1,1,1,1,1,5,5,8,8,8,1,1,1,5,3,3,2,2,2,2,2,2,2,2,2,2,2,2,2,2,2,2,2,2,2,2,2,2,2,2,2,2,2,2,2,2,2,2,2,2,2,2,2,2,2,2,2,2,2,2,2,2
2,2,2,2,2,2,2,2,2,2,2,2,5,5,1,1,1,1,5,5,7,4,4,7,4,4,4,4,7,7,7,7,7,7,7,7,7,7,7,7,4,4,3,3,3,2,3,2,2,2,2,2,2,2,2,2,2,2,2,2,2,2,2,2,2,2,2,2,2,2,3,3,14,14,3,14,14,14,3,3,14,14,14,14,0,0,14,0,0,14,14,3,0,0,14,14,14,5,5,5,5,1,1,1,1,1,1,5,5,5,5,14,14,14,3,3,3,3,3,3,3,2,2,2,2,2,2,2,2,2,14,3,3,2,2,2,2,2,2,2,2,3,3,14,14,14,5,1,1,1,1,1,1,1,5,5,5,5,5,5,5,5,5,5,5,3,14,14,14,14,14,2,2,2,2,2,2,2,2,2,2,2,2,2,2,2,2,14,5,5,5,1,1,1,1,1,1,1,1,1,5,5,5,8,8,5,1,1,1,5,3,2,2,2,2,2,2,2,2,2,2,2,2,2,2,2,2,2,2,2,2,2,2,2,2,2,2,2,2,2,2,2,2,2,2,2,2,2,2,2,2,2,2,2,2,2,2
2,2,2,2,2,2,2,2,2,2,2,2,3,5,1,1,1,1,5,5,5,7,4,7,7,7,7,4,4,4,7,7,7,7,7,7,7,7,7,7,4,4,4,4,4,14,14,3,2,2,2,2,2,2,2,2,2,2,2,2,2,2,2,2,2,2,2,2,2,2,3,14,14,14,14,14,14,14,14,3,14,3,14,14,0,0,0,0,3,14,14,14,0,0,0,0,14,14,14,5,5,5,5,1,1,1,5,5,5,5,14,14,14,3,3,3,14,3,3,3,2,2,2,2,2,2,2,2,2,3,14,3,3,3,2,2,2,2,2,2,2,15,15,0,14,14,5,5,1,1,1,1,5,5,5,3,14,14,14,5,14,14,14,14,14,3,14,14,14,3,2,2,2,2,2,2,2,2,2,2,2,2,2,2,2,2,2,14,5,5,5,5,1,5,5,5,5,1,1,5,5,5,5,8,8,1,1,1,5,5,14,3,2,2,2,2,2,2,2,2,2,2,2,2,2,2,2,2,2,2,2,2,2,2,2,2,2,2,2,2,2,2,2,2,2,2,2,2,2,2,2,2,2,2,2,2,2
2,2,2,2,2,2,2,2,2,2,2,2,2,5,5,1,1,1,1,5,5,5,7,4,7,7,7,7,4,4,4,7,7,7,7,7,7,7,7,7,7,7,4,4,4,4,4,4,14,2,2,2,3,3,3,2,2,2,2,2,2,2,2,2,2,2,2,2,2,2,14,3,14,14,14,14,14,14,14,3,3,14,14,14,14,0,0,3,3,14,14,14,14,0,0,0,0,14,14,14,5,5,5,1,1,1,5,5,5,14,14,14,14,3,3,3,3,3,3,2,2,2,2,2,2,2,2,2,2,14,14,14,14,14,14,14,2,2,2,2,15,15,0,0,0,14,5,5,1,1,1,5,5,5,5,15,2,2,2,14,14,14,3,2,2,2,2,2,2,2,2,2,2,2,2,2,2,2,2,2,2,2,2,2,2,2,3,14,14,14,5,5,5,5,5,5,5,5,5,5,5,5,5,14,8,8,1,1,5,14,14,2,2,2,2,2,2,2,2,2,2,2,2,2,2,2,2,2,2,2,2,2,2,2,2,2,2,2,2,2,2,2,2,2,2,2,2,2,2,2,2,2,2,2,2,2,2
2,2,2,2,2,2,2,2,2,2,2,2,2,3,5,5,1,1,1,1,5,5,5,7,4,4,4,4,7,7,4,7,7,7,7,7,7,7,7,7,7,7,7,7,7,4,4,4,5,14,3,14,3,3,14,14,3,2,2,2,2,2,2,2,2,2,2,2,2,14,14,3,5,5,5,5,5,5,14,14,14,14,14,14,14,14,14,14,14,14,14,14,14,14,14,3,0,0,14,14,14,5,5,5,1,1,5,5,5,14,14,3,3,3,3,14,3,3,2,2,2,2,2,2,2,2,2,2,2,14,3,14,14,14,14,14,14,3,2,3,14,14,14,12,0,0,3,5,5,1,1,5,5,3,2,2,2,2,2,2,14,3,3,2,2,2,2,2,2,2,2,2,2,2,2,2,2,2,2,2,2,2,2,2,2,2,2,14,3,3,5,5,5,5,5,5,5,5,5,5,5,5,14,14,8,8,1,1,5,14,14,2,2,2,2,2,2,2,2,2,2,2,2,2,2,2,2,2,2,2,2,2,2,2,2,2,2,2,2,2,2,2,2,2,2,2,2,2,2,2,2,2,2,2,2,2,2
2,2,2,2,2,2,2,2,2,2,2,2,3,14,5,5,1,1,1,1,1,5,5,5,5,5,7,4,4,7,7,4,4,4,7,7,7,7,7,7,7,7,7,7,7,7,7,4,4,4,4,4,14,14,14,14,14,2,2,2,2,2,2,2,2,2,2,2,2,2,14,3,5,5,5,5,5,5,5,5,5,5,14,14,14,14,14,14,14,14,14,14,14,14,14,3,0,8,14,14,14,14,5,5,1,5,5,5,14,14,14,3,3,3,3,3,14,3,2,2,2,2,2,2,2,2,2,2,2,3,5,5,14,14,14,14,14,14,14,14,14,14,14,14,0,0,3,5,5,5,5,5,5,2,2,2,2,2,3,3,14,14,14,14,2,2,2,2,2,2,2,2,2,2,2,2,2,2,2,2,2,2,2,2,2,2,2,14,14,14,5,5,5,5,5,5,5,5,5,5,5,5,14,8,8,14,1,5,5,5,14,2,2,2,2,2,2,2,2,2,2,2,2,2,2,2,2,2,2,2,2,2,2,2,2,2,2,2,2,2,2,2,2,2,2,2,2,2,2,2,2,2,2,2,2,2,2
2,2,2,2,2,2,2,2,2,2,2,2,3,3,5,5,5,1,1,1,1,1,1,5,5,5,5,5,7,4,7,7,4,4,4,4,7,7,7,7,7,7,7,7,7,7,7,7,7,7,4,4,4,14,14,14,14,3,2,2,2,2,2,2,2,2,2,2,2,2,2,3,5,5,5,5,5,5,5,5,5,5,5,5,14,5,5,14,14,14,5,5,14,14,14,3,0,0,14,14,14,5,5,5,5,5,5,14,14,14,14,3,3,3,3,14,14,3,2,2,2,3,3,2,2,2,2,2,19,5,5,5,5,5,14,14,14,3,3,14,14,14,14,14,3,0,0,19,5,5,5,5,2,2,2,2,2,2,3,14,14,14,14,14,14,2,2,2,2,2,2,2,2,2,2,2,2,2,2,2,2,2,2,2,2,2,3,14,14,14,14,3,14,14,14,5,5,5,5,14,3,3,3,8,8,1,1,1,5,5,14,2,2,2,2,2,2,2,2,2,2,2,2,2,2,2,2,2,2,2,2,2,2,2,2,2,2,2,2,2,2,2,2,2,2,2,2,2,2,2,2,2,2,2,2,2,2
2,2,2,2,2,2,2,2,2,2,2,2,3,3,5,5,5,1,1,1,1,1,1,1,5,5,5,5,5,7,4,4,7,7,7,4,4,7,7,7,7,7,7,7,7,7,7,7,7,7,7,7,4,4,5,3,3,3,3,2,2,2,2,2,2,2,2,2,2,2,2,14,14,5,5,5,5,5,5,5,5,5,5,5,5,5,5,5,5,5,5,5,5,14,14,3,0,0,14,14,14,5,5,5,5,5,14,14,14,14,14,14,14,14,14,14,14,2,2,2,14,14,14,14,2,2,2,2,2,5,5,5,5,5,5,5,5,5,5,5,14,14,14,14,3,0,0,14,5,5,5,14,3,2,2,2,2,2,3,3,14,14,14,14,2,2,2,2,2,2,2,2,2,2,2,2,2,2,2,2,2,2,2,2,2,2,14,14,14,14,14,14,14,14,14,14,14,14,14,14,14,8,8,8,8,1,1,5,5,5,14,3,2,2,2,2,2,2,2,2,2,2,2,2,2,2,2,2,2,2,14,3,2,2,3,3,3,3,14,14,14,3,14,2,2,2,2,2,2,2,2,2,2,2,2,2,2
2,2,2,2,2,2,2,2,2,2,2,2,14,14,5,5,5,1,1,1,1,1,1,1,1,1,1,5,5,5,7,7,4,4,7,7,4,4,4,7,4,4,4,4,7,7,7,7,7,7,7,7,4,4,4,5,3,14,3,2,2,2,2,2,2,2,2,2,2,2,2,2,5,5,5,5,5,5,5,1,1,1,5,1,1,5,1,1,5,5,5,5,5,14,14,3,0,0,14,14,14,14,5,5,5,5,14,14,14,14,14,14,3,3,3,14,14,2,2,2,14,14,14,14,3,3,3,3,5,5,5,1,1,5,5,5,5,5,5,5,14,14,14,14,3,0,0,14,14,5,5,14,14,2,2,2,2,2,2,2,14,3,14,14,2,2,2,2,2,2,2,2,2,2,2,2,2,2,2,2,2,2,2,2,2,2,3,14,14,3,3,14,3,14,14,14,3,3,3,14,8,8,8,8,14,1,1,5,5,5,3,2,2,2,2,2,2,2,2,2,2,2,2,2,2,2,2,2,2,2,14,14,14,3,1,1,1,1,1,1,1,1,14,3,2,2,2,2,2,2,2,2,2,2,2,2,2
2,2,2,2,2,2,2,2,2,2,2,3,14,14,5,5,5,1,1,1,1,1,1,1,1,1,1,1,5,5,5,5,7,7,4,4,7,7,4,4,4,7,7,7,4,7,7,7,7,7,7,7,7,4,4,5,5,14,3,3,2,2,2,2,2,2,2,2,2,2,2,2,3,5,5,5,5,5,1,1,1,1,1,1,1,1,1,1,1,1,5,5,5,5,14,14,0,0,14,14,14,5,5,5,5,14,14,14,3,3,3,14,3,3,2,2,2,2,2,2,14,14,14,14,5,5,5,1,1,1,1,1,1,1,5,5,5,5,5,5,14,14,14,14,3,0,0,0,14,14,14,14,14,14,2,2,2,2,2,2,2,3,2,2,2,2,2,2,2,2,2,2,2,2,2,2,2,2,2,2,2,2,2,2,2,2,14,14,3,3,3,3,14,3,14,3,3,3,3,8,8,8,14,14,14,1,1,5,5,3,2,2,2,2,2,2,2,2,2,2,2,2,2,2,2,2,2,2,2,3,14,1,14,1,1,1,1,1,1,1,1,14,14,3,3,3,3,3,2,2,2,2,2,2,2,2,2
2,2,2,2,2,2,2,2,2,2,3,14,14,14,5,5,5,1,1,1,1,1,1,1,1,1,1,1,5,5,5,5,5,5,7,7,4,7,7,4,4,4,4,7,4,4,4,4,7,7,7,7,7,7,4,4,5,3,3,3,2,2,2,2,2,2,2,2,2,2,2,2,3,5,5,5,5,5,5,1,1,1,1,1,1,1,1,1,1,1,1,5,5,5,5,14,0,0,14,14,14,3,5,5,14,14,14,3,3,3,3,2,2,2,2,2,2,2,3,14,14,14,5,5,5,1,1,1,1,1,1,1,1,1,1,1,1,1,5,5,5,14,14,14,14,0,0,0,0,0,0,0,0,14,14,3,2,2,2,2,2,2,2,2,2,2,2,2,2,2,2,2,2,2,2,2,2,2,2,2,2,2,2,2,2,2,14,14,14,14,14,3,14,3,14,14,3,8,8,8,8,14,14,5,1,1,1,5,14,2,2,2,2,2,2,2,2,2,2,2,2,2,2,2,2,2,2,2,2,14,14,1,1,1,1,1,1,1,1,1,14,14,14,14,3,14,14,3,3,3,2,2,2,2,2,2,2
2,2,2,2,2,2,2,2,2,2,14,14,14,14,5,5,5,1,1,1,1,1,1,1,1,1,1,1,1,5,5,5,5,5,5,5,7,4,7,7,4,5,5,5,7,4,4,4,4,4,7,7,7,7,4,4,5,5,14,14,3,2,2,2,2,2,2,2,2,2,2,3,3,5,5,5,5,5,5,1,1,1,1,1,1,1,1,1,1,1,1,5,5,5,5,14,0,0,14,14,14,14,14,14,14,14,14,14,3,3,2,2,2,2,2,2,2,2,3,14,14,14,5,1,1,1,1,1,1,1,1,1,1,1,1,1,1,1,1,5,5,5,14,14,14,14,14,0,0,0,0,0,0,0,0,0,15,2,2,2,2,2,2,2,2,2,2,2,2,2,2,2,2,2,2,2,2,2,2,2,2,2,2,2,2,2,14,14,14,14,14,3,3,14,3,3,8,8,8,8,8,14,14,5,1,1,1,5,14,14,2,2,2,2,2,2,2,2,2,2,2,2,2,2,2,2,2,3,3,14,14,1,1,1,1,1,1,1,1,1,14,14,14,14,14,14,14,14,3,3,2,2,2,2,2,2,2
2,2,2,2,2,2,2,2,2,3,14,14,3,5,5,5,5,5,1,1,1,1,1,1,1,1,1,1,1,1,1,5,5,5,5,5,5,7,4,4,4,5,5,5,5,4,7,7,7,4,4,7,7,7,4,4,4,5,14,14,3,2,2,2,2,2,2,2,2,2,2,3,14,14,14,5,5,5,5,5,1,1,1,1,1,1,1,1,1,1,1,5,5,5,5,14,14,0,3,3,3,14,14,14,14,14,14,14,3,3,3,2,2,2,2,2,2,3,14,14,14,14,5,1,1,1,1,1,1,1,1,1,1,1,1,1,1,1,1,1,1,5,5,14,14,14,14,14,3,14,14,14,14,0,0,0,0,2,2,2,2,2,2,2,2,2,2,2,2,2,2,2,2,2,2,2,2,2,2,2,2,2,2,2,2,2,2,14,14,3,3,3,3,3,3,3,8,8,8,3,14,14,14,5,5,5,1,1,5,14,2,2,2,2,2,2,2,2,2,2,2,2,2,2,2,2,2,14,14,3,1,1,1,1,1,1,1,1,1,1,14,14,5,14,14,5,14,14,14,14,3,2,2,2,2,2,2
2,2,2,2,2,2,2,2,2,2,3,14,14,5,5,5,5,5,5,5,1,1,1,1,1,1,1,1,1,1,1,1,1,1,5,5,5,7,7,4,4,5,5,5,5,1,1,5,5,7,7,4,7,7,7,4,4,4,5,14,3,2,2,2,2,2,2,2,2,2,2,2,2,3,3,3,5,5,5,5,5,1,1,1,1,1,1,1,1,1,1,5,5,5,5,14,3,0,0,0,0,3,14,14,14,14,14,3,3,3,3,2,2,2,2,2,14,14,14,14,14,5,5,1,1,1,1,1,1,1,1,1,1,1,1,1,1,1,1,1,1,5,5,5,14,5,14,3,5,14,14,14,3,3,14,14,0,0,2,2,2,2,2,2,2,2,2,2,2,2,2,2,2,2,2,2,2,2,2,2,2,2,2,2,2,2,2,3,14,3,3,3,14,3,3,3,8,8,8,14,14,14,14,5,5,5,5,5,5,14,2,2,2,2,2,2,2,2,2,2,2,2,2,2,2,2,3,14,14,14,1,1,1,1,1,1,1,1,1,1,5,5,5,5,4,5,5,14,14,14,14,2,2,2,2,2,2
2,2,2,2,2,2,2,2,2,2,14,14,14,5,5,5,5,5,5,5,5,5,1,1,1,1,1,1,1,1,1,1,1,1,5,5,5,5,5,5,5,5,5,5,5,1,1,1,5,5,5,7,4,7,7,4,4,5,5,3,2,2,2,2,2,2,2,2,2,2,2,2,2,2,3,3,14,14,5,5,5,5,1,1,5,1,1,1,1,1,1,5,5,5,14,14,3,14,0,0,0,0,0,14,14,3,3,3,14,14,2,2,2,2,2,3,14,14,14,14,5,5,1,1,1,1,1,1,1,1,1,1,1,1,1,1,1,1,1,1,1,1,1,5,5,5,5,5,5,5,5,1,1,1,14,14,14,0,2,2,2,2,2,2,2,2,2,2,2,2,2,2,2,2,2,2,2,2,2,2,2,2,2,2,2,2,2,3,14,14,14,14,3,3,3,14,3,8,8,14,14,14,14,14,5,5,5,5,5,5,3,3,14,14,2,2,2,2,2,2,2,2,2,2,2,2,14,14,14,1,1,1,1,1,1,1,1,1,1,5,5,5,4,4,4,4,5,5,14,14,2,2,2,2,2,2,2
2,2,2,2,2,2,2,2,2,14,14,14,3,5,5,5,5,5,5,5,5,5,5,1,1,1,5,5,5,5,5,1,1,5,5,5,5,5,5,5,5,5,3,14,5,1,1,1,1,5,5,7,4,4,4,4,4,5,14,3,3,2,2,2,2,2,2,2,2,2,2,2,2,2,3,14,14,14,3,5,5,5,5,5,5,5,5,5,1,1,5,5,5,5,14,14,14,14,14,14,15,15,15,2,2,2,2,2,2,2,2,2,2,2,2,3,14,14,14,14,5,1,1,1,1,1,1,1,1,1,1,1,1,1,1,1,1,1,1,1,1,1,1,1,5,5,5,5,5,5,5,1,1,1,1,14,14,14,2,2,2,2,2,3,3,2,2,2,2,2,2,2,2,2,2,2,2,2,2,2,2,2,2,2,2,2,2,2,3,14,14,3,14,14,14,3,8,8,8,14,14,14,14,14,14,5,5,5,5,5,5,3,14,14,2,2,2,2,2,2,2,2,2,2,2,2,14,1,1,1,1,1,1,1,1,1,1,1,1,5,5,5,4,4,4,4,4,5,14,14,2,2,2,2,2,2,2
2,2,2,2,2,2,2,2,3,14,14,3,14,5,5,14,5,5,5,5,5,5,5,5,5,5,5,5,5,5,5,5,5,5,14,14,5,3,14,5,5,3,14,14,5,1,1,1,1,1,5,5,7,7,4,4,5,5,14,14,2,2,2,2,2,2,2,2,2,2,2,2,2,2,2,2,3,14,14,3,14,5,5,14,14,5,5,5,5,5,5,5,5,5,14,14,3,14,2,3,2,2,2,2,2,2,2,2,2,2,2,2,2,2,3,14,14,14,14,5,5,1,1,1,1,1,1,1,1,1,1,1,1,1,1,1,1,1,1,1,1,1,1,1,1,1,1,1,1,1,1,1,1,1,1,1,1,14,14,3,3,3,3,3,3,14,14,3,2,2,2,2,2,2,2,2,2,2,2,2,2,2,2,2,2,2,2,2,14,14,14,14,14,14,14,3,8,8,14,14,14,14,14,14,14,14,14,5,5,5,5,14,14,3,2,2,2,2,2,2,2,2,2,2,2,14,14,1,1,1,1,1,1,1,1,1,1,1,5,5,5,4,4,7,7,4,4,5,5,14,2,2,2,2,2,2,2
2,2,2,2,2,2,2,2,3,14,14,14,14,14,14,14,5,5,5,5,5,5,5,5,5,5,5,5,5,3,3,3,14,14,14,14,14,14,14,14,14,14,14,5,5,5,1,1,1,1,1,5,5,5,5,5,5,5,14,14,2,2,2,2,2,2,2,2,2,2,2,2,2,2,2,2,3,14,14,14,14,14,14,14,14,3,3,3,14,14,3,5,5,14,14,14,2,2,2,2,2,2,2,2,2,2,2,2,2,2,2,2,2,3,3,14,14,14,14,5,5,1,1,1,1,1,1,1,1,1,1,1,1,1,1,1,1,5,1,5,5,5,5,1,1,1,1,1,1,1,1,1,1,1,1,1,1,1,1,1,1,1,1,1,1,1,1,3,3,2,2,2,2,2,2,2,2,2,2,2,2,2,2,2,2,2,2,3,14,14,14,14,14,14,14,8,8,8,14,14,8,3,14,14,14,14,14,3,14,14,14,14,14,3,2,2,2,2,2,2,2,2,2,2,14,14,14,1,1,1,1,1,1,1,1,1,1,1,5,5,5,4,4,7,7,4,4,5,5,5,3,2,2,2,2,2,2
2,2,2,2,2,2,2,2,2,3,14,14,14,14,14,3,3,5,5,5,5,5,5,5,5,5,5,5,3,3,14,3,14,14,3,3,14,14,14,14,14,14,3,3,5,5,5,1,1,1,1,5,5,1,5,5,5,5,14,14,2,2,2,2,2,2,2,2,2,2,2,2,2,2,2,2,3,14,14,14,14,14,3,3,14,14,14,14,14,14,3,5,5,14,14,14,2,2,2,2,2,2,2,2,2,2,2,2,2,2,2,2,3,14,14,14,14,14,14,14,5,5,1,1,1,1,1,1,1,1,1,1,5,5,5,5,5,5,5,9,9,9,5,5,5,5,5,5,1,1,1,1,1,1,1,1,1,1,1,1,1,1,1,1,1,1,1,1,3,3,2,2,3,3,14,14,2,2,2,2,2,2,2,2,2,2,2,14,14,14,14,14,14,14,14,8,8,8,8,8,8,8,8,8,14,14,14,14,14,14,14,14,14,2,2,2,2,2,2,2,2,2,2,2,14,14,14,1,1,1,1,1,1,1,1,1,1,1,5,5,5,4,7,7,7,7,4,4,5,5,14,14,2,2,2,2,2
2,2,2,2,2,2,2,2,2,2,3,14,3,3,14,14,14,14,5,5,5,5,5,5,5,5,5,5,5,14,14,3,3,3,3,2,2,2,3,14,14,14,14,14,14,14,5,1,1,1,1,1,1,1,1,5,5,5,5,3,2,2,2,2,2,2,2,2,2,2,2,2,2,2,2,2,2,14,3,3,3,3,3,3,3,14,14,14,14,14,14,14,14,14,14,2,2,2,2,2,2,2,2,2,2,2,2,2,2,2,2,2,2,14,14,14,14,14,14,14,14,5,5,1,1,1,1,1,1,1,1,1,5,5,5,5,5,9,9,9,4,4,9,9,5,5,5,5,5,5,5,5,5,5,5,1,1,1,1,1,1,1,1,1,1,1,1,1,5,3,3,3,3,14,14,2,2,2,2,2,2,2,2,2,2,2,17,14,14,14,14,14,14,14,14,3,8,8,8,8,8,8,8,8,8,3,3,3,14,14,14,14,2,2,2,2,2,2,2,2,2,2,2,2,3,3,1,1,1,1,1,1,1,1,1,1,5,5,5,5,4,4,7,7,7,7,4,4,5,5,14,14,2,2,2,2,2
2,2,2,2,2,2,2,2,2,2,3,3,3,14,3,3,14,14,5,5,5,5,5,5,5,5,5,5,14,14,14,3,3,3,2,2,2,2,2,2,3,14,14,14,14,14,5,5,1,1,1,1,1,1,1,1,5,5,5,3,3,2,2,2,2,2,2,2,2,2,2,2,2,2,2,2,2,2,2,2,2,3,3,3,3,3,14,14,14,14,14,14,3,2,2,2,2,2,2,2,2,2,2,2,2,2,2,2,2,2,2,2,2,14,14,3,3,14,14,14,14,5,5,1,1,1,1,1,1,1,1,1,5,9,9,9,9,9,4,4,7,7,4,4,9,9,9,5,5,5,5,5,5,5,5,5,1,1,1,1,1,1,1,1,1,1,1,1,1,5,5,5,14,14,14,2,2,2,2,2,2,2,2,2,2,2,2,5,5,1,1,1,1,14,14,14,3,8,8,14,14,14,3,8,8,8,8,8,8,14,14,3,2,2,2,2,2,2,2,2,2,2,2,2,14,3,1,1,1,1,1,1,5,5,1,5,5,5,4,4,4,7,7,7,7,4,4,5,5,5,5,14,2,2,2,2,2
2,2,2,2,2,2,2,2,2,2,3,3,3,3,3,3,3,3,3,5,5,5,5,5,5,5,5,5,14,14,3,3,2,2,2,2,2,2,2,2,3,3,14,14,14,14,5,5,5,1,1,1,1,1,1,1,1,5,5,5,14,14,2,2,2,2,2,2,2,2,2,2,2,2,2,2,2,2,2,2,2,3,3,3,3,2,2,14,14,14,14,3,2,2,2,2,2,2,2,2,2,2,2,2,2,2,2,2,2,2,2,2,2,14,14,3,3,3,3,14,14,5,5,5,1,1,1,1,1,1,1,5,5,9,9,9,9,9,4,7,7,7,7,4,4,4,4,4,4,9,9,9,9,9,5,5,1,1,1,1,1,1,1,1,1,1,1,1,1,5,5,5,14,14,14,3,2,2,2,2,2,2,2,2,2,2,2,5,5,1,1,1,1,1,5,14,3,3,14,14,14,14,14,3,8,8,8,8,8,8,14,14,2,2,2,2,2,2,2,2,2,2,2,2,14,14,1,1,1,1,1,1,5,5,5,5,5,5,4,4,7,7,7,7,4,4,4,5,5,5,5,14,14,2,2,2,2
2,2,2,2,2,2,2,2,2,2,2,3,3,3,3,3,3,14,3,14,5,5,5,5,5,5,3,14,14,3,2,2,2,2,2,2,2,2,2,2,2,2,3,14,14,14,3,5,5,5,1,1,1,1,1,1,1,1,5,5,5,14,14,3,2,2,2,2,2,2,2,2,2,2,2,2,2,2,2,2,2,2,2,2,2,2,2,2,2,14,14,2,2,2,2,2,2,2,2,2,2,2,2,2,2,2,2,2,2,2,2,2,3,14,14,3,3,3,3,14,14,14,14,5,5,1,1,1,1,1,1,5,9,9,9,9,9,4,4,7,7,7,7,7,7,7,7,7,4,4,4,4,9,9,5,5,5,1,1,1,1,1,1,1,1,1,1,1,1,5,5,5,14,14,14,3,2,2,2,2,2,2,2,2,2,2,2,3,3,5,5,5,1,1,1,1,1,5,14,14,14,14,14,14,3,14,14,8,8,8,14,14,3,2,2,2,2,2,2,2,2,2,2,2,14,14,14,1,1,1,5,5,5,5,5,5,5,5,4,4,7,7,7,4,4,4,5,5,5,5,14,14,14,2,2,2,2
2,2,2,2,2,2,2,2,2,2,2,3,3,3,3,3,3,14,14,14,14,14,14,14,14,14,14,14,14,3,2,2,2,2,2,2,2,2,2,2,2,2,3,3,3,14,14,5,5,5,5,1,1,1,1,1,1,1,1,5,5,5,14,3,2,2,2,2,2,2,2,2,2,2,2,2,2,2,2,2,2,2,2,2,2,2,2,2,2,2,2,2,2,2,2,2,2,2,2,2,2,2,2,2,2,2,2,2,2,2,2,2,2,3,3,3,3,3,14,3,14,3,3,3,5,5,1,1,1,1,5,5,9,9,9,9,9,4,7,7,7,7,7,7,7,7,7,7,7,7,7,4,9,9,9,5,5,5,1,1,1,1,1,1,1,1,1,5,5,5,5,5,5,14,14,14,3,3,3,2,2,2,2,2,2,2,2,3,14,14,5,5,1,1,1,1,1,1,5,5,14,14,14,14,14,14,14,3,8,8,8,8,14,2,2,2,2,2,2,2,2,2,2,2,14,14,14,1,1,1,5,5,5,5,5,5,4,4,4,7,7,7,4,4,5,5,5,5,5,5,14,14,3,2,2,2,2
2,2,2,2,2,2,2,2,2,2,3,3,3,3,3,3,3,3,14,14,14,14,14,14,14,14,14,3,3,3,3,2,2,2,2,2,2,2,2,2,2,2,2,14,14,14,14,5,5,5,5,1,1,1,1,1,1,1,1,1,5,5,14,3,2,2,2,2,2,2,2,2,2,2,2,2,2,2,2,2,2,2,2,2,2,2,2,2,2,2,2,2,2,2,2,2,2,3,3,2,2,2,2,2,2,2,2,2,2,2,2,2,2,2,19,2,2,3,14,14,14,3,3,14,5,5,1,1,5,5,5,5,9,9,9,9,9,7,4,4,7,7,4,4,4,4,4,4,4,4,4,4,4,9,9,5,5,5,1,1,1,1,1,1,1,1,5,5,5,5,5,5,5,14,14,3,3,3,3,3,2,2,2,2,2,2,2,2,14,14,5,5,5,5,5,5,1,1,1,1,5,14,14,14,14,14,14,14,8,8,8,8,15,2,2,2,2,2,2,2,2,2,2,2,14,14,3,1,1,1,5,5,5,5,4,4,4,7,7,7,7,7,4,4,5,5,5,5,5,5,5,14,3,2,2,2,2
2,2,2,2,2,2,2,2,2,2,3,3,3,3,3,3,3,14,3,14,14,14,14,14,14,14,3,3,3,3,3,3,2,2,2,2,2,2,2,2,2,2,3,14,14,14,14,5,5,5,5,1,1,1,1,1,1,1,1,1,5,5,14,3,2,2,2,2,2,2,2,2,2,2,2,2,2,2,2,2,2,2,2,2,2,2,2,2,2,2,2,2,2,2,2,2,14,14,14,3,2,2,2,2,2,2,2,2,2,2,2,2,2,2,2,2,2,2,3,14,14,3,3,14,5,5,5,5,5,5,5,5,5,13,9,9,9,9,9,4,4,4,7,7,7,9,7,7,7,7,4,4,4,4,9,5,5,5,1,1,1,1,5,5,5,5,5,5,5,5,5,5,5,14,14,3,3,3,3,3,3,2,2,2,2,2,2,2,14,14,3,3,3,14,5,5,1,1,1,1,1,1,5,14,14,14,14,14,3,3,8,15,15,15,15,2,2,2,2,2,2,2,2,3,14,14,14,14,1,1,5,5,4,4,4,4,4,7,7,7,4,4,4,5,5,1,1,5,5,5,5,2,2,2,2,2,2
2,2,2,2,2,2,2,2,2,2,3,14,3,3,3,3,3,3,8,14,14,14,14,14,14,3,14,14,14,14,14,3,2,2,2,2,2,2,2,2,2,3,14,3,14,14,5,5,5,5,5,1,1,1,1,1,1,1,1,1,5,5,14,2,2,2,2,2,2,2,2,2,2,2,2,2,2,2,2,2,2,2,2,2,2,2,2,2,2,2,2,2,2,2,3,14,14,14,14,14,3,3,2,2,2,2,2,2,2,2,2,2,2,2,2,2,2,2,2,14,3,3,14,14,14,5,5,5,5,5,5,5,5,5,9,9,9,9,9,7,7,9,9,9,9,9,9,9,9,9,9,9,9,4,4,9,5,5,5,5,5,5,5,5,5,5,5,5,5,5,5,5,5,14,14,3,3,3,3,3,3,3,2,2,2,2,2,2,2,2,2,8,2,2,14,5,5,1,1,1,1,1,5,14,14,14,14,3,2,2,2,2,2,2,2,15,15,2,2,2,2,2,2,14,14,14,14,14,14,5,5,5,4,4,7,7,7,7,7,7,4,4,4,5,1,1,1,1,1,5,14,2,2,2,2,2,2
2,2,2,2,2,2,2,2,2,2,2,14,14,3,8,8,8,8,8,8,3,14,14,14,3,3,14,14,14,3,14,3,2,2,2,2,2,2,2,2,2,14,14,3,14,14,14,5,5,5,5,1,1,1,1,1,1,1,1,1,1,5,5,3,2,2,2,3,3,2,2,2,2,2,2,2,2,2,2,2,2,2,2,2,2,2,2,2,2,2,2,2,2,2,14,14,14,1,5,14,14,14,14,3,2,2,2,2,2,2,2,2,2,2,2,2,2,2,2,14,14,3,14,14,14,14,14,5,5,5,5,5,5,5,5,13,9,9,9,9,9,9,9,9,9,9,9,9,9,9,9,9,9,4,4,9,9,5,5,5,5,5,5,5,5,5,5,5,5,5,5,5,14,14,14,3,3,3,3,3,3,3,3,2,2,2,2,2,2,2,2,2,2,2,14,3,5,5,5,1,1,1,5,14,14,14,14,3,2,2,2,2,2,2,2,2,15,15,2,2,2,2,2,3,14,14,14,14,14,5,5,5,5,4,7,7,7,7,7,7,7,4,4,5,1,1,1,1,5,5,14,2,2,2,2,2,2
2,2,2,2,2,2,2,2,2,2,2,14,14,8,8,8,8,8,8,8,8,3,3,14,3,8,14,14,14,14,14,3,2,2,2,2,2,2,2,2,3,14,14,14,14,14,14,5,5,5,1,1,1,1,1,1,1,1,1,1,1,5,5,3,2,2,2,3,3,3,14,14,2,2,2,2,2,2,2,2,2,2,2,2,2,2,2,2,2,2,2,2,2,2,14,3,1,1,1,5,5,14,14,3,2,2,2,2,2,2,2,2,2,2,2,2,2,2,2,3,14,14,14,14,14,14,14,3,5,5,5,5,5,5,5,5,9,9,9,9,13,13,13,13,9,13,9,9,9,9,9,9,9,9,4,4,4,4,9,9,9,5,5,9,9,9,5,5,5,5,5,5,14,14,14,3,3,3,3,3,3,3,3,2,2,2,2,2,2,2,2,2,2,2,2,19,5,5,5,5,5,5,5,14,14,14,14,2,2,2,2,2,2,2,2,2,2,15,2,2,2,2,2,3,3,3,14,3,5,5,5,5,4,4,7,7,7,7,7,7,7,4,4,5,1,1,1,1,5,5,14,2,2,2,2,2,2
2,2,2,5,14,2,2,2,2,2,2,2,8,8,8,3,3,14,14,14,8,8,8,8,8,8,8,14,14,14,2,2,2,2,2,2,2,2,2,2,3,14,14,14,14,3,5,5,5,5,1,1,1,1,1,1,1,1,1,1,1,1,1,5,2,19,3,3,3,14,14,14,2,2,2,2,2,2,2,2,2,2,2,2,2,2,2,2,2,2,2,2,2,2,14,3,1,1,1,1,5,5,14,14,3,2,2,2,2,2,2,2,2,2,2,2,2,2,2,2,2,2,2,3,14,14,14,14,14,14,5,5,5,5,5,5,5,5,13,5,5,5,5,5,5,5,13,9,9,9,9,9,9,9,7,4,4,4,9,9,9,4,4,9,9,9,9,9,5,5,5,5,5,14,14,3,3,3,3,3,3,3,3,2,2,2,2,2,2,2,2,2,2,2,2,3,3,14,5,5,5,5,5,14,14,14,3,2,2,2,2,2,2,2,2,2,2,15,2,2,2,2,2,3,3,3,14,14,5,5,5,5,4,4,7,7,7,7,7,7,7,4,4,5,1,1,1,1,5,3,2,2,2,2,2,2,2
2,2,5,1,1,1,3,2,2,2,2,8,8,8,14,14,14,14,14,14,14,8,8,8,8,8,8,8,14,3,2,2,2,2,2,2,2,2,2,2,14,14,14,14,14,3,5,5,5,1,1,1,1,1,1,1,1,1,1,1,1,1,1,5,5,5,14,3,14,14,14,14,3,2,2,2,2,2,2,2,2,2,2,2,2,2,2,2,2,2,2,2,2,2,5,1,1,1,1,1,1,5,14,3,3,3,2,2,2,2,2,2,2,2,2,2,2,2,2,2,2,2,2,2,2,14,14,14,14,14,14,5,5,5,5,5,5,5,5,5,5,5,5,5,5,5,5,13,9,9,9,9,9,9,9,4,4,7,4,4,4,7,7,4,4,4,4,9,9,5,5,5,5,14,14,3,3,3,3,3,3,3,3,3,3,2,2,2,2,2,2,2,2,2,2,2,14,14,3,5,5,5,14,14,14,14,3,2,2,2,2,2,2,2,2,2,2,15,15,2,2,2,2,3,14,3,14,14,5,5,5,5,4,7,7,7,7,7,7,7,7,4,4,5,1,1,1,5,5,3,3,2,2,2,2,2,2
3,3,5,5,1,1,1,2,2,2,15,15,14,14,14,14,14,14,14,14,14,14,3,3,3,3,8,8,2,2,2,2,2,2,2,2,2,2,2,2,2,3,14,14,14,14,3,5,5,1,1,1,1,1,1,1,1,1,1,1,1,1,1,1,5,5,5,5,14,14,14,14,3,2,2,2,2,2,2,2,2,2,2,2,2,2,2,2,2,2,2,2,2,19,5,1,1,1,1,1,1,1,5,5,14,14,2,2,2,2,2,2,2,2,2,2,2,2,2,2,2,2,2,2,15,15,3,14,14,14,3,5,5,5,5,5,5,5,5,5,5,5,5,5,5,5,5,5,13,13,9,9,9,9,9,9,4,7,7,7,7,7,7,7,7,7,7,4,9,9,5,5,5,14,14,14,3,3,3,3,3,3,3,3,3,3,2,2,2,2,2,2,2,2,2,2,2,2,3,14,14,14,14,14,14,14,3,3,3,2,2,2,2,2,2,2,2,15,15,15,15,3,3,14,14,3,14,5,5,5,5,4,7,7,7,7,7,7,7,7,4,4,4,5,1,1,1,5,5,5,14,3,2,2,2,2,2
14,14,5,5,1,1,1,1,14,5,0,3,14,14,14,14,14,14,14,14,14,14,14,14,3,3,8,8,2,2,2,2,2,2,2,2,2,2,2,2,2,2,14,14,14,14,5,5,5,1,1,1,1,1,1,1,1,1,1,1,1,1,1,1,1,5,5,5,5,14,14,14,2,2,2,2,2,2,2,2,2,2,2,2,2,2,2,2,2,2,2,2,2,3,5,1,1,1,1,1,1,1,1,1,5,14,14,2,2,2,2,2,2,2,2,2,2,2,3,14,14,3,3,3,15,0,0,14,14,14,14,5,5,5,5,5,5,5,5,5,5,5,14,3,3,14,5,5,5,5,9,9,9,9,9,9,7,4,4,4,7,7,7,7,7,7,7,7,4,4,9,5,5,5,14,3,14,14,3,3,3,3,3,3,3,3,2,2,2,2,2,2,2,2,2,2,2,2,2,3,14,14,14,14,14,14,3,3,3,2,2,2,2,2,2,2,2,15,15,15,15,3,14,14,14,5,5,5,5,5,4,4,7,7,7,7,7,4,4,4,4,4,5,5,1,1,1,1,5,5,14,14,2,2,2,2,2
3,5,5,5,1,1,1,1,1,1,5,5,14,14,14,14,5,14,14,14,5,5,5,5,14,8,8,2,2,2,2,2,2,2,2,2,2,2,2,2,2,2,3,14,14,14,5,5,5,1,1,1,5,5,5,1,1,1,5,5,1,5,5,5,5,5,5,5,14,3,14,3,2,2,2,2,2,2,2,2,2,2,2,2,2,2,2,2,2,2,2,2,2,3,5,5,1,1,1,1,13,13,1,1,1,14,14,2,2,2,2,2,2,2,2,2,2,2,3,14,14,3,3,14,3,0,0,14,14,14,14,5,5,5,5,5,5,5,5,5,14,14,14,3,14,14,14,5,5,5,9,9,9,9,9,9,9,7,7,4,4,4,4,7,7,7,4,7,4,4,9,9,5,5,5,5,5,14,3,3,3,3,3,3,3,3,2,2,2,2,2,2,2,2,2,2,2,2,2,2,3,14,14,14,14,14,3,3,14,3,2,2,2,2,2,2,3,3,3,0,0,0,14,14,5,5,5,5,4,4,7,7,7,7,7,7,4,4,4,4,4,5,1,1,1,1,1,1,5,5,14,14,14,3,3,2,2
3,5,5,1,1,1,1,1,1,1,1,5,5,5,5,5,5,5,5,5,5,5,5,5,14,8,8,2,2,2,2,2,2,2,2,2,2,2,2,2,2,2,2,14,14,14,5,5,1,1,5,5,5,5,5,5,5,5,5,5,5,5,5,5,5,5,5,14,14,3,2,2,2,2,2,2,2,2,2,2,2,2,2,2,2,2,2,2,2,2,2,2,14,14,14,1,1,1,1,13,13,13,13,1,1,14,14,2,2,2,2,2,2,2,2,2,2,2,2,14,14,3,3,3,14,3,0,0,14,14,5,5,5,5,5,5,5,5,5,5,14,14,14,14,14,3,3,5,5,5,5,9,9,9,9,9,9,9,9,9,7,7,7,4,4,4,7,4,4,4,9,9,5,5,5,5,5,14,14,3,3,3,3,3,3,3,3,2,2,2,2,2,2,2,2,2,2,2,2,2,3,14,14,14,14,3,3,2,2,2,2,2,2,2,2,14,14,3,14,3,0,0,14,14,5,5,5,5,4,7,7,7,7,7,7,4,4,7,5,5,5,5,1,1,1,1,1,1,5,5,14,14,14,3,3,3,2
3,5,5,5,1,1,1,1,1,1,1,1,1,5,5,5,5,5,5,5,5,5,5,5,14,3,8,8,8,2,2,2,2,2,2,2,2,2,2,2,2,2,2,14,14,14,5,5,5,5,5,14,5,5,5,5,5,5,5,5,3,14,14,5,5,5,5,14,14,2,2,2,2,2,2,2,2,2,2,2,2,2,2,2,2,2,2,2,2,2,3,14,14,14,14,5,1,1,13,13,13,13,13,1,1,5,14,2,2,2,2,2,2,2,2,2,2,2,2,3,3,14,14,14,14,14,0,0,0,14,14,5,5,5,5,5,5,5,5,5,14,14,14,14,14,3,3,3,3,5,5,13,9,9,9,9,9,9,9,9,9,9,9,7,7,9,9,9,9,9,9,9,5,5,5,5,5,14,14,3,3,3,3,3,3,3,3,2,2,2,2,2,2,2,2,2,2,2,2,2,2,3,3,14,14,3,2,2,2,2,2,2,2,2,3,14,14,14,3,0,0,0,14,14,5,5,5,5,4,7,7,7,7,4,4,4,4,5,5,5,1,1,1,1,1,1,1,1,5,5,14,14,14,3,3,3,3
3,5,5,5,1,1,1,1,1,1,1,1,1,1,1,1,5,5,5,5,5,5,5,5,5,14,14,8,8,8,8,2,2,2,2,2,2,2,2,2,2,2,14,14,14,5,5,5,14,14,14,14,14,14,14,5,5,5,14,14,14,14,14,14,14,14,14,14,14,2,2,2,2,2,2,2,2,2,2,2,2,2,2,2,2,2,2,2,2,2,3,14,14,14,5,5,1,1,13,13,13,13,13,13,1,1,14,2,2,2,2,2,2,2,2,2,2,2,3,14,14,3,3,3,3,3,3,0,0,14,5,5,5,5,5,5,5,5,5,5,14,14,3,3,3,3,3,14,14,14,5,5,5,9,9,9,9,9,9,9,9,9,9,9,9,9,9,9,9,9,9,5,5,5,5,5,14,14,14,3,3,3,3,3,3,14,3,2,2,2,2,2,2,2,2,2,2,2,2,2,2,2,2,2,2,2,2,2,2,2,2,2,2,2,3,14,3,3,0,0,0,14,14,5,5,5,5,5,4,7,7,7,7,4,4,7,5,1,1,1,1,1,1,1,1,1,1,5,5,5,14,14,14,3,3,3,3
14,5,5,5,1,1,1,1,1,1,1,1,1,1,1,1,5,5,5,5,5,5,5,5,5,14,14,3,3,8,8,2,2,2,2,2,2,2,2,2,2,2,14,14,14,14,3,14,14,14,14,14,14,14,3,14,14,14,3,14,14,14,14,14,14,14,14,14,3,2,2,2,2,2,2,2,3,3,2,2,2,2,2,2,2,2,2,2,2,2,3,14,14,14,5,1,1,1,13,13,13,13,13,13,1,5,14,3,2,2,2,2,2,2,2,2,3,3,14,14,14,3,3,3,3,14,14,0,0,3,3,5,5,5,5,5,5,5,5,5,14,14,14,3,3,3,3,3,14,14,14,5,5,5,9,9,9,9,9,9,9,9,9,9,9,9,9,9,13,13,5,5,5,5,5,14,14,14,3,3,3,3,3,3,3,3,2,2,2,2,2,2,2,2,2,2,2,2,2,2,2,2,2,2,2,2,2,2,2,2,2,2,2,2,14,14,3,0,0,0,3,14,14,5,5,5,5,4,7,7,7,7,4,4,4,5,1,1,1,1,1,1,1,1,1,1,5,5,5,5,14,14,14,14,3,3,3
14,5,5,5,5,5,1,5,1,1,1,1,1,1,1,1,1,1,1,1,1,5,5,5,14,14,14,14,14,14,8,8,2,2,2,2,2,2,2,2,2,2,14,14,14,14,14,3,14,14,14,3,3,3,3,3,3,3,3,3,14,14,14,3,14,14,14,14,3,2,2,2,2,2,2,2,14,14,14,3,3,2,2,2,2,2,2,2,2,2,14,14,14,14,5,1,1,1,13,13,13,13,13,13,1,1,5,3,2,2,14,3,2,2,3,14,14,14,14,14,3,3,3,3,3,3,14,3,0,0,0,14,5,5,5,5,5,5,5,14,14,14,3,3,3,3,3,14,3,14,14,5,5,9,9,9,9,9,9,9,9,9,9,9,9,9,9,5,5,5,5,5,5,5,5,14,14,14,3,3,3,3,3,14,14,3,2,2,2,2,2,2,2,2,2,2,2,2,2,2,2,2,2,2,2,2,2,2,2,2,2,2,2,2,2,14,0,0,0,14,14,14,14,5,5,5,5,4,7,7,7,4,4,4,1,1,1,1,1,1,1,1,1,1,1,1,5,5,5,5,14,14,14,14,3,3,3
3,14,5,5,5,5,5,5,5,1,1,1,1,1,1,1,1,1,1,1,1,1,5,5,5,5,14,14,14,14,8,8,2,2,2,2,2,2,2,2,2,2,14,14,14,3,3,14,14,14,14,14,3,3,14,14,14,14,14,3,3,3,14,14,3,3,3,3,3,14,14,14,3,17,3,3,14,14,14,3,3,2,2,2,2,2,2,2,2,14,14,14,14,5,5,5,1,1,13,13,13,13,13,1,1,1,1,5,3,3,14,14,3,3,3,14,14,14,14,3,3,3,3,3,14,14,14,14,0,0,0,0,0,3,14,14,5,14,14,14,14,14,3,3,3,3,14,14,14,3,14,14,5,9,9,9,9,9,9,9,9,9,9,9,9,9,9,5,5,5,5,14,14,14,14,14,14,14,3,3,3,3,3,14,14,3,2,2,2,2,2,2,2,2,2,2,2,2,2,2,2,2,2,2,2,2,2,2,2,2,2,2,2,2,14,0,0,0,14,14,14,14,14,5,5,5,5,4,7,7,7,4,4,1,1,1,1,1,1,1,1,1,1,1,1,5,5,5,5,14,14,14,3,3,3,14,3
3,14,14,3,5,5,5,5,5,1,1,1,1,1,1,1,1,1,1,1,1,1,1,5,5,5,5,5,14,14,14,8,8,2,2,2,2,2,2,2,2,3,14,14,14,14,14,14,14,14,14,14,14,3,3,14,14,14,14,3,3,14,14,14,14,3,3,3,14,14,14,14,14,14,14,14,14,14,14,3,3,3,2,2,2,2,3,2,3,14,14,14,3,5,5,5,5,1,1,13,13,13,13,1,1,1,1,5,5,5,5,5,5,5,5,14,14,14,14,3,3,14,14,3,3,14,14,14,14,14,14,0,0,14,14,14,14,14,14,14,3,14,3,3,3,3,3,3,14,14,14,14,5,5,9,9,9,9,9,9,9,9,9,9,9,9,5,5,5,5,14,14,3,14,14,14,14,14,14,3,3,3,3,3,3,3,2,2,2,2,2,2,2,2,2,2,2,2,2,2,2,2,2,2,2,2,2,2,2,2,2,2,2,14,14,0,0,14,14,14,14,14,5,5,5,5,5,4,4,7,4,4,5,1,1,1,1,1,1,1,1,1,1,1,5,5,5,5,14,14,14,14,3,3,3,3,3
14,14,14,3,3,5,5,5,5,5,1,1,1,1,1,1,1,1,1,1,1,1,1,1,1,1,5,5,5,14,14,14,8,8,8,8,2,2,2,2,2,2,14,14,14,14,14,14,14,14,14,14,14,14,14,3,3,14,5,5,5,5,14,14,14,14,14,14,14,14,3,3,14,14,14,14,14,14,14,14,14,14,14,2,2,3,3,14,14,14,14,14,3,3,5,5,5,1,1,1,1,13,1,1,1,1,1,1,1,1,1,1,1,1,1,5,14,14,14,14,14,14,3,14,14,14,14,14,14,14,3,0,0,14,14,14,3,14,14,14,3,3,14,14,14,14,14,14,14,14,14,5,5,9,9,9,9,9,9,9,9,9,9,9,9,9,5,5,5,14,14,14,3,14,14,14,3,14,3,3,3,3,3,2,2,2,2,2,2,2,2,2,2,2,2,2,2,2,2,2,2,2,2,2,2,2,3,14,3,2,3,3,14,14,14,14,0,0,14,14,14,5,5,5,5,5,5,7,7,4,4,4,5,1,1,1,1,1,1,1,1,1,1,5,5,5,5,14,14,14,14,3,14,14,14,3,3
14,14,14,14,14,14,14,5,5,5,1,1,1,1,1,1,1,1,1,1,1,1,1,1,1,1,1,5,5,5,14,14,3,8,8,14,14,3,2,2,2,2,14,14,14,14,14,14,14,5,14,14,14,14,14,14,5,5,5,5,5,5,5,14,14,14,14,14,14,14,14,5,5,5,14,14,14,3,3,14,14,14,14,3,3,14,14,14,14,14,14,14,14,5,5,5,5,1,1,1,1,1,1,1,1,1,1,1,1,1,1,1,1,1,1,1,5,14,14,14,3,14,14,14,14,14,14,14,14,14,3,0,0,14,14,14,5,5,3,3,14,14,3,14,3,3,3,14,14,14,14,5,5,9,9,9,9,9,9,9,9,9,9,9,9,9,9,5,5,5,14,14,3,3,3,14,14,14,14,14,3,3,3,2,2,2,2,2,2,2,2,2,2,2,2,2,2,2,2,2,3,3,3,2,2,2,2,14,14,14,3,14,14,14,14,14,0,0,14,14,5,5,5,5,5,1,5,5,5,5,7,5,5,1,1,1,1,1,1,5,5,1,5,5,5,14,14,14,3,3,3,14,3,3,14,3,3
14,14,14,14,14,14,14,5,5,5,1,1,1,1,1,1,1,1,1,1,1,1,1,1,1,1,1,1,5,5,5,14,14,3,3,14,14,3,2,2,2,3,14,14,14,14,14,14,5,5,5,5,14,14,14,14,5,5,5,5,5,5,5,5,14,14,14,5,14,14,14,5,5,5,5,5,5,5,5,14,14,14,14,3,14,14,14,14,14,14,14,5,5,5,5,1,1,1,1,1,1,1,1,1,1,1,1,1,1,1,1,1,1,1,1,1,1,5,5,3,3,14,14,14,14,14,14,14,14,14,3,0,0,14,14,14,5,5,5,5,14,14,14,14,14,3,14,14,14,14,5,5,9,9,9,9,9,9,9,9,9,9,9,9,9,9,9,5,5,5,14,14,14,3,3,3,3,3,14,14,3,2,2,2,2,2,2,2,2,2,2,2,2,2,2,2,2,2,2,3,3,14,3,3,2,2,2,2,14,14,3,5,5,14,14,14,0,0,0,14,14,5,5,5,1,1,1,1,5,5,5,5,1,1,1,1,1,5,5,5,5,5,5,5,5,14,14,14,3,3,3,14,3,3,3,3,3
14,14,14,14,14,3,3,5,5,5,5,1,1,1,1,1,1,1,1,1,1,1,1,1,1,1,1,1,5,5,5,5,14,14,3,3,14,3,2,2,2,2,14,14,5,5,5,5,5,5,5,5,5,5,14,5,5,5,5,5,5,5,5,5,5,5,5,5,5,5,5,5,5,5,5,5,5,5,5,5,5,14,14,14,14,14,14,14,14,14,5,5,5,5,5,1,1,1,1,1,1,1,1,1,1,1,1,1,1,1,1,1,1,1,1,1,1,1,5,5,5,5,14,14,14,14,14,14,14,14,14,0,0,14,14,14,5,1,5,5,3,14,3,3,3,3,3,3,14,5,5,9,9,9,9,9,9,9,9,9,9,9,9,9,9,9,9,5,5,5,14,14,14,14,3,3,2,2,2,3,2,2,2,2,2,2,2,2,2,2,2,2,2,2,2,2,2,3,3,14,14,3,14,14,3,2,2,2,2,3,5,5,5,5,14,14,3,0,0,0,14,5,5,5,1,1,1,1,5,5,1,1,1,1,1,5,5,5,5,5,5,5,5,5,14,14,14,14,3,3,3,3,3,3,3,2,2
14,14,14,14,14,3,3,5,5,5,5,5,1,1,1,1,1,1,1,1,1,1,1,1,1,1,1,1,1,5,5,5,14,14,14,3,3,3,2,2,2,15,14,14,5,5,1,1,1,1,1,5,5,5,5,5,5,5,5,5,5,9,9,9,9,5,5,5,5,5,5,5,5,1,1,5,5,5,5,5,5,5,14,14,14,14,14,14,5,5,5,5,5,5,1,1,1,1,1,1,1,1,1,1,1,1,1,1,1,1,1,1,1,1,1,1,1,1,1,1,5,5,5,14,14,14,14,14,3,0,0,0,0,14,14,5,1,1,1,5,14,14,3,14,3,3,3,5,5,5,5,9,9,9,9,9,9,9,9,9,9,9,9,9,9,9,9,9,5,5,14,14,14,3,3,2,2,2,2,2,2,2,2,2,2,2,2,2,2,2,2,2,2,2,2,3,14,14,3,3,5,5,5,14,14,14,3,2,2,19,5,1,1,1,5,5,5,0,0,0,14,5,5,5,1,1,1,1,1,1,1,1,1,1,5,5,5,5,5,5,3,5,3,14,14,14,14,3,3,3,3,3,3,3,3,2,2
3,14,14,14,14,14,14,14,5,5,5,5,1,1,1,1,1,1,1,1,1,1,1,1,1,1,5,5,5,5,5,14,14,14,3,3,14,14,3,15,15,15,14,14,5,1,1,1,1,1,1,1,1,1,5,5,1,5,5,9,9,9,9,9,9,9,9,9,5,5,5,1,1,1,1,1,1,5,5,5,5,14,14,14,14,14,14,14,5,5,5,5,5,5,1,1,1,1,1,1,1,1,1,1,1,1,1,1,1,1,1,1,1,1,1,1,1,1,1,5,5,5,14,14,14,14,14,3,0,0,0,0,3,14,14,5,1,1,1,5,14,14,14,14,14,14,5,5,5,5,9,9,9,9,9,13,13,9,9,9,9,9,9,9,9,9,9,9,5,5,14,14,14,2,2,2,2,2,2,2,2,2,2,2,2,2,2,2,2,2,2,2,2,2,2,14,14,14,5,5,5,5,5,5,5,5,14,14,5,5,1,1,1,1,5,5,5,5,0,0,14,5,5,5,5,1,1,1,1,1,1,1,1,5,5,14,14,14,5,14,3,3,3,14,14,14,3,14,3,3,3,3,3,2,2,2,2
3,14,14,14,3,3,3,14,14,14,5,5,1,1,1,1,1,1,1,1,1,1,1,1,1,1,5,5,5,5,5,14,14,14,14,14,14,14,3,0,0,0,14,5,5,1,1,1,1,1,1,1,1,1,5,5,1,9,9,9,9,9,9,9,9,9,9,9,5,5,5,1,1,1,1,1,1,1,5,5,5,14,14,14,14,14,5,5,5,5,5,5,5,1,1,1,1,1,1,1,1,1,1,1,1,1,1,1,1,1,1,1,1,1,1,1,1,1,5,5,5,14,14,14,14,14,14,14,0,0,14,3,14,14,5,5,1,1,1,5,14,14,14,14,14,14,5,5,5,5,9,9,9,9,9,13,13,13,9,9,9,9,9,9,9,9,9,9,5,5,14,14,14,2,2,2,2,2,2,2,2,2,2,2,2,2,2,2,2,2,2,2,2,2,14,14,14,5,5,5,5,5,5,5,5,5,5,5,5,1,1,1,1,1,1,1,5,5,0,0,3,3,5,5,5,5,5,5,5,5,1,1,5,5,14,14,14,14,14,14,14,3,3,14,14,14,3,14,3,3,3,3,3,2,2,2,2
3,14,3,3,14,3,3,3,14,14,5,5,5,5,5,1,1,1,1,1,1,1,1,1,1,5,5,5,5,5,14,14,14,3,14,14,14,14,3,0,0,14,14,14,5,5,1,1,1,1,1,1,1,1,5,5,1,1,9,9,9,9,9,9,9,9,9,9,5,5,5,1,1,1,1,1,1,1,1,5,5,5,5,5,5,5,5,1,1,1,1,1,1,1,1,1,1,1,1,1,1,1,1,1,1,1,1,1,1,1,1,1,1,1,1,1,1,5,5,5,14,14,14,14,14,14,15,0,0,0,14,14,14,5,5,1,1,1,1,5,5,5,14,14,14,14,5,5,5,9,9,9,9,9,13,13,13,13,13,13,9,9,9,9,9,9,9,5,5,5,14,14,3,2,2,2,2,2,2,2,2,2,2,2,2,2,2,2,2,2,2,2,2,3,14,14,14,5,5,5,5,1,5,5,5,5,5,5,1,1,1,1,1,1,1,1,1,5,5,0,0,14,14,5,5,5,5,5,5,5,5,5,5,5,14,14,14,3,3,3,3,3,14,14,14,14,3,3,2,2,3,14,2,2,2,2,2
3,3,3,3,3,3,3,3,14,14,14,3,5,5,5,5,1,1,1,5,5,5,5,5,5,5,5,5,5,14,14,14,3,2,2,3,5,3,14,0,0,0,14,14,5,5,1,1,1,1,1,1,1,1,1,5,5,1,9,9,9,9,9,9,9,9,9,5,5,1,1,1,1,1,1,1,1,1,1,5,5,5,5,5,5,1,1,1,1,1,1,1,1,1,1,1,1,1,1,1,1,5,1,5,1,5,5,1,1,1,1,1,1,1,1,1,1,5,3,3,14,14,14,3,3,2,2,15,15,14,14,14,14,14,5,1,1,1,1,1,5,5,5,14,14,5,5,5,9,9,9,9,9,13,13,13,13,13,13,13,9,9,9,9,9,9,9,5,5,5,5,14,2,2,2,2,2,2,2,2,2,2,2,2,2,3,3,3,3,3,3,3,14,14,3,5,5,5,5,1,1,1,1,1,1,5,1,1,1,1,1,1,1,1,1,1,1,5,5,0,0,14,14,5,5,5,5,5,5,5,5,5,5,14,14,14,14,14,3,3,3,14,14,14,14,2,2,2,2,2,2,2,2,2,2,2,2
14,14,14,3,3,3,3,3,3,14,14,14,5,5,5,5,5,5,5,5,5,5,5,5,5,5,5,5,5,14,14,2,2,2,2,2,2,5,3,3,0,0,14,14,5,5,1,1,1,1,1,1,1,1,1,1,5,5,9,9,9,9,9,9,9,5,5,5,5,1,1,1,1,1,1,1,1,1,1,1,1,1,1,1,1,1,1,1,1,1,1,1,1,1,1,1,1,1,1,1,5,5,5,5,5,5,5,1,1,1,1,1,1,1,1,5,5,2,2,2,2,3,3,2,2,2,2,2,2,3,14,14,14,14,5,1,1,1,1,1,1,1,5,5,5,5,5,5,9,9,9,9,13,13,13,13,13,13,13,13,13,9,9,9,9,9,9,9,5,5,5,14,15,2,2,2,2,2,2,2,2,2,2,2,2,14,14,14,14,14,3,14,14,14,5,5,5,5,1,1,1,1,1,1,1,1,1,1,1,1,1,1,1,1,1,1,1,5,5,3,0,0,14,5,5,5,5,5,5,5,5,5,14,14,14,14,14,14,14,14,3,14,14,14,2,2,2,2,2,2,2,2,2,2,2,2,2
2,2,2,3,3,3,2,2,2,14,14,14,5,5,5,5,5,5,5,1,1,1,5,5,5,5,5,5,5,5,14,2,2,2,2,2,2,5,5,14,0,0,0,3,3,5,5,1,1,1,1,1,1,1,1,1,5,9,9,9,9,9,9,9,9,5,5,5,1,1,1,1,1,1,1,1,1,1,1,1,1,1,1,1,1,1,1,1,1,1,1,1,1,1,1,1,1,1,5,5,5,5,5,5,5,5,5,1,1,1,1,1,1,1,5,5,2,2,2,2,2,2,2,2,2,2,2,2,2,3,14,14,14,14,5,5,1,1,1,1,1,1,1,5,5,5,5,5,9,9,9,9,9,13,13,13,13,13,13,13,13,9,9,9,9,9,9,9,5,5,5,14,14,2,2,2,2,2,2,2,2,2,2,2,2,14,14,14,14,14,5,3,14,5,5,5,5,1,1,1,1,1,1,1,1,1,1,1,1,1,1,1,1,1,1,1,1,5,5,3,0,0,14,14,14,14,5,5,5,14,14,14,14,14,14,14,14,14,3,3,2,14,14,14,14,2,2,2,2,2,2,2,2,2,2,2,2
2,2,2,2,2,2,2,2,2,14,14,14,5,5,5,1,1,1,1,1,1,1,5,5,5,5,5,5,5,5,14,2,2,2,2,2,2,5,5,14,14,0,0,0,3,3,5,1,1,1,1,1,1,1,5,5,5,9,4,4,9,9,9,9,9,5,5,5,1,1,1,1,1,1,1,1,1,1,1,1,1,1,1,1,1,1,1,1,1,1,1,1,1,1,1,1,1,1,5,5,0,0,0,0,0,0,5,1,1,1,1,1,1,5,5,2,2,2,2,2,2,2,2,2,2,2,2,2,2,2,3,3,3,3,5,5,5,5,1,1,1,1,1,1,1,5,5,5,13,9,9,9,9,13,13,13,13,13,13,13,9,9,9,9,9,9,9,5,5,5,5,14,14,2,2,2,2,2,2,2,2,2,2,2,3,14,14,5,5,5,5,5,5,5,5,5,1,1,1,1,1,1,1,1,1,1,1,1,1,5,5,5,1,1,5,5,5,5,5,3,0,0,14,14,14,14,14,14,14,14,14,14,14,14,3,3,3,3,3,2,2,2,2,14,14,2,2,2,2,2,2,2,2,2,2,2,2
2,2,2,2,2,2,2,2,2,14,14,3,5,5,5,1,1,1,1,1,1,1,1,1,5,5,5,5,5,5,14,3,2,2,2,2,2,2,5,5,14,0,0,0,14,14,5,1,1,1,1,1,1,5,5,5,9,9,7,7,4,9,9,9,9,5,5,1,1,1,1,1,1,1,1,1,1,1,1,1,1,1,1,1,1,1,1,1,1,1,1,1,1,1,1,1,1,5,5,0,0,0,0,0,0,0,5,5,1,1,1,1,5,5,2,2,2,2,2,2,2,2,2,2,2,2,2,2,2,2,2,2,3,3,14,14,5,5,5,1,1,1,1,1,1,5,5,5,5,5,5,9,9,9,13,13,13,13,13,13,9,9,9,9,9,9,5,5,5,5,14,14,14,2,2,2,2,2,2,2,2,2,2,2,2,14,14,5,5,1,1,1,5,5,5,1,1,1,1,1,1,1,1,1,1,1,1,5,5,5,5,0,0,0,5,5,0,0,14,14,0,0,14,14,14,14,14,14,3,3,14,14,14,3,3,3,3,2,2,2,2,2,2,2,2,2,2,2,2,2,2,2,2,2,2,2,2
2,2,2,2,2,2,2,2,2,14,14,5,5,5,1,1,1,1,1,1,1,1,1,1,1,5,5,5,5,3,14,2,2,2,2,2,2,2,5,5,5,3,0,0,14,14,14,5,5,1,1,1,1,5,5,9,4,4,7,7,4,9,9,9,9,5,5,1,1,1,1,1,1,1,1,1,1,1,1,1,1,1,1,1,1,1,1,1,1,1,1,1,1,1,1,1,5,5,5,0,0,0,5,0,0,0,0,5,5,1,1,1,5,14,2,2,2,2,2,2,2,2,2,2,2,2,2,2,2,2,2,2,2,2,14,14,14,5,5,1,1,1,1,1,1,1,1,1,5,5,5,9,9,9,9,13,13,13,13,13,9,9,9,9,9,5,5,5,5,5,14,14,2,2,2,2,2,2,2,2,2,2,2,2,2,14,14,3,5,5,1,1,1,1,1,1,1,1,1,1,1,5,5,5,5,5,5,5,5,5,0,0,0,0,0,0,0,0,0,0,0,14,14,14,14,14,14,3,3,3,14,14,14,3,3,2,2,2,2,2,2,2,2,2,2,2,2,2,2,2,2,2,2,2,2,2,2
2,2,2,2,2,2,2,2,2,14,14,5,5,5,1,1,1,1,1,1,1,1,1,1,1,5,5,5,5,14,14,3,2,2,2,2,2,2,5,5,5,14,14,0,0,0,14,5,5,1,1,1,1,5,5,9,4,7,7,7,7,4,9,9,9,5,5,1,1,1,1,1,1,1,1,1,1,1,1,1,1,1,1,1,1,1,1,1,1,1,1,1,1,5,5,5,5,5,5,0,0,5,5,5,5,0,0,5,5,1,5,5,5,14,2,2,2,2,2,2,2,2,2,2,2,2,2,2,2,2,2,2,2,2,2,14,14,5,5,1,1,1,1,1,1,1,1,1,1,5,5,5,13,9,9,9,9,13,9,9,9,9,9,9,9,5,5,5,5,5,14,14,3,2,2,2,2,2,2,2,2,2,2,2,2,14,14,14,14,5,5,1,1,1,1,1,1,1,1,1,1,5,5,5,5,5,5,5,5,0,0,0,5,5,0,0,5,5,0,0,14,14,14,14,14,3,14,3,3,14,3,3,14,14,3,2,2,2,2,2,2,2,2,2,2,2,2,2,2,2,2,2,2,2,2,2,2
2,2,2,2,2,2,2,2,2,14,14,5,5,5,1,1,1,1,1,1,1,1,1,1,1,5,5,5,5,14,14,3,2,2,2,2,2,2,14,5,5,5,5,0,0,0,14,3,5,1,1,1,5,5,5,9,4,7,7,7,4,4,9,9,9,5,5,1,1,1,1,1,1,1,1,1,1,1,1,1,1,1,1,1,1,1,1,1,1,1,1,1,5,5,5,0,0,0,0,0,0,5,5,5,5,0,0,0,5,5,5,5,3,3,15,15,2,15,2,2,2,2,2,2,2,2,2,2,2,2,2,2,2,2,2,3,14,14,5,5,1,1,1,1,1,1,1,1,1,1,5,5,5,9,9,9,9,9,9,9,9,9,9,9,5,5,5,5,5,5,3,3,3,2,2,2,2,2,2,2,2,2,2,2,2,14,14,14,14,5,5,1,1,1,1,1,1,5,5,5,5,5,5,5,5,5,5,5,0,0,0,1,1,1,1,1,1,1,5,14,14,14,14,14,14,3,3,14,14,14,3,14,14,14,2,2,2,2,2,2,2,2,2,2,2,2,2,2,2,2,2,2,2,2,2,2,2
2,2,2,2,2,2,2,2,2,14,3,14,5,5,5,1,1,1,1,1,1,1,5,5,5,5,5,5,5,14,14,3,2,2,2,2,2,2,2,14,5,5,5,3,0,0,14,5,5,1,1,1,5,9,9,4,7,7,7,7,4,9,9,9,9,5,5,5,1,1,1,1,1,1,1,1,1,1,1,1,1,1,1,1,1,5,5,1,5,5,5,5,5,5,0,0,0,0,0,0,5,5,5,5,5,5,0,0,0,5,14,14,14,14,0,0,0,0,15,2,2,2,3,2,2,2,2,2,2,2,2,2,2,2,2,2,14,14,3,5,5,1,1,1,1,1,1,1,1,1,1,5,5,5,9,9,9,9,9,9,9,9,9,9,5,5,5,5,5,5,14,14,3,3,3,3,3,2,2,2,2,2,2,2,2,2,3,14,3,3,5,1,1,5,5,5,5,5,5,5,5,5,14,14,3,14,5,5,0,0,1,1,1,1,1,1,1,1,1,5,14,14,14,14,14,3,3,14,14,14,14,2,2,2,2,2,2,2,2,2,2,2,2,2,2,2,2,2,2,2,2,2,2,2,2,2,2
2,2,2,2,2,2,2,2,2,2,14,14,5,5,5,5,1,1,1,5,1,5,5,5,5,5,5,5,5,14,14,14,2,2,2,2,2,2,2,2,5,5,14,14,0,0,3,5,1,1,5,5,5,9,4,7,7,7,7,7,4,9,9,9,9,9,5,5,5,1,1,1,1,1,1,1,1,1,1,1,1,1,1,1,1,5,5,5,5,5,5,5,0,0,0,0,5,5,5,5,5,5,5,5,5,5,0,0,0,8,3,8,8,14,0,0,0,0,14,14,2,14,14,14,3,3,2,2,2,2,2,2,2,2,2,2,14,14,14,14,5,1,1,1,1,1,1,1,1,1,1,5,5,5,13,9,9,9,9,9,9,9,9,9,9,5,5,5,5,5,14,14,14,14,14,14,14,14,14,2,2,2,2,2,2,2,2,3,3,3,5,5,5,5,5,5,3,14,14,14,14,14,14,14,14,14,14,14,0,0,1,1,1,1,1,1,1,1,1,1,5,5,5,3,3,14,14,14,3,2,2,2,2,2,2,2,2,2,2,2,2,2,2,2,2,2,2,2,2,2,2,2,2,2,2,2,2
2,2,2,2,2,2,2,2,2,2,14,14,5,5,5,5,5,5,5,5,5,5,5,5,5,3,3,5,14,14,14,14,2,2,2,2,2,2,2,2,14,14,14,14,0,0,14,5,1,5,5,5,9,4,7,7,7,7,7,4,4,9,9,9,9,9,5,5,5,1,1,1,1,1,1,1,1,1,1,1,1,1,1,1,1,5,5,5,5,5,6,0,0,0,0,5,5,5,5,5,1,5,1,1,1,5,5,5,8,8,8,8,0,0,0,8,0,14,14,14,14,14,14,14,14,14,14,2,2,2,2,2,2,2,2,2,3,14,14,14,5,5,1,1,1,1,1,1,1,1,1,1,5,5,5,9,9,9,9,9,9,9,9,9,9,9,5,5,5,5,5,5,14,3,14,14,14,14,3,14,14,2,2,2,2,2,2,3,14,14,14,14,14,14,14,14,14,14,14,14,14,14,14,14,14,14,14,3,8,12,5,1,1,1,1,1,1,1,1,1,5,5,5,5,14,14,14,14,3,2,2,2,2,2,2,2,2,2,2,2,2,2,2,2,2,2,2,2,2,2,2,2,2,2,2,2,2
2,2,2,2,2,2,2,2,2,2,2,15,3,5,5,5,5,5,5,5,5,5,5,5,14,3,14,14,14,14,14,3,2,2,2,2,2,2,2,2,14,14,14,3,0,0,14,5,1,5,5,9,9,4,7,7,7,7,7,4,9,9,9,9,9,9,5,5,5,5,1,1,1,1,1,1,1,1,1,1,1,1,1,1,1,1,5,5,6,6,6,0,0,5,5,5,5,5,5,1,1,1,1,1,1,1,5,5,5,8,8,8,3,8,8,8,14,14,14,14,14,14,14,14,14,14,14,3,2,2,2,2,2,2,2,2,2,14,14,14,14,5,5,5,5,1,1,1,1,1,1,1,1,5,5,9,9,9,9,9,9,9,9,9,9,9,9,5,5,5,5,5,5,5,5,14,14,14,3,14,14,2,2,2,2,2,2,3,14,14,14,3,3,3,14,14,14,14,14,14,14,14,14,14,14,3,8,8,8,8,1,1,1,1,1,1,1,1,1,1,5,5,5,5,14,14,14,14,3,2,2,2,2,2,2,2,2,2,2,2,2,2,2,2,2,2,2,2,2,2,2,2,2,2,2,2,2
2,2,2,2,2,2,2,3,3,15,15,15,3,14,5,5,5,5,5,5,5,5,5,5,14,14,14,14,14,14,14,3,2,2,2,2,2,2,2,14,14,14,14,3,0,0,3,5,5,5,5,9,9,4,4,7,7,7,7,4,9,9,9,9,9,5,5,5,5,5,1,1,1,1,1,1,1,1,1,1,1,1,1,1,1,1,5,5,12,5,5,1,5,5,5,1,1,1,1,1,1,1,1,1,1,1,5,5,5,14,14,14,3,3,3,14,14,14,14,14,14,14,3,5,14,14,14,3,2,2,2,2,2,2,2,2,2,2,14,14,14,14,5,5,5,5,1,1,1,1,1,1,1,1,5,5,9,9,9,9,9,9,9,9,9,9,9,5,5,5,5,5,5,5,5,5,14,14,14,14,14,3,3,2,2,2,2,2,2,2,19,2,2,2,2,14,14,14,14,14,14,14,14,14,3,8,8,8,8,5,5,5,1,1,1,1,1,1,1,5,5,5,5,5,14,14,14,14,2,2,2,2,2,2,2,2,2,2,2,2,2,2,2,2,2,2,2,2,2,2,2,2,2,2,2,2,2
2,2,2,2,2,2,3,3,3,3,3,0,0,14,14,5,5,5,5,5,5,5,14,14,14,14,14,14,14,14,14,2,2,2,2,2,2,2,2,14,14,14,14,14,0,0,3,5,5,5,5,9,4,4,7,7,7,7,7,7,4,9,9,9,9,5,5,5,5,1,1,1,1,1,1,1,1,1,1,1,1,1,1,1,1,5,5,12,12,5,1,1,1,1,1,1,1,1,1,1,1,1,1,1,1,1,5,5,5,14,14,3,3,3,14,14,14,14,14,14,14,5,5,5,5,14,14,3,2,2,2,2,2,2,2,2,2,2,14,14,14,14,3,3,5,5,1,1,1,1,1,1,1,5,5,5,13,9,9,9,9,9,9,9,9,9,5,5,5,5,1,1,5,5,5,5,14,14,14,14,14,3,3,2,2,2,2,2,2,2,2,2,2,2,0,14,14,14,14,3,3,14,14,14,8,8,8,14,14,3,5,5,1,1,1,1,1,1,1,5,5,5,5,14,3,14,3,2,2,2,2,2,2,2,2,2,2,2,2,2,2,2,2,2,2,2,2,2,2,2,2,2,2,2,2,2,2
2,2,2,2,2,3,3,3,3,3,14,0,0,0,0,14,3,14,14,14,5,14,14,14,3,3,14,14,14,14,3,2,2,2,2,2,2,2,2,14,14,14,14,0,0,0,5,5,5,5,9,9,4,7,7,7,7,7,7,4,4,9,9,9,9,5,5,5,5,1,1,1,1,1,1,1,1,1,1,1,1,1,1,1,1,5,5,8,12,5,1,1,1,1,1,1,1,1,1,1,1,1,1,1,1,5,5,5,14,14,14,3,14,3,14,14,14,14,14,14,5,1,1,1,5,14,14,2,2,2,2,2,2,2,2,2,2,19,14,14,14,14,14,14,14,5,5,5,5,1,1,1,1,1,5,5,5,5,9,9,9,9,9,13,5,5,5,5,5,5,1,1,1,1,1,5,5,5,14,14,14,14,14,2,2,2,2,2,2,2,2,3,2,0,8,8,14,14,14,14,14,14,14,14,8,8,14,14,14,14,14,14,5,5,5,5,1,1,1,5,5,14,14,14,3,3,2,2,2,2,2,2,2,2,2,2,2,2,2,2,2,2,2,2,2,2,2,2,2,2,2,2,2,2,2,2,2
2,2,2,2,2,2,3,3,14,14,14,14,14,0,0,0,14,14,3,3,14,14,14,14,3,3,14,14,3,3,2,2,2,2,2,2,2,2,2,14,14,14,3,0,0,3,5,5,5,5,5,9,4,4,7,7,7,7,4,4,9,9,9,9,9,5,5,5,5,5,5,5,5,1,1,1,1,1,1,1,1,1,1,1,1,5,12,12,5,5,1,1,1,1,1,1,1,1,1,1,1,1,1,1,1,5,14,14,14,14,14,14,14,14,3,14,14,14,5,5,5,1,1,1,5,5,14,3,2,2,2,2,2,2,2,2,2,2,2,3,14,3,14,14,14,5,5,5,5,5,1,1,1,1,1,5,5,9,9,9,9,9,5,5,5,5,5,5,5,1,1,1,1,1,1,1,5,5,5,14,14,14,14,14,14,2,2,2,2,2,14,3,3,3,8,8,8,14,14,14,14,3,8,8,8,8,14,14,14,14,14,14,14,14,14,5,5,5,5,5,5,14,14,2,2,2,2,2,2,2,2,2,2,2,3,2,2,2,2,2,2,2,2,2,2,2,2,2,2,2,2,2,2,2,2,2,2
2,2,2,2,2,2,3,14,3,14,14,14,14,14,0,0,3,14,3,3,3,14,14,14,3,2,2,3,2,2,2,2,2,2,2,2,2,2,14,14,14,0,0,0,3,3,5,1,5,5,5,9,9,4,7,7,7,4,4,9,9,9,9,9,9,9,5,5,5,5,5,5,5,5,5,5,5,5,5,1,5,5,5,5,5,5,12,12,5,5,5,1,1,1,1,1,1,1,1,1,1,1,1,1,5,14,14,14,14,14,14,3,3,3,3,14,3,5,5,1,1,1,1,1,5,5,5,3,2,2,2,2,2,2,2,2,2,2,2,3,14,3,14,14,14,14,14,14,3,2,5,1,1,1,1,1,5,13,9,9,13,5,5,5,5,1,1,1,1,1,1,1,1,1,1,1,1,1,5,14,14,14,14,14,14,14,2,2,2,3,3,3,3,14,3,8,8,8,14,14,8,8,8,8,8,14,14,14,3,3,14,14,14,14,14,14,14,5,5,3,2,2,2,2,2,2,2,2,2,2,2,2,14,14,14,3,3,2,2,2,2,2,2,2,2,2,2,2,2,2,2,2,2,2,2,2,2
2,2,2,2,2,2,2,3,3,2,2,14,14,3,3,0,0,14,14,14,14,3,14,3,2,2,2,2,2,2,2,2,2,2,2,2,3,14,14,14,0,0,0,0,3,5,1,1,1,5,5,9,9,4,7,7,7,7,4,9,9,9,9,9,9,9,5,5,5,5,5,5,5,5,5,5,5,5,5,5,5,5,5,9,9,5,5,12,0,5,5,5,1,1,1,1,1,1,1,1,1,1,1,1,5,14,14,14,14,14,3,3,3,3,3,3,14,14,5,1,1,1,1,1,1,5,14,3,2,2,2,2,2,2,2,2,2,2,2,14,14,14,14,14,14,14,14,3,2,2,2,5,1,1,1,1,5,5,13,5,5,5,5,5,1,1,1,1,1,1,1,1,1,1,1,1,1,1,5,14,14,14,3,0,0,0,0,15,2,3,14,14,3,3,14,3,8,8,14,8,8,8,8,3,14,14,14,3,3,2,2,2,2,2,14,14,14,14,14,2,2,2,2,2,2,2,2,2,2,3,3,3,5,14,14,14,3,14,14,2,2,2,2,2,2,2,2,2,2,2,2,2,2,2,2,2,2
2,2,2,2,2,2,2,2,2,2,2,14,14,3,3,0,0,14,14,14,14,14,14,2,2,2,2,2,2,2,2,2,2,2,2,2,3,14,3,0,0,0,14,14,5,1,1,1,1,1,5,9,9,4,7,7,7,7,4,4,9,9,9,9,9,9,5,5,5,5,5,5,5,5,5,9,9,5,5,5,5,5,9,9,9,9,9,12,0,0,5,5,1,1,1,1,1,1,1,1,1,1,1,5,5,5,14,14,14,14,14,3,3,3,3,14,14,5,5,5,1,1,1,1,1,5,14,2,2,2,2,2,2,2,2,2,2,2,2,2,14,14,14,14,14,3,2,2,2,2,2,2,5,1,1,1,5,5,5,5,5,5,5,5,1,1,1,1,1,1,1,1,1,1,1,1,1,5,5,14,14,14,3,0,0,0,0,14,3,14,14,3,14,3,3,3,8,8,8,8,8,3,14,14,14,14,14,3,2,2,2,2,2,2,2,14,3,3,2,2,2,2,2,2,2,2,2,2,2,14,14,5,5,5,5,14,14,14,3,3,14,14,3,2,2,2,2,2,2,2,2,2,2,2,2,2,2
2,2,2,2,2,2,2,2,2,2,2,14,14,3,12,0,3,14,14,14,14,3,2,2,2,2,2,2,2,2,2,2,2,2,2,3,14,14,3,0,0,14,5,5,5,1,1,1,1,5,5,9,4,7,7,7,7,7,7,7,4,9,9,9,9,9,5,5,5,5,9,9,9,9,9,9,9,9,9,9,9,9,9,9,9,9,9,9,0,0,8,5,5,5,1,1,1,1,1,1,1,1,1,1,5,5,5,5,5,14,14,14,3,14,14,14,14,5,5,1,1,1,1,1,5,5,14,2,2,2,2,2,2,3,3,2,2,2,2,15,15,14,14,3,3,3,2,2,2,2,2,2,5,1,1,1,5,5,5,5,5,5,1,1,1,1,1,1,1,1,1,1,1,1,5,5,5,5,14,14,14,14,0,0,14,14,14,14,14,14,3,14,3,3,3,3,8,8,8,8,8,14,14,14,14,3,2,2,2,2,2,2,2,2,2,2,2,2,2,2,2,2,2,2,2,2,2,3,3,5,5,5,5,5,5,5,5,5,5,5,14,5,5,3,14,3,3,3,2,2,2,2,2,2,2,2,2
2,2,2,2,2,2,2,2,2,2,3,14,14,14,14,15,15,14,3,3,3,3,2,2,2,2,2,2,2,2,2,2,2,2,3,14,14,3,0,0,3,5,5,5,1,1,1,1,1,5,5,4,4,7,7,7,7,7,7,7,4,4,4,4,9,9,9,5,5,5,9,9,9,9,9,9,9,9,9,9,9,9,9,9,9,9,9,9,9,0,12,8,8,8,5,1,1,1,1,1,1,1,1,1,1,1,5,5,5,5,14,14,14,3,14,5,5,5,5,1,1,1,1,1,1,5,5,2,2,2,2,2,14,14,14,3,3,3,3,15,0,0,3,3,14,14,2,2,2,2,2,2,19,5,1,1,5,5,5,5,5,1,1,1,1,1,1,1,1,1,5,5,5,5,5,5,5,14,14,14,14,14,0,0,14,14,14,14,14,3,3,3,3,14,3,3,14,8,8,8,3,14,14,14,14,14,2,2,2,2,2,2,2,2,2,2,2,2,2,2,2,2,2,2,14,14,3,3,5,5,5,5,1,1,1,5,5,5,5,5,5,5,5,5,5,3,14,14,3,2,2,2,2,2,2,2,2
2,2,2,2,2,2,2,2,2,2,3,14,3,14,14,15,2,2,3,3,2,2,2,2,2,2,2,2,2,2,2,2,2,3,14,14,3,3,0,0,3,5,5,5,1,1,1,1,1,5,5,4,4,7,7,7,7,7,7,7,7,7,4,4,4,4,9,9,9,9,9,9,9,9,9,9,9,9,9,9,9,9,9,9,9,9,9,9,9,9,5,8,8,8,8,5,1,1,1,1,1,1,1,1,1,1,1,1,5,5,14,14,14,5,5,5,5,5,5,1,1,1,1,1,1,1,1,1,3,3,2,14,14,14,14,14,14,3,3,0,0,0,3,3,14,14,2,2,2,2,2,2,2,2,5,1,1,5,1,1,1,1,1,1,1,1,1,1,1,5,5,5,5,5,14,14,14,14,14,14,0,0,0,0,14,14,14,14,3,3,3,3,3,3,3,3,14,14,14,3,14,14,14,14,14,3,2,2,2,2,2,2,2,2,2,2,2,2,2,2,2,2,3,14,5,5,5,5,5,5,5,1,1,1,1,1,1,1,1,1,1,5,5,5,5,5,14,14,14,2,2,2,2,2,2,2,2
2,2,2,2,2,2,2,2,2,2,3,3,3,14,14,2,2,2,2,2,2,2,2,2,2,2,2,2,2,2,2,2,2,2,3,3,3,0,0,0,14,5,5,5,1,1,1,1,1,1,5,9,4,4,4,7,7,7,7,7,7,7,7,7,7,4,4,9,9,9,9,9,9,9,9,9,9,9,9,4,4,4,4,4,9,9,9,9,9,9,9,5,5,8,8,5,1,1,1,1,1,1,1,1,1,1,1,1,1,5,14,14,5,5,5,1,1,5,1,1,1,1,1,1,1,1,1,1,1,1,1,5,5,5,14,14,14,3,3,3,0,0,0,0,0,0,15,2,2,2,2,2,2,2,3,1,1,1,1,1,1,1,1,1,1,1,1,1,1,5,5,5,14,14,14,14,14,14,0,0,0,0,0,14,14,14,14,14,14,3,3,3,2,2,2,2,3,14,14,14,14,14,14,14,14,3,2,2,2,2,2,2,2,2,2,2,2,2,2,2,14,3,14,5,5,5,5,5,5,1,1,1,1,1,1,1,1,1,1,1,1,1,1,1,5,5,14,14,14,2,2,2,2,2,2,2,2
2,2,2,2,2,2,2,2,2,2,2,2,3,3,3,2,2,2,2,2,2,2,2,2,2,2,2,2,2,2,2,2,2,2,14,14,0,0,0,14,5,5,5,5,1,1,1,1,1,1,5,9,9,7,4,4,7,7,7,7,7,7,7,7,7,7,4,4,9,9,9,9,9,9,9,9,9,9,4,7,7,7,7,4,4,9,9,9,9,9,9,5,5,8,8,5,1,1,1,1,1,1,1,1,1,1,1,1,5,5,5,5,5,5,1,1,1,1,1,1,1,1,1,1,1,1,1,1,1,1,1,1,1,5,14,14,14,14,3,3,3,0,0,0,0,0,15,2,2,2,2,2,2,2,2,5,1,1,1,1,1,1,1,1,1,1,1,1,5,5,5,14,14,3,14,14,3,0,0,0,14,14,14,14,14,14,14,14,14,14,3,3,2,2,2,2,2,3,14,14,14,14,14,14,14,3,2,2,2,2,2,2,3,3,3,2,2,2,2,2,3,5,5,5,5,5,5,5,5,1,1,1,1,1,1,1,1,1,1,1,1,1,1,1,5,5,5,14,14,14,2,2,2,2,2,2,2
2,2,2,2,2,2,2,2,2,2,2,2,2,2,2,2,2,2,2,2,2,2,2,2,2,2,2,2,2,2,2,2,2,2,14,14,0,0,14,14,5,5,5,5,5,1,1,1,1,1,5,5,9,9,7,4,4,4,7,7,7,7,7,7,7,7,4,4,4,9,9,9,9,9,9,9,9,4,7,7,7,7,7,4,4,4,9,9,9,9,9,5,8,8,8,5,1,1,1,1,1,1,1,1,1,1,1,5,5,5,5,5,5,1,1,1,5,5,1,1,1,1,1,1,1,1,1,1,1,1,1,1,1,5,14,14,14,14,14,3,3,3,3,14,3,3,2,2,2,2,2,2,2,2,2,5,5,5,5,1,1,1,1,5,5,1,5,5,5,14,14,0,0,0,0,0,0,0,0,14,14,14,14,14,14,5,5,14,14,14,3,2,2,2,2,2,2,2,2,3,3,3,14,14,14,14,3,15,15,15,2,3,3,3,14,14,14,3,3,3,5,5,5,5,5,5,5,5,5,1,5,5,5,5,1,1,1,1,1,1,1,1,1,1,1,5,5,14,14,14,2,2,2,2,2,2,2
2,2,2,2,2,2,2,2,2,2,2,2,2,2,2,2,2,2,2,2,2,2,2,2,2,2,2,2,2,2,2,2,15,0,0,0,0,0,14,14,5,5,5,5,5,1,1,1,1,5,5,5,9,9,9,9,7,4,4,7,7,7,7,7,7,7,7,4,4,4,9,9,9,4,4,4,4,4,7,7,7,7,4,4,4,9,9,9,9,9,9,5,8,8,5,5,1,1,1,1,1,1,1,1,1,1,1,5,5,5,5,5,1,1,1,5,5,5,5,5,5,5,5,5,5,1,1,1,1,1,1,1,1,5,14,14,14,3,14,14,3,14,14,14,14,3,2,2,2,2,2,2,2,2,2,3,14,5,5,1,1,5,5,5,5,5,5,5,5,3,3,0,0,0,0,0,0,0,14,14,14,14,5,14,5,5,5,5,14,14,3,2,2,2,2,2,2,2,2,2,2,3,14,14,14,14,14,0,15,15,14,14,3,3,14,14,14,14,14,14,5,5,5,5,5,5,5,5,5,5,5,5,5,5,5,5,5,1,1,1,1,1,1,1,1,1,5,14,14,14,3,2,2,2,2,2,2
2,2,2,2,2,2,2,2,2,2,2,2,2,2,2,2,2,2,2,2,2,2,2,2,2,2,2,2,2,2,2,15,0,0,0,0,0,14,14,14,5,5,5,5,5,5,5,1,1,5,5,5,5,13,9,9,9,7,4,4,7,7,7,7,7,7,7,4,4,4,4,4,4,4,4,4,7,7,7,7,7,7,4,4,9,9,9,9,9,9,5,8,8,5,5,5,1,1,1,1,1,1,1,1,1,1,5,5,5,5,5,5,1,1,5,9,9,9,9,5,5,9,9,9,5,5,1,1,1,1,1,1,1,5,5,14,14,14,3,3,3,14,14,14,3,3,2,2,2,2,2,2,2,2,2,2,14,5,5,5,5,5,5,5,14,5,14,14,14,14,3,0,0,14,14,0,14,14,14,5,14,5,5,5,5,5,5,5,3,14,14,3,2,2,2,2,2,2,2,2,2,2,14,14,3,14,14,14,0,0,14,14,3,14,14,14,14,5,5,5,5,5,5,5,5,5,5,5,5,5,5,5,5,5,5,5,5,1,1,1,1,1,1,1,1,1,5,14,14,14,2,2,2,2,2,2,2
2,2,2,2,2,2,2,2,2,2,2,2,2,2,2,2,2,2,2,2,2,2,2,2,2,2,2,2,2,2,14,14,14,3,3,3,14,14,14,14,14,5,5,5,5,5,5,5,5,5,5,5,5,5,5,5,9,9,9,4,4,7,4,4,4,4,4,4,4,4,4,4,4,4,4,4,7,7,7,7,7,7,4,9,9,9,9,9,9,5,5,5,8,5,5,1,1,1,1,1,1,1,1,5,5,5,5,5,5,5,5,5,1,5,9,9,9,9,9,9,9,9,9,9,9,5,5,1,1,1,1,1,1,5,5,14,14,14,14,3,3,14,14,3,2,2,2,2,2,2,2,2,2,2,2,2,14,14,5,14,3,5,14,14,14,14,14,14,14,14,3,0,0,14,14,14,14,14,5,5,5,5,5,5,5,5,5,5,5,5,3,14,2,2,2,2,2,2,2,2,2,2,3,14,14,14,14,0,0,0,14,14,14,14,14,14,5,5,5,5,5,5,5,5,5,9,9,9,5,5,5,5,5,5,5,5,5,5,1,1,1,1,1,1,1,1,5,5,14,14,3,2,2,2,2,2,2
2,2,2,2,2,2,2,2,2,2,2,2,2,2,2,2,2,2,2,2,2,2,2,2,2,2,2,2,2,14,5,5,3,3,14,3,3,3,14,3,3,14,5,5,5,5,5,5,5,5,5,5,5,5,5,5,5,9,9,7,4,4,4,4,4,4,7,7,7,4,4,4,4,4,4,4,7,7,7,7,7,7,4,9,9,9,9,9,13,5,5,8,8,5,5,1,1,1,1,1,1,1,5,5,5,5,5,5,5,5,5,5,5,9,9,9,9,9,9,9,9,9,9,9,9,9,5,5,5,5,1,1,1,5,5,14,14,14,14,3,3,14,14,3,2,2,2,2,2,2,2,2,2,2,2,2,14,0,0,0,0,0,0,14,14,14,14,14,14,0,0,0,0,14,14,14,5,5,5,5,5,5,5,1,1,1,1,1,1,5,5,14,2,2,2,2,2,2,2,2,2,2,3,3,14,14,3,0,0,3,14,14,14,14,14,14,5,5,5,5,5,5,5,5,9,9,9,9,9,9,5,5,5,9,9,9,5,5,5,5,1,1,1,1,1,1,1,5,5,5,14,14,3,3,2,2,2
2,2,2,2,2,2,2,2,2,2,2,2,2,2,2,2,2,2,2,2,2,2,2,2,2,2,2,2,2,2,5,5,14,14,14,3,3,3,3,3,3,3,14,5,5,5,5,5,5,5,5,5,5,5,1,5,5,9,9,9,7,7,7,7,7,7,9,9,9,7,9,9,7,4,4,4,7,7,7,7,7,7,4,9,9,9,9,9,5,5,8,8,8,5,5,1,1,1,1,1,1,5,5,5,5,9,9,9,9,9,5,5,5,9,9,9,9,9,9,9,9,9,9,9,9,9,5,5,5,5,5,1,1,5,5,14,14,14,14,3,3,3,3,2,2,2,2,2,2,2,2,2,2,2,2,0,0,0,0,0,0,0,0,0,14,14,14,3,0,0,12,14,14,14,3,5,5,5,5,5,5,5,5,1,1,1,1,1,1,5,5,14,3,2,2,2,2,2,2,2,2,2,2,3,14,14,3,0,0,14,14,14,14,14,14,5,5,5,9,9,9,9,9,9,9,9,9,9,9,9,9,9,9,9,9,9,9,5,5,5,1,1,1,1,1,1,1,1,5,5,5,14,3,14,3,2,2
2,2,2,2,2,2,2,2,2,2,2,2,2,2,2,2,2,2,2,2,2,2,2,2,2,2,2,2,2,2,3,3,14,14,3,3,3,3,3,3,3,3,3,5,5,5,5,5,5,5,5,5,1,1,1,1,5,5,13,9,9,9,9,9,9,9,9,9,9,9,9,9,9,7,7,4,4,7,7,7,7,7,4,9,9,9,9,5,5,5,8,8,5,5,5,5,1,1,1,5,5,5,5,5,9,9,9,9,9,9,9,9,9,9,9,9,9,9,9,9,9,9,9,9,9,9,5,5,5,5,5,5,5,5,5,14,14,14,3,3,3,2,2,2,2,2,2,2,2,2,2,2,2,2,0,0,0,0,1,1,1,3,3,0,0,0,0,0,0,0,14,14,14,14,5,5,1,1,1,1,1,1,1,1,1,1,1,1,1,5,5,14,3,2,2,2,2,2,2,2,2,2,2,2,14,14,3,0,0,14,14,14,14,14,5,5,5,9,9,9,9,9,9,9,9,9,9,9,9,9,9,9,9,9,9,9,9,9,9,5,1,1,1,1,1,1,1,5,5,5,14,14,14,3,3,3,3
2,2,2,2,2,2,2,2,2,2,2,2,2,2,2,2,2,2,2,2,2,2,2,2,2,2,2,2,2,2,2,14,14,14,3,3,3,3,3,3,14,3,3,5,5,5,5,5,5,5,5,1,1,1,1,1,1,5,5,5,9,9,9,9,9,9,9,9,9,9,9,9,9,9,9,4,4,7,7,7,7,7,4,4,9,9,9,9,5,5,5,8,8,8,5,5,1,1,5,5,5,5,5,9,9,9,9,9,9,9,9,9,9,9,13,13,13,9,9,9,9,9,9,9,9,9,5,5,5,5,5,5,5,5,14,14,14,14,3,3,2,2,2,2,2,2,2,3,3,14,2,2,3,1,15,0,14,1,1,1,1,5,3,3,0,0,0,0,3,3,14,14,5,5,5,5,1,1,1,1,1,1,1,1,1,1,1,1,1,5,5,14,2,2,2,2,2,2,2,2,2,2,2,3,14,3,3,0,0,14,14,14,14,5,5,5,5,9,9,9,9,9,9,9,9,9,9,9,9,9,9,9,9,9,9,9,9,9,9,5,5,5,1,1,1,1,1,5,5,5,14,14,3,3,3,3,3
2,2,2,2,2,2,2,2,2,2,2,2,2,2,2,2,2,2,2,2,2,2,2,2,2,2,2,2,2,2,2,2,3,14,14,3,3,3,3,3,14,3,5,5,5,5,5,5,1,1,1,1,1,1,1,1,1,1,5,5,9,9,9,9,9,9,9,9,9,9,9,9,9,9,9,4,4,7,7,7,7,7,7,4,4,9,9,9,5,5,5,5,8,8,8,5,5,5,5,5,5,9,9,9,9,9,9,9,9,9,9,9,9,13,13,13,13,13,9,13,13,9,9,9,9,9,5,5,5,5,5,3,3,14,14,14,14,3,3,3,3,2,2,2,2,1,3,14,5,1,1,1,1,1,1,1,1,1,1,8,12,3,14,14,14,14,3,14,5,5,5,5,5,5,5,1,1,1,1,1,1,1,1,1,1,1,1,1,5,5,14,2,2,2,2,2,2,2,2,2,2,2,14,14,3,3,3,0,0,14,14,14,14,14,5,5,9,9,9,9,9,9,9,9,9,9,9,9,9,9,9,9,9,9,9,9,9,9,9,9,5,5,1,1,1,1,5,5,5,5,14,14,3,3,3,14,14
2,2,2,2,2,2,2,2,2,2,2,2,2,2,2,3,14,3,3,14,3,2,2,3,2,2,2,2,2,2,2,2,3,14,14,14,3,3,3,3,14,5,5,5,5,5,5,1,1,1,1,1,1,1,1,1,1,1,1,5,5,5,13,13,13,5,13,9,9,9,9,9,9,9,4,4,7,7,7,7,7,7,7,4,4,9,9,9,9,5,5,5,9,9,8,8,8,5,5,9,9,9,9,9,9,9,9,9,9,9,9,9,9,13,13,13,13,13,13,13,13,9,9,9,9,9,9,5,5,5,14,14,14,14,14,3,3,3,3,3,3,2,2,2,5,1,14,14,5,1,1,1,1,1,1,1,1,1,8,8,14,5,5,14,14,14,3,5,5,5,5,5,5,5,1,1,1,1,1,1,1,1,1,1,1,1,1,1,5,3,2,2,2,2,2,2,2,2,2,2,2,2,14,14,3,3,0,0,0,14,14,14,3,3,5,5,9,9,9,9,13,13,13,9,9,9,9,9,9,9,9,9,9,9,9,9,9,9,9,9,5,5,1,1,1,1,5,5,5,14,14,14,14,14,3,14,3
2,2,2,2,2,2,2,2,2,2,2,2,2,2,3,14,14,14,14,14,14,3,3,3,3,2,2,2,2,2,2,2,3,14,3,3,14,3,3,14,14,5,5,5,5,5,1,1,1,1,1,1,1,1,1,1,1,1,1,1,5,5,5,5,5,5,5,5,9,9,9,9,9,9,7,4,4,7,7,7,7,7,7,7,4,4,4,9,9,9,9,9,9,9,9,8,8,5,9,9,9,9,9,9,9,9,9,9,9,9,13,13,13,13,13,13,13,13,13,13,13,13,9,9,9,9,9,5,5,5,14,14,14,3,3,3,14,3,3,3,3,2,2,2,5,1,14,5,5,5,5,5,1,1,8,8,8,8,8,8,5,5,5,5,5,5,5,1,1,1,1,1,5,5,1,1,1,1,1,1,1,1,1,1,1,1,1,5,3,2,2,2,2,2,2,2,2,2,2,2,2,2,2,2,0,0,0,0,3,14,14,14,3,5,5,9,9,9,9,13,13,13,13,13,9,9,9,9,9,9,9,9,9,9,9,9,9,9,9,9,5,5,5,1,1,5,5,5,5,14,14,14,14,3,14,14,3
2,2,2,2,2,2,2,2,2,2,2,2,2,2,3,14,14,14,14,14,14,3,3,3,14,14,2,2,2,2,2,2,2,14,14,14,3,3,14,14,14,5,5,5,5,5,1,1,1,1,1,1,1,1,1,1,1,1,1,1,1,5,5,5,5,1,5,5,5,9,9,9,9,9,9,7,4,7,7,7,7,7,7,7,7,7,4,9,9,9,9,9,9,9,9,9,8,8,9,9,9,13,13,13,9,9,9,13,9,13,13,13,13,13,13,13,13,13,13,13,13,9,9,9,9,9,9,9,5,5,14,14,14,3,3,3,3,14,3,3,3,2,2,15,5,1,1,5,5,5,5,5,5,8,8,8,8,8,8,5,5,5,5,5,5,5,1,1,1,1,1,1,1,1,1,1,1,1,1,1,1,1,1,5,5,5,5,5,2,2,2,2,2,2,2,2,2,2,2,2,2,2,2,2,0,0,0,0,0,14,14,14,3,5,5,13,9,9,9,13,13,13,13,13,13,9,9,9,9,9,9,9,9,9,9,9,9,9,9,9,5,5,5,1,1,5,5,5,5,14,14,14,14,3,3,3,3
2,2,2,2,2,2,2,2,2,2,2,2,2,2,3,14,14,14,3,14,14,14,3,3,14,3,2,2,2,2,2,2,3,14,14,14,14,5,3,14,5,5,5,5,5,1,1,1,1,1,1,1,1,1,1,1,1,1,1,1,1,1,1,1,1,1,5,5,5,9,9,9,9,9,9,9,4,7,7,7,7,7,7,7,7,7,4,4,9,9,9,9,9,9,9,9,8,8,9,9,13,13,13,13,13,13,13,13,13,13,13,13,13,13,13,13,13,13,13,13,13,13,9,9,9,9,9,9,5,5,14,14,14,3,3,14,14,14,3,3,2,2,2,2,5,1,14,14,14,5,5,8,8,8,8,5,5,5,5,5,5,5,1,5,5,1,1,1,1,1,1,1,1,1,1,1,1,1,1,1,1,1,1,5,5,5,3,2,2,2,2,2,2,2,2,2,2,2,2,2,2,2,2,2,2,0,0,0,0,14,14,5,5,1,5,5,5,9,9,9,13,13,13,13,13,13,13,13,9,9,9,9,9,9,9,9,9,9,9,9,5,5,1,1,1,5,5,5,14,14,14,14,14,3,14,14,3
2,2,2,2,2,2,2,2,2,2,2,2,3,5,5,5,14,14,5,5,14,14,14,3,3,3,3,2,2,2,2,2,2,3,5,5,5,5,5,5,5,5,5,5,5,1,1,1,1,1,1,1,1,1,1,1,1,1,1,1,1,1,1,1,1,1,1,5,5,9,9,9,9,9,9,9,7,4,7,7,7,7,7,7,7,4,4,4,4,9,9,9,9,9,9,9,0,9,9,9,13,13,13,13,13,13,13,13,13,13,13,13,13,13,13,13,13,13,13,13,13,13,9,9,9,9,9,5,5,14,14,14,14,14,14,14,14,14,3,2,2,2,2,2,14,1,14,14,14,5,5,8,8,5,5,14,14,3,5,5,5,1,1,1,1,1,1,1,1,1,1,1,1,1,1,1,1,1,1,1,1,1,1,1,5,14,2,2,2,2,2,2,2,2,2,2,2,2,2,2,2,2,2,2,2,2,0,0,0,0,14,5,1,1,5,5,5,9,9,9,9,13,13,13,13,13,13,13,13,9,9,9,9,9,9,9,9,9,9,9,5,5,5,1,1,5,5,5,14,14,14,14,3,3,14,14,3
2,2,2,2,2,2,2,2,2,2,2,2,3,5,5,5,5,5,5,5,5,5,14,14,3,3,3,3,2,2,2,2,2,3,3,14,5,5,5,5,5,5,5,5,5,1,1,1,1,1,1,1,1,1,1,1,1,1,1,1,1,1,1,1,1,1,5,5,9,9,9,9,9,9,9,9,9,7,4,4,7,7,7,7,7,4,4,7,7,4,9,9,9,9,9,12,12,9,9,9,9,13,13,13,13,13,13,13,13,13,13,13,13,13,13,13,13,13,13,13,13,9,9,9,9,5,5,5,14,14,14,14,14,14,14,14,14,14,3,2,2,2,2,2,2,2,14,14,14,5,5,8,8,5,5,14,14,14,14,5,5,1,1,1,1,1,1,1,1,1,1,1,1,1,1,1,1,1,1,1,1,1,1,1,5,2,2,2,2,2,2,2,2,2,2,2,2,2,2,2,2,2,2,2,2,2,2,15,15,0,5,5,1,1,1,5,5,9,9,9,9,9,13,13,13,13,13,13,13,13,9,9,9,9,9,9,9,9,9,9,5,5,5,5,5,5,5,5,14,14,14,14,3,3,14,14,14
2,2,2,2,2,2,2,2,2,2,2,2,3,14,5,5,5,5,5,5,5,5,3,3,3,3,14,3,2,2,2,2,2,2,14,14,14,14,3,14,5,5,5,5,5,1,1,1,1,1,1,1,1,1,1,1,1,1,1,1,1,1,1,1,1,1,5,5,9,9,9,9,9,9,9,9,9,13,4,4,4,7,7,7,7,7,4,7,7,4,4,9,9,9,9,9,8,0,9,9,9,9,9,13,13,13,13,13,13,13,13,13,13,13,13,13,13,13,13,13,9,9,9,5,5,5,14,14,14,14,14,3,3,14,14,14,14,14,14,3,2,2,2,2,2,2,14,14,14,5,5,8,8,14,14,14,14,14,14,14,5,5,1,1,1,1,1,1,1,1,1,1,1,1,1,1,1,1,1,1,1,1,1,1,2,2,2,2,2,2,2,2,2,2,2,2,2,2,2,2,2,2,2,2,2,2,2,2,2,15,5,1,1,1,1,5,5,5,9,9,9,9,13,13,13,13,13,13,13,13,13,9,9,9,9,9,9,9,9,9,5,5,5,5,5,5,5,5,14,14,14,3,3,3,3,3,3
2,2,2,2,2,2,2,2,2,2,2,2,2,14,5,5,5,1,1,1,5,5,3,14,3,14,14,14,2,2,2,2,2,2,2,14,14,14,3,3,3,5,5,5,5,5,1,1,1,1,1,1,1,1,1,1,1,1,1,1,1,1,1,1,1,1,5,5,9,9,9,9,9,9,9,13,13,13,13,7,4,4,4,4,7,4,4,7,7,7,7,4,4,9,9,9,8,0,13,9,9,9,9,9,13,13,13,9,13,13,9,9,13,13,13,9,9,9,9,9,9,9,9,5,5,14,14,14,14,14,14,3,3,14,14,3,3,14,14,3,2,2,2,2,2,2,14,14,14,5,5,8,8,8,8,8,8,14,14,14,5,5,5,5,1,1,1,5,5,5,1,1,1,1,1,1,1,1,1,1,1,1,1,3,2,2,2,2,2,2,2,2,2,2,2,2,2,2,2,2,2,2,2,2,2,2,2,2,2,5,5,1,1,1,1,5,5,5,5,9,9,9,9,13,13,13,13,13,13,13,9,9,9,9,9,9,9,9,9,9,5,5,5,5,5,5,5,14,14,14,14,14,3,3,3,3,3
2,2,2,2,2,2,2,2,2,2,2,2,2,14,5,5,5,1,1,1,1,5,14,14,14,14,14,14,3,2,2,2,2,2,2,3,3,3,14,14,14,14,5,5,5,5,1,1,1,1,1,1,1,1,1,1,1,1,1,1,1,1,1,1,1,1,5,5,13,9,9,9,9,9,13,13,13,13,13,13,4,4,4,4,4,4,7,7,7,7,7,7,4,9,9,9,9,8,8,13,9,9,9,9,9,9,9,9,9,9,9,9,9,9,9,9,9,9,9,9,9,9,13,5,14,14,12,15,2,3,2,2,2,3,3,14,2,2,2,2,2,2,2,2,2,14,14,14,14,5,14,14,8,8,8,8,8,8,3,3,14,5,5,5,1,1,5,5,5,5,1,1,1,1,1,1,1,1,1,1,1,1,1,3,2,2,2,2,2,2,2,2,2,2,2,2,2,2,2,2,2,2,2,2,2,2,2,2,3,5,1,1,1,1,1,5,5,5,5,5,9,9,9,9,13,13,13,13,13,9,9,9,9,9,9,4,4,4,4,9,9,5,5,5,5,5,14,14,14,14,3,3,3,3,3,3,3
2,2,2,2,2,2,2,2,2,2,2,2,2,5,5,5,1,1,1,1,1,5,14,14,14,14,3,3,3,3,2,2,2,2,2,2,2,2,2,14,14,3,3,5,5,5,5,1,1,1,1,1,1,1,1,1,1,1,1,1,1,1,1,1,1,1,1,1,5,5,9,9,9,9,13,13,13,13,13,13,4,4,4,7,7,7,7,7,7,7,7,7,4,4,9,9,9,5,8,8,5,9,9,9,13,9,13,9,9,9,9,9,9,9,9,13,9,9,13,9,13,5,5,5,0,0,0,15,2,2,2,2,2,2,2,2,2,2,2,2,2,2,14,14,14,14,14,14,5,5,14,14,14,5,5,5,5,8,8,8,8,8,8,5,5,5,5,5,5,5,5,1,1,1,1,1,1,1,1,1,1,1,1,14,2,2,2,2,2,2,2,2,2,2,2,2,2,2,2,2,2,2,2,2,2,2,14,3,5,1,1,1,1,1,1,1,5,5,5,5,9,9,9,9,13,13,13,13,13,9,9,9,9,9,9,4,7,7,4,9,9,5,5,5,5,5,14,14,3,3,3,3,3,3,3,3,3
2,2,2,2,2,2,2,2,2,2,2,2,2,5,5,5,1,1,1,1,1,5,5,14,3,14,14,14,14,14,2,2,2,2,2,2,2,2,2,3,14,14,14,5,5,5,5,5,1,1,1,5,5,5,1,1,1,1,1,1,1,1,1,1,1,1,1,1,5,5,5,9,9,13,13,13,13,13,13,13,7,4,4,7,7,7,7,7,7,7,4,7,4,9,9,9,9,5,8,8,5,9,9,5,5,5,5,5,13,9,9,9,9,9,5,5,5,5,5,5,5,5,5,5,0,0,15,2,2,2,2,2,2,2,2,2,2,2,2,14,3,3,14,14,14,14,14,5,5,5,5,5,5,5,1,1,5,8,8,8,8,8,8,8,8,8,5,5,5,5,5,5,1,1,1,1,1,1,1,1,1,1,1,14,14,2,2,2,2,2,2,2,2,2,2,2,2,2,2,2,2,2,2,2,2,14,14,5,1,1,1,1,1,1,1,1,1,5,5,5,9,9,9,13,13,13,13,13,13,13,9,9,9,9,4,4,7,7,7,4,9,5,5,5,5,14,14,3,3,3,3,3,3,3,3,2,2
2,2,2,2,2,2,2,2,2,2,2,3,5,5,5,1,1,1,1,1,1,1,5,5,5,3,14,14,14,3,3,2,2,2,2,2,2,2,2,15,14,14,14,14,5,5,5,5,5,5,5,5,5,5,5,5,1,1,1,1,1,1,1,1,1,1,1,1,1,5,5,9,9,13,13,13,13,13,13,13,13,4,4,7,7,7,7,7,7,4,4,4,4,9,9,9,9,5,8,8,5,1,1,5,5,5,5,5,5,13,13,5,5,5,5,5,0,0,0,0,0,5,5,0,0,14,3,2,2,2,2,2,2,2,2,2,2,3,14,14,14,14,14,5,5,5,5,5,5,5,5,1,1,1,1,1,1,1,5,5,5,5,5,8,8,8,8,5,5,5,5,5,1,1,1,1,1,1,1,1,1,1,5,5,14,2,2,2,2,2,2,2,2,2,2,2,2,2,2,2,2,2,2,2,2,14,14,5,5,1,1,1,1,1,1,1,1,1,5,5,9,9,9,13,13,13,13,13,13,13,9,9,9,9,4,7,7,7,7,4,9,5,5,14,14,14,14,14,3,3,2,2,2,2,2,2,2
2,2,2,2,2,2,2,2,2,14,5,5,1,1,1,1,1,1,1,1,1,1,1,1,5,5,14,14,14,3,3,2,2,2,2,2,2,2,2,2,14,14,14,14,5,5,5,5,5,5,5,5,5,5,5,5,5,5,5,1,1,1,1,1,1,1,1,1,1,5,5,9,9,9,13,13,13,13,13,13,13,7,4,4,4,7,7,4,4,4,4,9,9,9,13,13,5,8,8,5,5,9,9,5,5,5,5,5,5,5,5,5,5,5,5,0,0,0,12,12,12,0,0,0,0,14,14,2,2,2,2,2,2,2,2,2,3,3,5,5,5,5,5,5,5,5,5,1,1,1,1,1,1,1,1,1,1,1,1,1,1,5,5,5,5,8,8,8,8,8,8,5,5,5,5,1,1,1,1,1,1,1,1,5,3,2,2,2,2,2,2,2,2,2,2,2,2,2,2,2,2,2,2,2,2,3,14,5,5,5,1,5,5,1,1,1,1,1,5,5,9,9,9,9,13,13,13,13,13,13,9,9,9,4,7,7,7,7,4,4,9,5,5,14,14,14,14,14,3,3,2,2,2,2,2,2,2
2,2,2,2,2,2,2,2,3,5,5,5,1,1,1,1,1,1,1,1,1,1,1,1,1,5,5,3,3,14,14,3,2,2,2,2,2,2,2,14,14,14,14,14,3,5,5,5,5,5,14,8,8,8,14,8,8,8,5,5,1,1,1,1,1,1,5,5,5,5,5,9,9,9,13,13,13,13,13,13,13,13,13,4,4,4,4,4,9,9,9,9,9,13,5,5,5,8,8,5,5,5,13,5,5,5,5,14,5,5,5,5,5,5,0,0,0,5,5,5,14,0,0,0,3,14,14,14,14,3,2,2,2,14,14,14,5,5,5,5,5,5,5,1,1,1,1,1,1,1,1,1,1,1,1,1,1,1,1,1,5,5,5,5,5,5,8,8,8,8,8,8,5,5,5,1,1,1,1,1,1,1,1,5,14,14,2,2,2,2,2,2,2,2,2,2,2,2,2,2,2,2,2,2,2,2,3,3,5,5,5,5,5,5,1,1,1,1,5,5,9,9,9,9,9,13,13,13,13,9,9,9,4,4,7,7,7,7,4,9,5,5,5,14,14,14,14,3,3,2,2,2,2,2,2,2,2
2,2,2,2,2,2,2,2,3,5,5,5,1,1,1,1,1,1,1,1,1,1,1,1,1,1,5,5,14,14,14,14,3,2,2,2,2,2,2,14,14,14,14,14,14,5,5,5,5,5,8,8,8,8,8,8,8,8,8,5,5,1,1,1,1,5,5,5,5,5,5,9,9,9,9,9,13,13,13,13,13,13,13,13,7,4,4,9,9,9,9,9,5,5,5,14,12,8,8,14,3,14,5,5,14,14,14,3,14,5,5,5,5,5,0,0,5,1,1,5,5,14,14,14,14,14,14,14,14,14,3,3,14,14,14,5,5,1,1,1,1,1,1,1,1,1,1,1,1,1,1,1,1,1,1,1,1,1,5,5,5,5,9,9,5,5,5,5,5,5,8,8,8,5,5,1,1,1,1,1,1,1,1,1,5,14,2,2,2,2,2,2,2,2,2,2,2,2,2,2,2,2,2,2,2,2,14,14,14,5,5,5,5,5,1,1,1,1,5,5,5,9,9,9,9,13,13,13,13,9,9,9,4,7,7,7,7,4,4,5,5,5,14,14,14,14,14,14,2,2,2,2,2,2,2,2,2
2,2,2,2,2,2,14,5,5,5,5,5,5,1,1,1,1,1,1,1,1,1,1,1,1,1,5,5,5,14,14,3,3,2,2,2,2,2,2,14,14,14,14,14,14,5,5,5,14,8,8,8,3,14,8,5,5,5,0,0,5,5,5,5,5,5,5,5,5,5,9,9,9,9,9,9,9,13,13,13,13,13,13,13,13,9,9,9,9,9,9,5,5,5,14,14,8,8,3,14,14,14,14,14,14,3,3,3,3,3,14,3,5,5,0,0,5,1,1,1,1,5,14,14,14,14,14,14,14,14,3,5,5,5,5,5,5,1,1,1,1,1,1,1,1,1,1,1,1,1,1,1,1,1,1,1,1,5,5,9,9,9,9,9,9,9,9,9,5,5,5,8,8,5,5,5,1,1,1,1,1,1,1,1,1,5,14,2,2,2,2,2,2,2,2,2,2,2,2,2,2,2,2,2,2,2,14,14,14,5,5,5,5,5,5,1,1,1,5,5,5,5,9,9,9,9,13,13,9,9,9,9,4,4,7,7,7,4,9,5,5,5,14,14,14,14,14,14,2,2,2,2,2,2,2,2,2
2,2,2,2,3,5,5,5,5,5,5,5,5,5,5,5,5,5,1,1,1,1,1,1,1,1,5,5,14,14,14,14,2,2,2,2,2,2,2,14,14,14,14,14,3,14,14,3,8,8,8,8,14,5,5,5,5,5,8,0,0,0,8,0,0,5,5,5,5,5,5,13,9,9,9,9,9,9,9,9,9,13,13,13,9,9,9,9,9,13,13,5,5,14,14,8,8,8,14,14,14,14,14,14,3,3,3,3,3,3,3,3,14,5,0,0,0,1,1,1,1,5,5,5,5,5,14,14,5,5,5,5,5,5,1,1,1,1,1,1,1,1,1,1,1,1,1,1,1,1,1,1,1,1,1,1,5,5,9,9,9,9,9,9,9,9,9,9,5,5,5,5,8,8,5,5,1,1,1,1,1,1,1,1,1,5,14,14,2,2,2,2,2,2,2,2,2,2,2,2,2,2,2,2,2,3,14,14,14,5,5,5,5,5,5,1,1,1,1,5,5,5,9,9,9,9,9,9,9,9,9,4,4,7,7,7,4,4,5,5,5,14,14,14,14,14,14,3,2,2,2,2,2,2,2,2,2
2,2,3,5,5,5,5,5,5,9,9,9,9,5,5,5,5,5,5,5,1,1,1,1,1,1,5,5,14,14,14,14,3,2,2,2,2,2,2,14,14,14,14,3,3,14,14,8,8,8,14,14,5,5,5,5,5,5,5,8,8,8,8,0,0,0,5,8,5,5,5,5,13,13,13,13,9,9,9,9,9,9,13,9,9,9,9,13,5,5,5,5,3,14,8,8,8,14,14,14,14,14,14,14,3,3,3,3,3,14,14,14,14,5,0,0,0,1,1,1,1,1,5,5,5,5,5,5,5,5,5,1,1,1,1,1,1,5,5,5,5,5,5,5,1,1,1,1,1,1,1,1,1,1,1,5,5,9,9,9,9,9,9,9,9,9,9,9,9,5,5,5,8,8,8,5,1,1,1,1,1,1,1,1,1,1,5,14,2,2,2,2,2,2,2,2,2,2,2,2,2,2,2,2,2,14,14,14,14,14,5,5,5,5,5,1,1,1,1,5,5,5,9,9,9,9,9,9,9,9,9,4,7,7,7,4,4,9,5,5,5,14,14,14,14,14,14,2,2,2,2,2,2,2,2,2,2
2,2,3,5,5,5,5,9,9,9,9,9,9,5,5,9,9,9,5,5,5,1,1,1,1,1,5,5,5,14,14,14,3,3,2,2,2,2,2,14,14,14,14,3,14,3,3,8,8,14,14,5,5,1,1,1,1,1,1,5,5,5,5,5,8,0,0,8,8,0,0,5,5,5,5,5,5,5,13,9,9,9,9,9,9,9,9,5,5,5,14,3,8,8,8,8,14,14,14,14,14,3,3,3,3,3,3,3,3,14,14,14,14,0,0,0,1,1,1,1,1,1,1,1,1,1,1,5,5,5,5,1,1,1,1,5,5,5,5,5,5,5,5,5,5,1,1,1,1,1,1,1,5,5,5,5,9,9,9,9,9,9,9,9,9,9,4,9,9,5,5,5,5,8,8,8,5,1,1,1,1,1,1,1,1,1,5,14,2,2,2,2,2,2,2,2,2,2,2,2,2,2,2,2,2,14,14,14,14,14,14,14,5,5,5,5,5,5,1,5,5,9,9,9,9,9,9,9,9,9,9,4,4,7,7,4,9,5,5,5,5,14,14,14,14,14,3,2,2,2,2,2,2,2,2,2,2
2,2,14,5,5,5,9,9,9,9,9,9,9,9,9,9,9,9,9,5,5,1,1,1,1,1,5,5,5,14,14,14,3,3,2,2,2,19,3,3,14,14,14,14,3,3,8,8,8,14,5,5,1,1,1,1,1,1,1,5,5,5,5,5,5,0,0,5,8,8,0,0,5,12,0,0,0,0,5,9,9,9,9,9,9,9,13,5,14,8,8,8,8,8,8,14,14,14,14,14,3,3,3,3,3,3,3,3,14,14,14,14,0,0,0,1,1,1,1,1,1,1,1,1,1,1,5,5,5,5,5,5,1,1,5,5,5,5,9,9,9,9,9,5,5,5,1,5,5,5,5,5,5,5,5,9,9,9,9,9,9,9,9,9,9,4,4,4,4,9,5,5,5,8,8,14,5,5,5,1,1,1,1,1,5,5,3,2,2,2,2,2,2,2,2,2,2,2,2,2,2,2,2,2,2,3,14,14,14,14,14,14,14,5,5,5,5,5,5,5,5,5,9,9,9,9,9,9,9,9,9,7,4,4,4,4,9,5,5,5,14,14,14,14,14,3,2,2,2,2,2,2,2,2,2,2,2
2,14,14,5,5,5,9,9,9,9,9,9,9,9,9,9,9,9,9,5,5,5,1,1,1,1,1,5,5,5,3,14,14,3,2,2,2,2,2,3,3,3,3,3,3,3,8,8,8,14,5,5,1,1,1,1,1,1,1,1,1,1,5,1,1,5,5,5,5,5,0,0,0,0,8,0,0,0,8,5,13,5,13,13,13,5,5,5,8,8,8,8,14,14,14,5,5,14,14,14,3,3,3,3,3,3,3,3,3,14,14,14,0,0,5,1,1,1,1,1,1,1,1,1,1,5,5,5,5,9,5,5,5,5,5,5,9,9,9,9,9,9,9,9,9,5,5,9,5,9,9,9,9,9,9,9,9,9,9,9,9,9,9,9,4,4,4,7,4,9,9,5,8,8,8,3,3,14,5,5,5,1,1,5,5,5,2,2,2,2,2,2,2,2,2,2,2,2,2,2,2,2,2,2,2,2,3,14,14,14,14,14,3,3,5,5,5,5,5,5,5,5,13,9,9,9,9,9,9,9,9,9,9,7,4,9,9,5,5,14,14,14,3,14,3,3,2,2,2,2,2,2,2,2,2,2,2
3,14,3,5,5,5,5,9,9,9,9,9,9,9,9,9,9,9,9,9,5,5,5,5,5,1,1,5,5,5,14,14,14,3,14,2,2,2,2,2,2,2,2,3,3,3,3,8,8,8,5,1,1,1,1,1,1,1,1,1,1,1,1,1,1,1,1,1,5,5,5,5,0,8,5,5,5,8,8,5,5,5,5,5,5,5,3,8,8,8,14,14,14,5,1,1,5,5,14,14,14,3,3,3,3,3,3,3,3,3,0,0,0,0,5,5,1,1,1,1,1,1,5,5,5,5,5,5,9,9,9,9,9,9,9,9,9,9,9,9,9,9,9,9,9,9,9,9,9,9,9,9,9,9,9,9,9,9,9,9,9,4,9,4,7,7,7,7,4,4,9,5,8,8,8,3,3,14,5,5,5,5,1,5,5,14,2,2,2,2,2,2,2,2,2,2,2,2,2,2,2,2,2,2,2,2,2,14,14,14,3,3,3,14,14,14,5,5,5,5,5,5,5,5,5,9,9,9,9,9,9,9,9,9,9,13,5,5,14,14,14,14,14,14,3,2,2,2,2,2,2,2,2,2,2,2,2
14,14,14,5,5,5,9,9,9,9,9,9,9,9,9,9,9,9,9,9,9,9,9,5,5,5,5,5,5,5,14,14,14,14,14,14,2,2,2,2,2,2,2,2,2,2,2,3,8,8,3,5,1,1,1,1,1,1,1,1,1,1,1,1,1,1,1,1,1,5,1,1,1,5,5,5,5,8,8,8,8,5,5,14,8,8,8,8,8,3,3,5,5,1,1,1,5,14,14,14,3,3,3,3,14,14,3,3,2,0,0,0,14,5,5,1,1,1,1,1,1,5,5,9,9,9,4,9,9,9,9,9,9,9,9,9,9,9,9,9,13,13,9,9,9,9,9,9,9,9,9,9,9,9,9,9,9,9,9,9,4,4,4,7,7,7,7,7,4,4,9,5,5,8,8,3,3,14,14,14,5,5,5,5,5,14,2,2,2,2,2,2,2,2,2,2,2,2,2,2,2,2,2,2,2,2,14,14,14,14,3,3,14,14,14,14,5,5,5,5,5,1,5,5,5,9,9,9,9,9,9,9,9,13,9,5,5,5,14,14,14,14,14,14,14,2,2,2,2,2,2,2,2,2,2,2,2
14,14,5,5,5,5,9,9,9,9,9,9,9,9,9,9,9,13,13,13,9,9,9,9,5,5,5,5,1,5,14,14,14,14,14,3,2,2,2,2,2,2,2,2,2,2,2,14,8,8,3,5,5,1,1,1,1,1,1,1,1,1,1,1,1,1,1,1,1,1,1,1,1,1,1,1,5,5,5,8,8,8,8,8,8,8,8,14,14,14,5,1,1,1,1,5,5,3,2,2,2,2,2,2,2,2,2,2,2,2,2,3,5,5,1,1,1,1,1,1,1,5,5,9,9,9,4,4,4,9,9,9,9,9,9,9,9,9,9,13,13,13,13,9,9,13,9,9,9,9,9,9,9,9,9,9,9,4,4,4,4,7,7,7,7,7,7,7,4,4,4,9,5,8,8,8,3,14,14,14,5,5,5,5,14,14,2,2,2,2,2,2,2,2,2,2,2,2,2,2,2,2,2,2,2,3,14,14,14,3,3,14,14,14,3,5,5,5,5,5,5,1,1,5,5,5,13,9,9,9,9,9,9,5,5,5,5,3,14,14,3,14,14,14,14,14,2,2,2,2,2,2,2,2,2,2,2
14,14,5,5,5,5,5,9,9,9,9,9,9,9,9,1,13,13,13,13,9,9,9,9,9,9,5,9,5,5,14,14,14,3,3,3,2,2,2,2,2,2,2,2,2,2,2,2,8,8,3,5,5,1,1,1,1,1,1,1,1,1,1,1,1,1,1,1,1,1,1,1,1,1,1,1,5,5,5,8,8,8,8,0,8,3,3,14,14,5,1,1,1,1,1,5,14,3,2,2,2,2,2,2,2,2,2,2,2,2,2,5,1,1,1,1,1,1,1,1,1,5,5,9,9,4,7,7,4,9,9,9,9,9,9,13,13,13,13,13,13,13,13,13,13,13,13,13,13,13,9,9,9,9,4,4,4,4,7,4,7,7,7,7,7,7,7,7,7,4,4,5,5,5,8,8,8,14,14,14,14,14,14,14,14,3,2,2,2,2,2,2,2,2,2,2,2,2,2,2,2,2,2,2,2,2,14,14,14,14,14,14,14,3,14,14,5,5,5,5,5,1,1,5,5,5,5,9,9,9,9,9,9,5,5,5,5,14,14,14,14,3,14,14,14,14,14,3,3,2,2,2,2,2,2,2,2
3,14,5,5,5,5,5,9,9,9,9,9,9,13,13,13,13,13,13,13,9,9,9,9,9,9,9,9,9,5,5,3,14,14,3,3,3,2,2,2,2,2,2,2,2,2,2,2,8,8,14,5,5,5,1,1,1,1,1,1,1,1,1,1,1,1,1,1,1,1,1,1,1,1,1,1,5,5,14,3,3,14,14,14,14,14,14,5,5,1,1,1,1,1,5,5,14,2,2,2,2,2,2,2,2,2,2,2,2,2,2,5,1,1,1,1,1,1,1,1,5,5,9,9,4,4,7,7,7,4,9,9,9,9,13,13,13,13,13,13,13,13,13,13,13,13,13,13,13,13,13,9,4,4,4,7,7,7,7,7,7,7,7,4,4,4,4,4,4,4,9,9,5,5,5,8,8,8,14,14,14,14,14,14,14,3,2,2,2,2,2,2,2,2,2,2,2,2,2,2,2,2,2,2,2,2,2,2,2,3,14,14,14,14,14,14,14,14,5,5,5,1,1,1,5,5,5,5,13,9,9,9,9,5,9,5,5,14,14,14,14,3,3,14,14,3,14,14,3,3,3,3,2,2,2,2,2
14,14,5,5,5,5,5,9,9,9,9,9,13,13,13,13,13,13,13,13,13,13,13,9,9,9,9,9,9,5,5,14,14,14,14,3,2,2,2,2,2,2,2,2,2,2,2,8,8,8,14,5,5,5,5,1,1,1,1,1,1,1,1,1,1,1,1,1,1,1,1,1,1,1,1,5,5,14,14,14,14,14,14,14,14,14,5,5,5,1,1,1,1,5,5,14,14,2,2,2,2,2,2,2,2,2,2,2,2,2,2,5,1,1,1,1,1,5,5,5,5,5,9,4,4,7,7,7,7,4,9,9,9,9,13,13,13,13,13,13,13,13,13,13,13,13,13,13,13,13,4,4,4,7,7,7,7,7,7,7,7,7,4,4,7,9,7,7,4,9,9,9,9,5,5,14,8,8,8,3,14,3,3,14,14,2,2,2,2,2,2,2,2,2,2,2,2,2,2,2,2,2,2,2,2,2,2,2,2,2,15,14,14,14,14,14,14,14,14,5,5,1,1,1,1,5,5,5,5,5,13,5,5,5,1,1,5,5,14,14,14,3,3,3,14,14,3,3,3,3,3,14,2,2,2,2,2
3,5,5,5,5,5,9,9,9,9,9,13,13,13,13,13,13,13,13,13,13,13,13,13,9,9,9,9,5,5,14,14,14,14,14,3,2,2,2,2,2,2,2,2,2,2,15,8,8,14,14,5,5,5,5,1,1,1,1,1,1,1,1,1,1,1,1,1,1,1,1,1,1,1,1,5,5,3,14,14,14,14,14,14,14,5,5,5,1,1,1,1,5,5,5,14,14,2,2,2,2,2,2,2,2,2,2,2,2,2,2,1,1,1,1,1,1,1,5,5,5,9,9,4,4,7,7,7,7,7,4,4,9,9,13,13,13,13,13,13,13,13,13,13,13,13,13,13,13,4,4,7,7,7,7,7,7,7,7,7,7,7,4,4,9,9,9,9,7,9,9,9,13,5,5,14,14,8,8,8,14,14,14,14,14,3,2,2,2,2,2,2,2,2,2,2,2,2,2,2,2,2,2,3,2,2,2,2,2,15,15,0,0,0,14,14,14,14,3,5,5,5,1,1,1,1,5,5,5,5,5,5,5,1,1,1,5,5,5,14,14,14,3,3,3,3,3,14,3,3,3,14,14,3,2,2,2
3,5,5,5,5,9,9,9,9,9,9,13,13,13,13,13,13,13,13,13,13,13,13,13,9,9,9,5,5,14,14,14,14,14,14,3,2,2,2,2,2,2,2,2,2,0,8,8,8,14,14,3,14,5,5,5,5,1,1,1,1,1,1,1,1,1,1,1,1,1,1,1,1,1,1,5,19,2,2,14,14,14,14,3,5,5,1,1,1,1,1,1,5,5,5,14,2,2,2,2,2,2,2,2,2,2,2,2,2,2,5,1,1,1,1,1,1,1,1,5,5,9,9,7,7,4,4,4,7,7,7,4,4,4,13,13,13,13,13,13,13,13,13,13,13,13,13,13,4,4,4,7,7,7,7,4,4,7,7,7,7,4,4,4,9,9,9,9,9,9,9,5,5,5,5,14,14,3,8,8,14,14,14,14,14,3,2,2,2,2,2,2,2,2,2,2,2,2,2,2,2,2,2,3,14,3,3,3,14,14,14,0,0,0,0,14,14,14,14,5,5,5,1,1,1,1,1,1,1,1,1,1,1,1,1,1,5,5,5,5,14,14,14,3,3,3,3,3,3,3,14,3,14,3,2,2,2
14,5,5,5,5,9,9,9,9,9,9,9,13,13,13,13,13,13,13,13,13,13,13,13,9,9,9,5,5,14,14,14,14,14,14,2,2,2,2,2,2,2,2,2,15,0,8,8,14,14,14,14,14,14,5,5,5,5,1,1,1,1,1,1,1,1,1,1,1,1,1,1,1,1,5,5,2,2,2,2,3,14,14,5,5,1,1,1,1,1,1,1,5,5,14,3,2,2,2,2,2,2,2,2,2,2,2,2,2,2,5,1,1,1,1,1,1,1,1,5,5,13,9,9,9,7,4,4,7,7,4,4,4,4,4,13,13,13,13,13,13,13,13,13,13,13,13,4,4,4,4,4,4,4,4,4,4,4,7,7,4,4,7,9,9,9,9,9,9,9,5,5,5,5,5,14,14,8,8,8,14,14,3,14,14,2,2,2,2,2,2,2,2,2,2,2,2,2,2,2,3,3,3,14,14,3,3,3,14,14,14,14,3,0,0,3,14,14,14,5,5,5,1,1,1,1,1,1,1,1,1,1,1,1,1,1,1,5,5,5,14,14,14,3,3,14,14,3,3,14,3,3,3,3,2,2,2
14,14,5,5,9,9,9,9,9,9,9,4,13,13,13,13,13,13,13,13,13,13,13,13,9,9,9,5,14,14,14,3,14,14,14,2,2,2,2,2,2,2,2,15,15,0,0,0,3,14,14,14,14,14,14,14,5,5,5,5,1,1,1,1,1,1,1,1,1,1,1,1,5,5,19,2,2,2,2,2,3,14,3,5,5,5,1,1,1,1,1,5,5,3,2,2,2,2,2,2,2,2,2,2,2,2,2,2,2,3,5,1,1,1,1,1,1,1,1,1,5,5,9,9,9,9,9,4,4,4,4,4,4,4,4,4,4,4,13,13,4,4,13,4,4,4,4,4,4,4,4,4,7,4,4,4,4,4,4,4,4,9,9,9,9,9,9,9,9,5,5,5,5,5,14,14,14,8,8,14,14,14,14,14,3,2,2,2,2,2,2,2,2,2,2,2,2,2,14,14,14,14,14,14,14,14,14,3,14,14,14,3,3,0,0,0,14,14,3,5,5,5,1,1,1,1,1,1,1,1,1,1,1,1,1,1,1,5,5,5,5,5,5,5,5,3,14,14,3,3,3,3,3,3,2,2,2
3,5,5,5,9,9,9,9,9,4,4,4,4,4,13,13,13,13,13,13,13,13,13,9,9,9,5,5,14,14,14,14,14,3,2,2,2,2,2,2,2,2,15,15,15,2,2,2,2,2,2,14,14,14,14,14,5,5,5,5,5,5,5,1,1,1,1,1,1,1,1,1,5,3,2,2,2,2,2,2,3,2,2,3,5,5,1,1,1,1,1,5,5,14,2,2,2,2,2,2,2,2,2,2,2,2,2,2,3,3,5,5,1,1,1,1,1,1,1,1,5,5,5,9,9,9,9,7,4,4,4,4,4,4,7,7,4,4,4,4,4,4,4,4,4,4,7,7,4,4,7,9,9,7,9,9,7,4,4,4,4,9,9,9,9,9,9,9,9,5,5,5,5,5,14,14,8,8,8,14,14,14,14,14,14,3,2,2,2,2,2,2,2,2,2,2,2,3,14,14,14,14,14,14,14,14,14,14,14,3,3,14,14,14,0,0,0,0,0,5,5,5,5,1,1,1,1,1,1,1,1,1,1,1,1,1,1,5,5,5,5,5,5,5,5,5,14,14,14,3,3,3,3,3,2,2,2
3,5,5,5,9,9,9,9,4,4,4,7,4,4,4,13,13,13,13,13,13,9,9,9,9,9,5,5,14,14,14,14,14,2,2,2,2,2,2,2,2,2,0,0,2,2,2,2,2,2,2,3,14,14,14,14,14,5,5,5,5,5,5,5,1,1,1,1,1,1,1,5,5,2,2,2,2,2,2,2,2,2,2,2,5,5,1,1,1,1,5,5,5,14,2,2,2,2,2,2,2,2,2,2,2,2,2,2,3,5,5,1,1,1,1,1,1,1,1,1,5,5,5,9,9,9,9,9,7,4,4,4,4,7,7,7,7,4,4,4,4,7,7,7,7,7,7,7,4,4,9,9,9,9,9,9,9,7,7,7,9,9,9,9,9,9,9,9,5,5,5,5,5,5,14,3,8,8,3,14,14,14,14,14,14,3,2,2,2,2,2,2,2,2,2,2,3,3,5,5,5,14,14,3,14,3,14,14,14,3,14,3,14,14,14,0,0,0,0,0,0,5,5,5,1,1,1,1,1,1,1,1,1,1,1,1,1,1,1,5,5,5,1,1,5,5,5,5,14,14,3,3,3,2,2,2,2
5,5,5,5,9,9,9,4,4,7,7,7,7,7,4,4,4,13,13,13,9,9,9,9,9,9,5,14,14,14,3,14,14,2,2,2,2,2,2,2,2,2,2,0,2,2,2,2,2,2,2,3,14,14,14,14,14,14,5,5,14,5,5,5,5,1,1,1,1,1,5,5,3,2,2,2,2,2,2,2,2,2,2,2,3,5,1,1,1,1,5,5,5,3,2,2,2,2,2,2,2,2,2,2,2,2,2,2,14,5,5,1,1,1,1,1,1,1,1,1,5,5,5,9,9,9,9,9,9,7,4,4,4,4,7,7,7,7,7,7,7,7,7,7,7,7,7,4,4,9,9,9,9,9,9,9,9,9,9,9,9,9,9,9,13,9,13,5,5,5,5,5,5,14,14,3,8,8,8,14,14,14,14,14,14,14,2,2,2,2,2,2,2,2,2,14,5,5,5,5,5,5,5,5,5,5,5,14,14,3,3,3,14,14,14,14,14,14,14,0,0,0,5,5,5,5,1,1,1,1,1,1,1,1,1,1,1,1,1,1,1,1,1,1,1,1,5,5,14,14,3,3,3,2,2,2,2
5,5,5,5,9,9,9,7,4,4,7,7,7,7,7,4,4,4,9,9,9,9,9,9,9,5,5,5,14,14,14,14,14,2,2,2,2,2,2,2,2,2,0,0,2,2,2,2,2,2,2,3,14,14,14,14,14,14,14,14,14,14,14,5,5,1,1,1,1,5,5,5,2,2,2,2,2,2,2,2,2,2,2,2,5,5,5,5,5,5,5,5,5,14,2,2,2,2,2,2,2,2,2,2,2,2,2,2,14,5,5,1,1,1,1,1,1,1,5,5,5,9,9,9,9,9,9,9,9,13,13,13,7,4,4,7,7,7,7,7,7,7,7,7,7,7,7,4,4,9,9,9,9,9,9,9,9,9,9,9,9,9,9,5,5,5,5,5,5,1,1,1,5,14,14,14,8,8,8,8,8,14,14,14,14,2,2,2,2,2,2,2,2,2,2,3,5,5,5,1,1,1,5,5,5,5,5,5,5,5,5,5,14,14,14,14,14,14,14,5,0,0,0,5,5,5,5,1,1,1,1,1,1,1,1,1,1,1,1,1,1,1,1,1,1,1,5,5,3,14,3,3,3,2,2,2,2
5,5,5,5,5,9,9,9,7,4,7,7,7,7,7,7,4,4,9,9,9,9,9,13,13,5,5,14,14,14,14,14,14,2,2,2,2,2,2,2,2,2,2,0,15,2,2,2,2,2,2,2,14,14,14,14,14,3,3,14,14,14,14,14,5,5,5,5,5,5,5,5,14,2,2,2,2,2,2,2,2,2,2,2,3,5,5,5,5,5,5,5,5,14,2,2,2,2,2,2,2,2,2,2,2,2,2,3,14,5,5,1,1,1,1,1,1,5,5,5,9,9,9,9,9,9,9,9,13,13,13,13,13,4,7,7,7,7,7,7,7,7,7,7,7,7,7,4,4,9,9,9,9,9,9,9,9,9,13,13,13,5,5,5,5,5,1,1,1,1,1,1,5,5,14,14,14,3,8,8,8,8,14,14,14,2,2,2,2,2,2,2,2,2,2,19,5,5,5,1,1,1,1,1,5,5,5,5,5,5,5,5,14,14,14,5,5,5,5,5,5,0,0,0,0,5,5,1,1,1,1,1,1,1,1,1,1,1,1,1,1,1,1,1,1,1,5,5,3,14,14,3,3,2,2,2,2
5,5,5,5,5,9,9,9,9,4,7,7,7,7,7,7,4,4,9,9,9,9,9,5,5,5,5,5,14,14,14,14,3,2,2,2,2,2,2,2,2,2,2,0,0,2,2,2,2,2,2,2,2,3,3,3,2,2,2,2,14,14,14,5,5,5,5,5,5,5,5,14,14,2,2,2,2,2,2,2,2,2,2,2,14,5,5,5,5,5,5,5,5,14,2,2,2,2,2,2,2,2,2,2,2,2,3,3,3,1,1,1,1,1,1,5,5,5,5,9,9,9,9,9,9,9,9,13,13,13,13,13,13,4,4,7,7,7,7,7,7,7,7,7,7,7,4,4,9,9,9,9,9,13,13,5,13,13,5,5,5,5,5,5,1,1,1,1,1,1,1,1,1,5,5,14,14,14,14,14,14,0,0,2,2,2,2,2,2,2,2,2,2,2,2,2,5,5,5,1,1,1,1,1,1,5,5,5,5,5,5,5,5,5,5,5,5,5,1,1,1,5,0,0,0,5,5,5,1,1,1,1,1,1,1,1,1,1,1,1,1,1,1,1,1,1,5,5,14,14,14,3,2,2,2,2,2
5,5,5,5,5,9,9,9,9,4,7,7,7,7,7,4,4,9,9,9,9,9,5,5,1,1,5,5,5,14,14,14,2,2,2,2,0,0,0,2,2,2,2,2,0,0,2,2,2,2,2,2,2,2,2,2,2,2,2,2,2,14,14,3,5,5,5,5,5,5,5,14,3,2,2,2,2,2,2,2,2,2,2,3,3,5,5,5,5,5,5,14,14,3,2,2,2,2,2,2,2,2,2,2,2,14,14,14,5,1,1,1,1,1,5,5,5,5,9,9,9,9,9,9,9,9,13,13,13,13,13,13,13,7,4,4,7,7,7,7,7,7,7,7,7,7,4,9,9,9,9,9,5,5,5,5,5,5,5,5,5,5,5,5,1,1,1,1,1,1,1,1,1,1,5,5,14,14,14,14,3,0,2,2,2,2,2,2,2,2,2,2,2,2,2,2,2,5,5,5,1,1,1,1,1,1,1,1,1,1,1,5,5,5,5,5,5,1,1,1,1,1,1,0,0,0,5,5,5,5,1,1,1,1,1,1,1,1,1,1,1,1,1,1,1,1,5,5,14,14,14,14,3,2,2,2,2
5,5,5,5,9,9,9,9,9,9,4,4,7,7,7,4,4,4,9,9,9,5,5,5,1,1,1,5,5,14,14,14,2,2,2,0,0,0,0,0,2,2,2,2,0,0,2,2,2,2,2,2,2,2,2,2,2,2,2,2,2,14,14,3,3,3,5,5,5,5,14,14,3,2,2,2,2,2,2,2,2,2,2,3,14,14,5,5,5,5,5,2,2,2,2,2,2,2,2,2,2,2,2,2,2,14,14,14,5,1,1,1,1,1,5,5,5,9,9,9,9,9,9,9,9,13,13,13,13,13,13,13,13,13,4,7,7,7,7,7,7,7,7,7,7,4,4,9,9,9,9,9,5,5,5,5,5,1,1,5,5,5,1,1,1,1,1,1,1,1,1,1,1,1,5,5,14,14,14,14,3,2,2,2,2,2,2,2,2,2,2,2,2,2,2,2,2,14,5,5,5,1,1,1,1,1,1,1,1,1,1,1,1,1,1,5,1,1,1,1,1,1,1,5,0,0,0,5,5,5,1,1,1,1,1,1,1,1,1,1,1,1,1,1,1,1,5,5,14,14,14,14,3,2,2,2,2
5,5,5,5,5,13,9,9,9,9,4,4,7,7,7,4,4,9,9,9,9,5,5,1,1,1,1,5,5,5,14,14,3,2,0,0,0,0,2,0,0,0,0,0,0,2,2,2,2,2,2,2,2,2,2,2,2,2,2,2,2,3,14,14,3,14,14,14,5,14,14,3,2,2,2,2,2,2,2,2,2,2,2,14,14,14,14,14,5,3,2,2,2,2,2,2,2,2,2,2,2,2,2,2,3,14,14,14,5,1,1,5,5,5,5,9,9,9,9,9,9,9,9,9,13,13,13,13,13,13,13,13,13,13,4,4,4,7,7,7,7,7,7,7,4,4,9,9,9,9,9,9,5,5,5,5,1,1,1,1,1,1,1,1,1,1,1,1,1,1,1,1,1,1,5,14,14,14,14,14,3,2,2,2,2,2,2,2,2,2,2,2,2,2,2,2,14,14,5,5,5,1,1,1,1,1,1,1,1,1,1,1,1,1,1,1,1,1,1,1,1,1,1,5,5,0,0,0,5,5,5,1,1,1,1,1,1,1,1,1,1,1,1,1,1,1,5,5,14,14,14,3,3,2,2,2,2
5,5,5,5,5,5,13,9,9,9,7,4,7,7,7,7,4,4,9,9,9,5,5,1,1,1,1,1,5,5,5,14,14,0,0,0,0,2,2,2,0,0,0,0,2,2,2,2,2,2,2,2,2,2,2,2,2,2,2,2,2,2,3,14,14,14,14,14,14,3,3,2,2,2,2,2,2,2,2,2,2,2,3,14,14,14,14,14,14,3,2,2,2,2,2,2,2,2,2,2,2,3,3,3,14,14,14,14,5,1,5,5,5,5,9,9,9,9,9,9,9,9,9,13,13,13,13,13,13,13,13,13,13,9,9,4,4,4,7,7,7,7,7,4,4,9,9,9,9,9,9,5,5,5,5,1,1,1,1,1,1,1,1,1,1,1,1,1,1,1,1,1,5,5,14,14,14,3,3,14,3,2,2,2,2,2,2,2,2,2,2,2,2,3,3,14,14,14,5,5,5,5,5,1,1,1,1,1,1,1,1,1,1,1,1,1,1,1,1,1,1,1,1,5,5,5,0,0,0,5,5,1,1,1,1,1,1,1,1,1,1,1,1,1,1,1,5,5,14,14,14,3,3,2,2,2,2
5,5,5,1,5,5,5,5,9,9,9,9,4,7,7,7,7,4,4,9,9,5,5,1,1,1,1,1,1,5,5,5,14,3,0,0,0,2,2,2,2,2,2,2,2,2,2,2,2,2,2,2,2,2,2,2,2,2,2,2,2,2,2,3,3,3,14,3,3,3,3,2,2,2,2,2,2,2,2,2,2,2,2,2,3,14,14,3,2,2,2,2,2,2,2,2,2,2,2,2,2,2,14,14,14,14,3,5,5,5,5,9,9,9,9,9,9,9,9,9,9,9,9,9,13,13,13,13,13,13,13,13,13,9,9,9,4,4,4,7,7,7,4,4,4,9,9,9,9,5,5,5,5,5,1,1,1,1,1,1,1,1,1,1,1,1,1,1,1,1,1,5,5,5,14,14,14,14,14,3,3,3,2,2,2,2,2,2,2,2,2,2,3,14,14,14,14,5,5,5,5,5,9,5,5,1,1,1,5,1,1,1,1,1,1,1,1,1,1,1,1,1,1,1,5,5,5,0,0,5,5,5,5,1,1,1,1,1,1,1,1,1,1,1,1,1,5,5,5,14,14,14,14,2,2,2,2
5,5,1,1,5,5,5,5,9,9,9,9,7,4,7,7,7,7,4,9,9,9,5,1,1,1,1,1,1,1,5,5,14,14,3,3,0,0,2,2,2,2,2,2,2,2,2,2,2,2,2,2,2,2,2,2,2,2,2,2,2,2,2,2,3,14,3,3,3,3,2,2,2,2,2,2,2,2,2,2,2,2,2,2,2,14,14,3,2,2,2,2,2,2,2,2,2,2,2,2,2,2,14,14,14,14,5,5,5,5,5,9,9,9,9,9,9,9,9,9,9,9,9,9,13,13,13,13,13,13,13,13,13,9,9,9,4,4,4,7,7,4,4,7,9,9,9,9,5,5,5,5,1,1,1,1,1,1,1,1,1,1,1,1,1,1,1,1,1,1,5,5,5,3,3,14,14,14,3,3,2,2,2,2,2,2,2,2,2,2,2,3,14,14,14,14,14,5,5,5,5,9,9,9,5,5,5,5,5,5,1,1,1,1,1,1,1,1,1,1,1,1,1,1,1,5,5,0,0,0,0,5,5,5,1,1,1,1,1,1,1,1,1,1,1,1,5,5,14,14,14,14,14,3,2,2,2
5,1,1,1,5,5,5,5,5,9,9,9,9,4,7,7,7,7,4,4,9,9,5,1,1,1,1,1,1,1,5,5,5,14,14,14,0,0,0,2,2,2,2,2,2,2,2,2,2,2,2,2,2,2,2,2,2,2,2,2,2,2,2,2,2,3,3,3,2,2,2,2,2,2,2,2,2,2,2,2,2,2,2,2,2,2,14,2,2,2,2,2,2,2,2,2,2,2,2,2,2,2,3,14,14,14,5,5,5,5,5,9,9,9,9,9,9,9,9,9,9,9,13,9,13,13,13,13,13,13,13,13,13,9,9,9,9,4,4,7,7,7,4,9,9,9,9,9,5,5,5,1,1,1,1,1,1,1,1,1,1,1,1,1,1,1,1,5,5,5,5,14,2,2,2,2,3,14,14,2,2,2,2,2,2,2,2,2,2,2,2,14,14,14,14,14,5,5,5,9,9,9,9,9,9,5,5,5,5,5,5,5,1,1,1,1,1,1,1,1,1,1,1,1,1,1,5,5,0,0,0,5,5,5,1,1,1,1,1,1,1,1,1,1,1,1,5,5,14,14,14,14,3,3,3,2,2
1,1,1,1,5,5,5,5,5,9,9,9,9,9,4,7,7,7,7,4,9,9,5,5,1,1,1,1,1,1,5,5,5,14,14,14,3,3,0,0,2,2,2,2,2,2,2,2,2,2,2,2,2,2,2,2,2,2,2,2,2,2,2,2,2,3,3,3,2,2,2,2,2,2,2,2,2,2,2,2,2,2,2,2,2,2,2,2,2,2,2,2,2,2,2,2,2,2,2,2,2,2,14,14,14,14,5,5,5,5,9,9,9,9,9,13,13,13,13,13,13,13,13,13,13,13,13,13,13,13,13,13,9,9,9,9,9,9,4,4,7,7,4,9,9,9,9,9,5,5,5,1,1,1,1,1,1,1,1,1,1,1,1,1,1,1,5,5,5,5,3,2,2,2,2,2,2,3,14,2,2,2,2,2,2,2,2,2,2,2,14,14,14,14,14,5,5,5,9,9,9,9,9,9,9,9,5,5,5,5,5,5,1,1,5,1,1,1,1,1,1,1,1,1,1,1,1,5,5,0,0,5,5,5,5,5,5,5,5,1,1,1,1,1,1,5,5,5,14,14,14,3,3,3,3,2,2
1,1,1,1,1,5,5,5,5,9,9,9,9,9,4,7,7,7,4,4,9,9,5,5,1,1,1,1,1,1,5,5,5,14,14,14,3,3,14,0,2,2,2,2,2,2,2,2,2,2,2,2,2,2,2,2,2,2,2,2,2,2,2,2,2,2,2,2,2,2,2,2,2,2,2,2,2,2,2,2,2,2,2,2,2,2,2,2,2,2,2,2,2,2,2,2,2,2,2,2,2,2,14,14,14,5,5,5,9,9,9,9,9,9,13,13,13,13,13,13,13,13,13,13,13,13,13,13,13,13,13,13,9,9,9,9,9,9,4,4,4,4,4,9,9,9,9,5,5,5,5,1,1,1,1,1,1,1,1,1,1,1,1,1,5,5,5,5,5,3,3,2,2,2,2,2,2,2,2,2,2,2,2,2,2,2,2,2,2,2,14,14,14,14,5,5,5,9,9,9,9,9,9,9,9,9,9,9,9,9,5,5,5,5,5,5,5,1,1,1,1,1,1,1,1,1,1,5,5,0,0,5,5,5,5,5,5,5,5,5,5,5,5,5,5,5,5,5,14,14,14,3,3,3,3,2,2
1,1,1,1,1,5,5,5,5,9,9,9,9,9,4,7,7,7,4,9,9,9,5,5,1,1,1,1,1,5,5,5,5,14,14,14,3,3,14,0,2,2,2,2,2,2,2,2,2,2,2,2,2,2,2,2,2,2,2,2,2,2,2,2,2,2,2,2,2,2,2,2,2,2,2,2,2,2,2,2,2,2,2,2,2,2,2,2,2,2,2,2,2,2,2,2,2,2,2,2,2,14,14,14,14,5,5,5,9,9,9,9,9,9,13,13,13,13,13,13,13,13,13,13,13,13,13,13,13,13,13,13,9,9,9,9,4,4,4,7,7,4,4,4,9,9,9,5,5,5,1,1,1,1,1,1,1,1,1,1,1,1,1,5,5,5,5,5,14,14,2,2,2,2,2,2,2,2,2,2,2,2,2,2,2,2,2,2,2,3,14,14,5,5,5,5,9,9,9,9,9,9,9,9,9,4,4,9,9,9,9,5,5,5,5,5,5,5,5,5,5,5,1,1,1,1,1,1,5,0,0,5,5,5,5,5,5,5,5,5,5,5,5,5,5,5,14,14,14,14,14,3,3,14,14,2,2
1,1,1,1,1,1,5,5,5,13,9,9,9,4,4,7,7,7,4,9,9,9,5,5,5,1,1,1,5,5,5,14,14,14,14,3,14,3,14,2,2,2,2,2,2,2,2,2,2,2,2,2,2,2,2,2,2,2,2,2,2,2,2,2,2,2,2,2,2,2,2,2,2,2,2,2,2,2,2,2,2,2,2,2,2,2,2,2,2,2,2,2,2,2,2,2,2,2,2,2,2,14,14,5,5,5,5,5,9,9,9,9,9,9,13,13,13,13,13,13,13,13,13,13,13,13,13,13,13,13,13,9,9,9,9,9,4,4,7,7,7,4,4,9,9,9,9,5,5,1,1,1,1,1,1,1,1,1,1,1,1,1,1,5,5,14,14,14,14,14,2,2,2,2,2,2,2,2,2,2,2,2,2,2,2,2,2,2,19,14,14,5,5,5,9,9,9,9,9,9,9,9,9,9,9,4,4,4,4,4,9,9,9,9,9,9,9,5,5,5,5,5,5,1,5,5,1,1,5,5,0,0,5,5,5,5,5,5,5,5,5,5,5,5,5,5,14,14,14,3,3,3,3,3,14,14,3
1,1,1,1,1,1,5,5,5,5,9,9,9,4,7,7,7,4,4,9,9,9,9,5,5,1,1,1,5,5,5,3,3,3,3,3,14,14,3,2,2,2,2,2,2,2,2,2,2,2,2,3,3,3,2,2,2,2,2,2,2,2,2,2,2,2,2,2,2,2,2,2,2,2,2,2,2,2,2,2,2,2,2,2,2,2,2,2,2,2,2,2,2,2,2,2,2,2,2,3,14,14,14,5,5,5,5,5,9,9,9,9,9,9,13,13,13,13,13,13,13,13,13,13,13,13,13,13,13,13,13,9,9,9,9,9,4,4,7,7,7,4,4,9,9,9,9,5,5,5,1,1,1,1,1,1,1,1,1,1,1,1,1,5,5,14,14,14,14,2,2,2,2,2,2,2,2,2,2,2,2,2,2,2,14,3,2,2,3,14,3,5,5,9,9,9,9,9,9,9,9,9,9,4,4,7,7,7,7,4,4,9,9,9,9,9,9,9,9,9,9,5,5,5,5,5,5,5,5,5,0,0,0,5,5,5,5,5,5,5,5,5,14,14,14,14,14,14,3,3,3,3,3,3,3,14,2
1,1,1,1,1,1,1,5,5,5,9,9,9,4,7,7,7,4,9,9,9,9,9,5,5,5,1,5,5,5,3,3,3,3,3,3,3,14,3,2,2,2,2,2,2,2,2,2,2,2,3,3,3,14,3,2,2,2,2,2,2,2,2,2,2,2,2,2,2,2,2,2,2,2,2,2,2,2,2,2,2,2,2,2,2,2,3,2,2,2,2,2,2,2,2,2,2,2,2,14,14,14,5,5,5,5,5,5,9,9,9,9,13,13,13,13,13,13,13,13,13,13,13,13,13,13,13,13,13,9,9,9,9,9,9,9,4,7,7,7,7,4,9,9,9,9,5,5,5,5,1,1,1,1,1,1,1,1,1,1,1,1,5,5,3,14,14,14,3,2,2,2,2,2,2,2,2,2,2,2,2,2,3,3,14,3,2,2,14,14,5,5,5,5,9,9,9,9,9,9,9,9,13,4,4,7,7,7,7,7,4,4,9,4,9,9,9,9,9,9,9,9,9,9,5,5,9,9,9,5,5,0,0,0,5,5,5,5,5,5,14,14,14,14,14,3,3,3,3,3,3,3,3,3,2,2,2
1,1,1,1,1,1,1,5,5,5,9,9,4,4,7,7,7,4,9,9,13,5,5,5,5,5,5,5,5,14,3,3,3,3,3,3,3,3,3,2,2,2,2,2,2,2,2,2,2,3,3,3,3,3,3,2,2,2,2,2,2,2,2,2,2,2,2,2,2,2,2,2,2,2,2,2,2,2,2,2,2,2,2,2,2,3,2,2,2,2,2,2,2,2,2,2,2,3,14,14,14,5,5,5,5,5,5,9,9,9,9,9,13,13,13,13,13,13,13,13,13,13,13,13,13,13,13,13,9,9,9,9,9,9,4,4,4,7,7,4,4,4,9,9,9,9,5,5,5,1,1,1,1,1,1,1,1,1,1,1,1,5,5,5,14,14,14,3,3,2,2,2,2,2,2,2,2,2,2,2,2,2,3,14,3,14,14,14,14,14,5,5,5,5,9,9,9,9,9,9,9,13,13,13,13,4,7,7,7,7,7,4,4,7,4,9,9,9,9,9,4,4,9,9,9,9,9,9,9,9,5,5,0,0,0,0,5,5,14,14,14,14,14,3,3,14,3,3,2,2,3,3,3,3,2,2,2
1,1,1,1,1,1,5,5,5,5,9,9,4,4,7,7,4,4,9,9,5,5,5,5,5,5,5,5,5,14,14,3,3,3,3,3,3,3,2,2,2,2,2,2,2,2,2,2,3,3,3,3,3,14,3,2,2,2,2,2,2,2,2,2,2,2,2,2,2,2,2,2,2,2,2,2,2,2,2,2,2,2,2,14,14,14,3,2,2,2,2,2,2,2,2,2,2,3,14,3,5,5,5,5,5,5,9,9,9,9,9,13,13,13,13,13,13,13,13,13,13,13,13,13,13,9,9,9,9,9,9,9,9,4,4,4,4,4,4,4,7,9,9,9,9,9,5,5,5,1,1,1,1,1,1,1,1,1,1,1,1,5,5,14,14,14,14,14,3,3,3,2,2,2,2,2,2,2,2,2,2,0,14,5,5,5,14,3,14,14,5,5,5,9,9,9,9,9,9,9,9,13,13,13,13,7,4,7,7,7,7,7,7,7,7,4,9,9,4,4,4,4,9,9,9,9,9,9,9,9,5,5,5,5,0,0,0,3,14,14,14,14,3,3,3,3,3,2,2,2,2,2,2,2,2,2,2
1,1,1,1,1,1,5,5,5,9,9,4,4,7,4,4,7,9,9,5,5,5,5,5,5,5,5,5,3,14,3,3,3,3,3,3,3,3,2,2,2,2,2,2,2,2,2,3,3,3,3,3,14,3,3,2,2,2,2,2,2,2,2,2,2,2,2,2,2,2,2,2,2,2,2,2,2,2,2,2,3,14,14,14,14,14,3,2,2,2,2,2,2,2,2,2,14,14,14,14,3,5,5,5,5,9,9,9,9,9,13,13,13,13,13,13,13,13,13,13,13,13,13,13,13,9,9,9,9,9,9,4,4,4,4,4,4,4,4,9,9,9,9,9,9,9,5,5,1,1,1,1,1,1,1,1,1,1,1,1,5,5,14,14,14,14,14,14,14,3,3,2,2,2,2,2,2,2,2,2,2,2,14,5,5,5,5,5,14,14,5,5,5,9,9,9,9,9,9,9,9,9,13,13,13,13,13,4,4,4,7,7,7,7,7,7,4,4,4,7,7,4,9,9,9,9,9,9,9,9,5,5,5,5,5,5,0,0,3,3,14,3,14,3,3,3,3,2,2,2,2,2,2,2,2,2,2
1,1,1,1,5,5,5,9,9,9,9,4,7,7,7,4,9,9,9,5,5,5,5,5,14,14,14,14,3,14,3,3,3,3,3,3,3,2,2,2,2,2,2,2,2,2,3,14,14,3,3,3,3,3,3,3,2,2,2,2,2,2,2,2,2,2,2,2,2,2,2,2,2,2,2,2,2,2,2,2,3,14,14,5,5,14,3,2,2,2,2,2,2,2,2,3,14,14,14,3,3,5,5,5,9,9,9,9,9,9,13,13,13,13,13,13,13,13,13,13,13,13,13,13,9,9,9,9,9,9,4,4,4,4,4,4,4,4,9,9,9,9,9,9,9,5,5,5,1,1,1,1,1,1,1,1,5,5,5,5,5,5,14,14,14,14,14,3,3,14,3,2,2,2,2,2,2,2,2,2,2,14,5,5,5,1,5,5,5,5,5,5,5,9,9,9,9,9,9,9,9,9,13,13,13,13,13,13,13,7,4,4,4,4,7,7,7,7,7,7,7,4,9,9,9,9,9,9,9,9,9,5,5,5,5,5,0,0,0,14,14,14,14,3,3,3,3,2,2,2,2,2,2,2,2,2,2
1,1,1,1,5,5,5,9,9,9,4,7,7,7,7,4,4,9,9,5,5,5,5,5,5,3,14,14,3,3,3,3,3,3,3,3,3,2,2,2,2,2,2,2,2,2,3,14,3,3,3,3,3,3,14,3,2,2,2,2,2,2,2,2,2,2,2,2,2,2,2,2,2,2,2,2,2,2,3,3,5,5,5,5,5,5,3,2,2,2,2,2,2,2,2,3,14,3,3,14,3,5,5,5,5,9,9,9,9,9,13,13,13,13,13,13,13,13,13,13,13,13,9,9,9,9,9,9,4,4,4,4,4,9,7,7,9,9,9,9,9,9,9,9,5,5,5,5,5,1,1,1,1,1,1,1,5,5,5,5,14,14,14,14,14,14,3,3,3,3,2,2,2,2,2,3,3,3,14,14,14,14,5,5,1,1,1,5,5,5,5,5,5,9,9,9,9,9,9,9,9,9,13,13,13,13,13,13,13,13,13,7,7,4,4,7,7,7,7,7,4,9,9,9,9,9,9,9,9,9,9,5,5,5,5,5,3,0,0,14,14,14,14,14,14,14,2,2,2,2,2,2,2,2,2,2,2
1,1,1,1,5,5,9,9,9,4,7,7,7,7,4,4,9,9,13,5,5,5,5,5,5,5,14,14,3,3,3,3,3,3,3,14,3,2,2,2,2,2,2,2,2,2,3,3,14,3,3,3,3,3,3,3,2,2,2,2,2,2,2,2,2,2,2,2,2,2,2,2,2,2,2,2,2,2,2,14,5,5,5,1,1,5,5,14,2,2,2,2,2,2,2,2,3,14,3,3,3,3,5,5,5,9,9,9,9,9,9,13,13,13,13,13,13,13,13,13,13,13,9,9,9,9,9,4,4,7,7,7,4,9,9,9,9,9,9,9,9,9,9,9,5,5,5,5,5,1,1,1,1,5,1,5,5,5,14,14,14,14,14,14,3,14,14,3,14,3,2,2,2,2,3,14,14,14,14,14,14,14,5,5,1,1,1,1,1,1,5,5,5,9,9,9,9,9,9,9,9,9,9,13,13,13,13,13,13,13,13,13,13,13,7,4,7,7,7,4,4,9,9,9,9,9,9,9,9,9,5,5,5,5,5,3,3,0,0,14,14,14,14,14,14,14,2,2,2,2,2,2,2,2,2,2,2
1,1,1,1,5,9,9,4,4,4,7,7,7,7,4,4,9,9,5,5,5,5,1,5,5,5,5,14,3,3,3,3,3,3,3,3,14,2,2,2,2,2,2,2,2,2,2,14,14,3,3,3,3,3,3,3,3,2,2,2,2,2,2,2,2,2,2,2,2,2,2,2,2,2,2,2,2,2,2,3,5,5,5,1,1,1,5,3,2,2,2,2,2,2,2,2,2,3,14,3,3,3,3,3,5,5,13,9,9,9,9,13,13,13,13,13,13,13,13,9,9,9,9,9,9,9,9,4,4,7,7,7,7,4,9,9,9,9,9,13,13,13,13,5,5,5,5,5,5,5,1,5,5,5,5,5,5,14,14,14,14,14,3,3,3,3,14,3,3,2,2,2,2,2,3,14,14,14,14,14,14,14,5,5,1,1,1,1,1,1,1,1,5,13,13,9,9,9,9,9,9,9,9,9,13,13,13,13,13,13,13,13,13,13,13,4,7,7,7,4,9,9,9,9,9,9,9,9,13,13,5,5,5,5,5,14,14,0,0,0,0,14,14,14,14,14,2,2,2,2,2,2,2,2,2,2,2
1,1,5,5,5,9,4,4,4,7,7,7,7,7,4,4,9,5,5,5,5,5,1,1,5,5,5,3,3,3,3,3,3,3,3,3,3,2,2,2,2,2,2,2,2,2,2,3,14,3,3,3,3,3,14,3,3,3,14,2,2,2,2,2,2,2,2,2,2,2,2,2,2,2,2,2,2,2,3,14,5,5,1,1,1,5,5,14,2,2,2,2,2,2,2,2,2,3,14,3,3,3,14,14,5,5,5,9,9,9,9,13,13,13,13,13,13,13,9,9,9,9,9,9,9,9,9,7,7,4,4,4,7,4,4,9,9,9,5,5,5,5,5,5,5,5,5,5,5,5,5,5,5,3,3,3,3,3,14,14,3,3,3,3,3,3,3,2,2,2,2,2,2,2,3,3,14,14,3,14,14,5,5,5,1,1,1,1,1,1,1,1,5,5,5,13,9,9,9,9,9,9,9,9,9,13,13,13,13,13,13,13,13,13,13,4,7,7,7,4,4,9,9,9,9,9,9,9,5,5,5,5,5,5,5,14,14,14,0,0,0,3,3,3,3,2,2,2,2,2,2,2,2,2,2,2,2
1,1,5,5,9,9,4,4,7,7,7,7,7,7,4,9,9,9,5,5,5,1,1,1,1,5,5,3,14,3,3,3,3,3,14,3,2,2,2,2,2,2,2,2,2,2,2,3,14,3,3,3,3,3,3,3,3,3,14,14,2,2,2,2,2,2,2,2,2,2,2,2,2,2,2,2,2,2,3,14,5,5,1,1,1,5,5,14,3,2,2,2,2,2,2,2,2,3,14,3,14,14,14,14,14,5,5,5,9,9,9,9,9,13,13,13,13,9,9,9,9,9,9,9,9,9,9,9,9,7,7,4,4,4,9,9,13,13,5,5,5,5,5,5,5,5,5,5,5,5,5,14,14,14,2,2,2,2,14,14,3,3,3,3,3,2,2,2,2,2,2,2,2,2,14,14,3,14,14,5,5,5,5,1,1,1,1,1,1,1,1,1,5,5,5,5,9,9,9,9,9,9,9,9,9,9,13,13,13,13,13,13,13,13,13,13,4,7,7,4,4,4,9,9,9,9,9,5,5,5,1,5,5,5,1,5,14,14,14,14,0,0,15,2,2,2,2,2,2,2,2,2,2,2,2,2,2
1,5,5,9,9,4,4,7,7,7,7,7,7,7,4,9,9,5,5,5,1,1,1,1,5,5,5,14,14,3,3,3,3,14,14,2,2,2,2,2,2,2,2,2,2,2,3,3,3,3,3,3,3,3,3,3,3,3,3,3,14,2,2,2,2,2,2,2,2,2,2,2,2,2,2,2,2,2,2,14,5,5,1,1,1,1,5,14,3,2,2,2,2,2,2,2,2,3,3,14,14,14,14,14,14,14,5,5,13,9,9,9,9,9,9,9,9,9,9,9,9,9,9,9,9,9,9,9,9,9,13,13,7,9,9,5,5,5,5,5,1,5,5,5,5,5,5,5,14,3,3,14,2,2,2,2,2,2,2,3,2,2,2,2,2,2,2,2,2,2,2,2,2,2,14,14,14,14,5,5,5,5,1,1,1,1,1,1,1,1,1,1,5,5,5,5,5,9,9,9,9,9,9,9,9,9,13,13,13,13,13,13,13,13,13,13,4,7,7,7,7,7,4,9,9,9,9,5,5,1,1,1,5,1,1,5,5,5,14,14,14,0,2,2,2,2,2,2,2,2,2,2,2,2,2,2,2
1,5,5,5,4,4,4,7,7,7,7,7,7,7,4,4,9,5,5,5,1,1,1,1,5,5,5,14,14,3,3,3,14,14,14,2,2,2,2,2,2,2,2,2,2,3,14,14,3,3,3,3,3,3,3,3,3,3,3,3,3,3,2,2,2,2,2,2,2,2,2,2,2,2,2,2,2,2,3,14,5,5,1,1,1,1,5,5,2,2,2,2,2,2,2,2,2,2,3,14,3,3,3,14,14,14,3,5,5,13,13,13,9,9,9,9,9,13,5,5,9,9,9,9,9,9,9,9,9,9,5,5,5,5,5,5,5,5,5,1,1,1,1,5,5,5,5,3,3,3,2,2,2,2,2,2,2,2,2,2,2,2,2,2,2,2,2,2,2,2,2,2,2,2,3,14,14,14,5,5,5,1,1,1,1,1,1,1,1,1,1,1,1,5,5,5,5,13,9,9,9,9,9,9,9,9,9,13,13,13,13,13,13,9,9,4,7,7,7,7,7,7,4,9,9,9,9,5,5,1,1,1,1,1,1,1,1,5,5,14,14,14,2,2,2,2,2,2,2,2,2,2,2,2,2,2,2
1,5,5,5,9,4,4,4,4,4,7,4,4,4,4,4,9,5,5,5,1,1,1,1,5,5,5,14,14,3,3,3,3,3,2,2,2,2,2,2,2,2,2,2,2,14,14,14,14,14,14,3,3,3,3,3,3,3,3,3,3,3,3,2,2,2,2,2,2,2,2,2,2,3,2,2,2,3,3,5,5,1,1,1,1,1,1,5,14,2,2,2,2,2,2,2,2,2,3,3,2,2,2,3,14,14,14,5,5,5,5,5,13,13,13,13,5,5,5,5,9,9,9,9,9,9,9,9,9,5,5,5,5,5,5,5,5,5,1,1,1,1,1,1,5,5,14,14,2,2,2,2,2,2,2,2,2,2,2,2,2,2,2,2,2,2,2,2,2,2,2,2,2,2,3,14,14,14,5,5,5,5,1,1,1,1,1,1,1,1,1,1,1,1,1,1,5,5,9,9,9,9,9,9,9,9,9,9,9,13,13,13,9,9,9,4,7,7,7,7,7,7,7,9,9,9,9,9,5,5,1,1,1,1,1,1,1,1,5,5,14,14,14,2,2,2,2,2,2,2,2,2,2,2,2,2,2
1,5,5,5,9,9,7,7,4,7,4,4,4,7,7,9,9,9,5,1,1,1,1,1,1,5,3,14,14,3,3,3,3,3,2,2,2,2,2,2,2,2,2,2,3,14,14,14,14,14,3,3,3,3,3,3,3,3,3,3,3,3,3,14,3,2,2,2,2,2,2,3,14,14,14,14,14,14,5,5,1,1,1,1,1,1,5,14,14,2,2,2,2,2,2,2,2,2,2,2,2,2,2,14,14,14,14,5,5,5,5,5,5,5,5,5,5,5,5,5,9,9,9,9,13,9,13,9,5,5,1,1,1,1,1,1,1,1,1,1,1,1,1,1,5,5,14,2,2,2,2,2,2,2,2,2,2,2,2,2,2,2,2,2,2,2,2,2,2,2,2,2,2,2,2,3,14,3,5,5,5,5,1,1,1,1,1,1,1,1,1,1,1,1,1,1,1,5,5,5,13,13,9,9,9,9,9,9,9,9,9,9,9,9,9,4,7,7,7,7,7,7,7,4,9,9,9,9,5,5,1,1,1,1,1,1,1,1,1,5,14,14,14,2,2,2,2,2,2,2,2,2,2,2,2,2,2
1,5,5,9,9,9,9,9,9,9,7,7,9,9,9,9,9,9,5,1,1,1,1,1,5,5,3,14,14,3,3,3,3,3,2,2,2,2,2,2,2,2,2,2,3,14,14,14,14,5,5,5,5,5,3,3,3,3,3,3,3,14,14,14,14,3,2,2,2,14,14,14,14,14,14,14,5,5,5,1,1,1,1,1,1,1,1,5,14,2,2,2,2,2,2,2,2,2,2,2,2,2,2,2,3,3,3,3,3,14,5,5,5,5,5,5,5,5,5,5,5,9,9,9,5,5,5,5,5,5,1,1,1,1,1,1,1,1,1,1,1,1,1,1,5,5,14,2,2,2,2,2,2,2,2,2,2,2,2,2,2,2,2,2,2,2,2,2,2,2,2,2,2,2,2,2,14,14,14,5,5,5,1,1,1,1,1,1,1,1,1,1,1,1,1,1,1,1,5,5,5,5,9,9,9,9,9,9,9,9,9,9,9,9,9,4,4,4,4,7,7,7,7,4,9,9,9,9,5,5,5,1,1,1,1,1,1,1,1,5,5,5,14,3,3,2,2,2,2,2,2,2,2,2,2,2,2
5,5,5,5,9,9,9,9,9,9,9,9,9,9,9,9,9,9,5,1,1,1,1,1,5,5,3,14,14,3,3,3,3,2,2,2,2,2,2,2,2,2,2,2,3,14,14,14,5,5,5,5,5,5,5,3,3,3,3,3,3,14,14,14,14,3,15,15,15,14,14,14,14,14,5,5,5,1,1,1,1,1,1,1,1,1,1,5,2,2,2,2,2,2,2,2,2,2,2,2,2,2,2,2,2,2,3,14,14,14,14,3,14,14,14,5,5,5,5,5,5,13,13,5,5,5,5,5,5,1,1,1,1,1,1,1,1,1,1,1,1,1,1,1,5,3,2,2,2,2,2,2,2,2,2,2,2,2,2,2,2,2,2,2,2,2,2,2,2,2,2,2,2,2,2,19,3,14,14,5,5,1,1,1,1,1,1,1,1,1,1,1,1,1,1,1,1,5,5,5,5,5,9,9,9,9,9,9,9,9,9,9,9,9,4,4,4,7,4,4,4,7,7,4,4,9,9,9,5,5,5,1,1,1,1,1,1,1,1,1,5,5,14,14,2,2,2,2,2,2,2,2,2,2,2,2,2
5,5,5,5,5,9,9,9,9,9,9,9,13,13,9,9,9,5,5,1,1,1,1,1,5,5,14,14,14,3,3,14,3,2,2,2,2,2,2,2,2,2,2,2,3,14,14,5,5,5,5,5,5,5,5,5,14,14,3,3,3,14,14,14,14,14,15,15,15,14,14,14,14,5,5,5,1,1,1,1,1,1,1,1,1,1,1,5,2,2,2,2,2,2,2,2,2,2,2,2,2,2,2,2,2,2,14,14,14,14,14,14,14,14,14,14,5,5,5,5,5,5,5,5,5,1,1,1,1,1,1,1,1,1,1,1,1,1,1,1,1,1,1,1,5,3,2,2,2,2,2,2,2,2,2,2,2,2,2,2,2,2,2,2,2,2,2,2,2,2,2,2,2,2,2,2,14,14,14,14,5,1,1,1,1,1,1,1,1,1,1,1,1,1,1,1,1,1,1,5,5,5,5,9,9,9,9,9,9,9,9,9,9,9,4,4,9,9,7,4,4,4,7,7,4,9,9,9,9,5,5,1,1,1,1,1,1,1,1,1,5,5,14,14,2,2,2,2,2,2,2,2,2,2,2,2,2
5,5,5,5,5,9,9,9,9,5,5,5,5,5,5,5,5,5,5,1,1,1,1,1,5,5,14,3,3,3,3,3,14,2,2,2,2,2,2,2,2,2,2,14,14,3,3,5,5,5,5,5,5,5,5,5,14,14,14,3,3,3,14,14,14,3,0,0,3,14,14,14,14,5,5,5,1,1,1,1,1,1,1,1,1,1,1,1,5,2,2,2,2,2,2,2,2,2,2,2,2,2,2,2,2,2,2,3,3,14,14,14,14,14,14,14,3,5,5,5,1,1,1,1,1,1,1,1,1,1,1,1,1,1,1,1,1,1,1,1,1,1,1,1,5,3,2,2,2,2,2,2,2,2,2,2,2,2,2,2,2,2,2,2,2,2,2,2,2,2,2,2,2,2,2,2,14,14,14,5,5,5,1,1,1,1,1,1,1,1,1,1,1,1,1,1,1,1,1,1,1,5,5,5,5,13,13,13,13,5,13,9,9,9,9,4,9,9,9,9,4,4,7,4,4,9,9,9,9,5,5,1,1,1,1,1,1,1,1,1,1,5,14,2,2,2,2,2,2,2,2,2,2,2,2,2,2
5,5,5,5,5,5,13,13,5,5,5,5,5,5,5,5,5,5,1,1,1,1,1,5,14,14,14,14,14,3,3,3,2,2,2,2,2,2,2,2,2,2,14,14,14,3,9,9,5,5,5,5,5,5,5,5,5,14,14,3,3,3,14,14,3,3,0,0,3,14,14,14,14,5,5,1,1,1,1,1,1,1,1,1,1,1,1,1,1,5,3,2,2,2,2,2,2,2,2,2,2,2,2,2,2,2,2,3,2,14,14,14,14,3,3,3,3,3,5,5,5,5,1,1,1,5,5,1,1,1,1,1,1,1,1,1,1,1,1,1,1,1,1,1,5,5,2,2,2,2,2,2,2,2,2,2,2,2,2,2,2,2,2,2,2,2,2,2,2,2,2,2,2,2,2,3,14,14,14,3,5,5,5,1,1,1,1,1,1,1,1,1,1,1,1,1,1,1,1,1,1,1,5,5,5,5,5,5,5,5,5,9,9,9,9,9,9,9,9,9,9,4,4,4,9,9,9,9,9,5,5,5,1,1,1,1,1,1,1,1,1,5,5,14,2,2,2,2,2,2,2,2,2,2,2,2,2
5,5,5,5,5,5,5,5,5,5,1,1,5,1,1,1,1,1,1,1,1,5,5,5,3,14,14,14,14,3,3,3,2,2,2,2,2,2,2,2,2,2,14,14,5,9,9,9,9,5,5,5,5,5,5,5,5,5,14,14,3,3,3,14,3,0,0,0,3,3,14,14,14,5,5,1,1,1,1,1,1,1,1,1,1,1,1,1,1,1,5,14,2,2,2,2,2,2,2,2,2,2,2,2,2,2,2,2,2,2,3,3,0,2,2,3,3,3,3,5,5,5,5,5,5,5,5,5,5,5,5,1,1,1,5,1,1,1,1,1,1,1,1,1,5,3,14,3,2,2,2,2,2,2,2,2,2,2,2,2,2,2,2,2,2,2,2,2,2,2,2,2,2,2,2,2,14,14,14,14,14,5,5,1,1,1,1,1,1,1,1,1,1,1,1,1,1,1,1,1,1,1,1,1,1,5,5,5,5,5,5,5,9,9,9,9,9,9,9,9,9,7,4,4,9,9,9,9,9,9,5,5,1,1,1,1,1,1,1,1,5,5,5,14,14,2,2,2,2,2,2,2,2,2,2,2,2
5,5,5,5,5,5,1,1,1,1,1,1,1,1,1,1,1,1,1,5,5,5,5,3,3,3,14,14,14,3,3,3,2,2,2,2,2,2,2,2,2,2,5,9,9,9,9,9,9,9,9,5,5,5,5,5,5,5,5,3,14,3,14,14,14,3,0,0,0,0,0,0,14,5,5,5,1,1,1,1,1,1,1,1,1,1,1,1,1,1,1,5,14,3,2,2,2,2,2,2,2,2,2,2,2,2,2,2,2,2,2,2,2,2,2,2,2,3,3,14,14,14,14,5,5,5,14,5,5,5,5,5,5,5,5,5,1,1,1,1,1,1,1,5,5,5,3,14,2,2,2,2,2,2,2,2,2,2,2,2,2,2,2,2,2,2,2,2,2,2,2,2,2,2,2,2,2,3,3,14,14,5,5,5,1,5,5,5,1,1,1,1,1,1,1,1,1,1,1,1,1,1,1,1,1,1,1,1,1,5,5,5,9,9,9,9,9,9,9,9,9,9,9,9,9,9,9,9,9,9,5,1,1,1,1,1,1,1,1,1,5,5,5,14,2,2,2,2,2,2,2,2,2,2,2,2,2
5,5,5,5,5,5,1,1,1,1,1,1,1,1,1,1,1,1,1,5,14,14,14,3,2,2,2,3,3,3,3,2,2,2,2,2,2,2,2,2,2,14,5,9,9,9,9,9,9,9,9,5,5,5,5,5,5,5,5,5,14,14,14,14,14,14,0,0,0,0,0,0,0,14,5,5,5,1,1,1,1,1,1,1,1,1,1,1,1,1,1,5,14,2,2,2,2,2,2,2,2,2,2,2,2,2,2,2,2,2,2,2,2,2,2,2,2,3,14,14,14,14,14,14,14,14,3,14,5,5,5,5,5,5,5,5,5,1,1,1,1,1,5,5,5,5,14,14,3,2,2,2,2,2,2,2,2,2,2,2,2,2,2,2,2,2,2,2,2,2,2,2,2,2,2,2,2,2,2,2,14,3,5,5,5,5,5,5,1,1,1,1,1,1,1,1,1,1,1,1,1,1,1,1,1,1,1,1,1,5,5,5,9,9,9,9,9,9,9,9,9,9,9,9,9,9,9,9,9,9,5,5,1,1,1,1,1,1,1,1,1,5,5,14,2,2,2,2,2,2,2,2,2,2,2,2,2
5,5,5,5,5,5,1,1,1,1,1,1,1,1,1,1,1,5,5,3,3,2,2,2,2,2,2,2,2,2,2,2,2,2,2,2,2,2,2,2,2,14,5,5,9,9,13,13,9,9,9,5,5,5,5,5,5,5,5,5,14,14,14,14,14,14,14,14,14,14,3,0,0,0,0,5,5,1,1,1,1,1,1,1,1,1,1,1,1,1,5,5,3,2,2,2,2,2,2,2,2,2,2,2,2,2,2,2,2,2,2,2,2,2,2,2,2,3,14,14,14,14,14,14,3,3,14,14,5,5,5,5,5,5,5,5,5,1,1,1,5,5,5,5,5,14,14,14,14,3,2,2,2,2,2,2,2,2,2,2,2,2,2,2,2,2,2,2,2,2,2,2,2,2,2,2,2,2,2,2,15,3,3,14,14,5,5,5,5,1,1,1,1,1,1,1,1,1,1,1,1,1,1,1,1,1,1,1,5,5,5,5,9,9,9,9,9,9,9,9,9,9,9,9,9,9,9,9,9,9,5,5,1,1,1,1,1,1,1,1,1,5,5,3,3,2,2,2,2,2,2,2,2,2,2,2,2
5,5,5,5,5,1,1,1,1,1,1,1,1,1,5,5,5,5,5,3,2,2,2,2,2,2,2,2,2,2,2,2,2,2,2,2,2,2,2,3,14,5,5,5,9,13,13,13,13,9,9,9,5,5,5,5,5,5,5,5,5,5,5,5,5,14,14,14,14,14,14,0,0,0,0,14,5,5,1,1,1,1,1,1,1,1,1,1,1,1,5,5,3,2,2,2,2,2,2,2,2,2,2,2,2,2,2,2,2,2,2,2,2,2,2,2,2,2,2,3,3,3,14,3,3,3,3,3,3,5,14,3,14,5,5,5,5,5,5,5,5,5,5,5,14,14,14,14,14,3,2,2,2,2,2,2,2,2,2,2,2,2,2,2,2,2,2,2,2,2,2,2,2,2,3,3,2,2,3,15,15,0,14,14,14,14,14,5,5,1,1,1,1,1,1,1,1,1,1,1,1,1,1,1,1,1,1,5,5,5,5,5,9,9,9,9,9,9,9,9,9,9,9,9,9,9,9,9,5,5,5,1,1,1,1,1,1,1,1,1,1,1,5,3,2,2,2,2,2,2,2,2,2,2,2,2,2
5,5,5,5,5,1,1,1,1,1,5,5,5,5,5,5,5,5,14,2,2,2,2,2,2,2,2,2,2,2,2,2,2,2,2,2,14,3,3,5,5,5,9,9,13,13,13,13,13,9,9,9,9,5,5,5,5,5,5,5,5,5,5,5,5,5,5,3,14,14,14,3,14,0,0,0,14,5,1,1,1,1,1,1,1,1,1,1,1,1,1,5,14,2,2,2,2,2,2,2,2,2,2,2,2,2,2,2,2,2,2,2,2,2,2,2,2,2,2,2,2,3,14,3,3,3,3,3,14,3,14,3,14,14,5,5,5,5,5,5,5,5,5,14,14,14,14,14,14,3,2,2,2,2,2,2,2,2,2,2,2,2,2,2,2,3,3,3,3,2,2,3,3,3,3,3,3,3,3,3,0,0,14,14,14,14,14,14,14,5,5,1,1,1,1,1,1,1,1,1,1,1,1,1,1,1,5,5,5,5,9,9,9,9,9,9,9,9,9,9,9,9,9,9,13,13,13,5,5,5,5,1,1,1,1,1,1,1,1,1,1,1,5,5,3,2,2,2,2,2,2,2,2,2,2,2,2
5,5,5,5,5,5,5,5,1,5,5,5,5,5,14,5,14,3,3,2,2,2,2,2,2,2,2,2,2,2,2,2,2,2,2,14,5,9,5,5,5,5,9,9,13,13,13,13,13,9,9,9,9,9,9,9,5,5,5,5,5,5,9,9,9,9,5,5,14,14,14,3,3,3,0,0,3,5,1,1,1,1,1,1,1,1,1,1,1,1,1,5,14,14,2,2,2,2,2,2,2,2,2,2,2,2,2,2,2,2,2,2,2,2,2,2,2,2,2,2,2,3,14,3,3,3,3,3,3,3,3,14,14,14,3,14,14,5,5,5,5,14,14,14,14,14,14,14,14,14,2,2,2,2,2,2,2,2,2,2,2,2,2,2,3,3,3,3,3,14,3,3,3,3,3,3,3,3,3,3,0,0,0,0,14,14,14,14,14,5,5,1,1,1,1,1,1,1,1,1,1,1,1,1,1,1,5,5,5,9,9,9,9,9,13,9,9,9,9,9,13,13,9,13,5,5,5,5,5,5,1,1,1,1,1,1,1,1,1,1,1,1,5,5,14,14,2,15,2,2,2,2,2,2,2,2,2
5,5,5,5,5,5,5,5,5,5,3,3,3,14,14,14,3,3,2,2,2,2,2,2,3,2,2,2,2,2,2,2,2,2,3,5,9,9,9,9,4,9,9,9,9,13,13,13,13,13,13,13,9,9,9,9,9,9,9,5,9,9,9,9,9,9,9,5,14,14,3,3,3,0,0,0,14,5,1,1,1,1,1,1,1,1,1,1,1,1,1,1,5,14,14,2,2,2,2,2,2,2,2,2,2,2,2,2,2,2,2,2,2,2,2,2,2,2,2,2,2,2,14,14,3,3,3,3,3,3,14,3,14,3,3,14,14,14,3,14,14,14,14,14,14,14,14,14,14,3,2,2,2,2,2,2,2,2,2,2,2,2,8,3,3,3,3,3,3,3,3,3,3,3,14,3,3,3,3,3,3,14,0,0,0,0,14,14,14,3,5,5,1,1,1,1,1,1,1,1,1,1,1,1,1,5,5,5,5,9,9,13,13,5,5,5,5,5,5,5,5,5,5,5,5,5,1,1,1,1,1,1,1,1,1,1,1,1,1,1,1,1,1,5,5,14,3,14,14,3,2,2,2,2,2,2,2
3,3,3,14,5,3,5,5,14,2,2,2,2,2,2,2,2,2,2,2,2,2,14,14,14,14,2,2,2,3,2,2,2,14,5,9,9,9,9,4,4,4,9,9,9,13,13,13,13,13,13,13,13,9,9,9,9,9,9,9,9,9,9,9,9,9,9,5,14,14,3,3,3,3,0,0,14,5,5,1,1,1,1,1,1,1,1,1,1,1,1,1,1,5,14,2,2,2,2,2,2,2,2,2,2,2,2,2,2,2,2,2,2,2,2,2,2,2,2,2,2,2,3,3,3,3,3,3,3,3,3,14,3,3,3,14,14,14,14,14,14,14,3,14,14,14,14,14,3,2,2,2,2,2,2,2,2,2,2,2,2,3,3,3,3,3,3,3,3,3,3,3,3,3,3,14,14,14,14,3,14,14,14,3,0,0,0,14,14,14,5,5,5,5,5,5,5,1,1,1,1,1,1,1,5,5,5,5,5,5,13,5,5,5,5,5,1,5,5,5,1,5,5,1,5,1,1,1,1,1,1,1,1,1,1,1,1,1,1,1,1,1,1,1,5,5,5,14,14,3,2,2,2,2,2,2,2
2,2,2,3,3,3,14,14,14,2,2,2,2,2,2,2,2,2,2,2,2,14,14,14,14,14,14,3,3,14,5,5,5,9,9,9,9,9,4,4,7,4,4,4,4,13,13,13,13,13,13,13,13,9,9,9,9,9,9,9,9,9,9,9,9,9,9,5,14,14,3,3,14,14,0,0,8,14,5,1,1,1,1,1,1,1,1,1,1,1,1,1,1,5,14,2,2,2,2,2,2,2,2,2,2,2,2,2,2,2,2,2,2,2,2,2,2,2,2,2,2,2,3,3,3,3,3,3,3,3,3,14,14,14,3,14,3,14,14,3,2,2,2,2,14,14,14,2,2,2,2,2,2,2,2,2,2,2,2,2,2,2,3,3,3,3,3,3,3,3,14,14,14,3,3,14,14,14,14,14,14,14,14,14,14,14,0,0,14,14,14,14,5,14,5,5,5,1,1,1,1,1,1,1,5,5,5,5,5,5,5,5,5,5,5,5,1,1,1,1,1,1,1,1,1,1,1,1,1,1,1,1,1,1,1,1,1,1,1,1,1,1,1,1,5,5,5,5,14,3,2,2,2,2,2,2,2
2,2,2,2,2,2,3,3,14,2,2,2,2,2,2,2,2,2,2,2,2,14,14,14,14,14,14,3,3,5,5,5,9,9,9,9,9,9,4,7,7,7,7,4,4,4,13,13,13,13,13,13,13,13,9,9,9,9,9,9,9,9,9,9,9,9,5,5,14,14,14,14,14,14,0,0,3,5,5,5,1,1,1,1,1,1,1,1,1,1,1,1,1,1,5,14,3,2,2,2,2,2,2,2,2,2,2,2,2,2,2,2,2,2,2,2,2,2,2,2,3,3,3,3,3,3,3,3,3,3,3,3,3,3,3,14,3,14,14,3,2,2,2,2,2,2,2,2,2,2,2,2,2,2,2,2,2,2,2,2,2,2,3,3,3,3,3,3,3,3,14,14,14,14,14,14,5,5,5,14,14,14,14,3,14,3,0,0,0,0,0,14,14,14,3,14,5,1,1,1,1,1,1,1,1,5,5,5,5,5,5,5,5,5,5,5,5,1,1,1,1,1,1,1,1,1,1,1,1,1,1,5,5,5,5,5,1,1,1,1,1,1,1,1,5,5,5,5,14,2,2,2,2,2,2,2,2
2,2,2,2,2,2,2,2,2,2,2,2,2,2,2,2,2,2,2,2,2,14,14,14,14,14,14,14,5,5,9,9,9,9,9,4,4,4,7,7,7,7,7,4,4,4,13,13,13,13,13,13,13,13,13,13,9,13,13,9,9,9,9,9,9,5,5,5,14,14,14,14,3,3,0,0,14,5,5,5,5,1,1,1,1,1,1,1,1,1,1,1,1,1,5,14,3,2,2,2,2,2,2,2,2,2,2,2,2,2,2,2,2,2,2,2,2,2,2,2,3,14,3,3,3,3,3,3,3,3,3,3,3,3,3,3,3,3,14,2,2,2,2,2,2,2,2,2,2,2,2,2,2,2,2,2,2,2,2,2,2,2,2,14,3,3,3,3,14,14,14,14,14,14,5,5,5,5,5,5,14,14,14,14,14,3,0,0,0,0,0,0,0,0,0,0,5,5,1,1,1,1,1,1,1,5,5,5,5,14,14,3,3,14,5,5,5,5,1,1,1,1,1,1,1,1,1,5,5,1,5,5,3,14,5,5,5,1,1,1,1,1,1,1,5,14,14,14,14,2,2,2,2,2,2,2,2
2,2,2,2,2,2,2,2,2,2,2,2,2,2,2,2,2,2,2,2,2,14,14,14,14,5,5,14,5,5,5,9,9,9,9,4,7,7,7,7,7,7,7,7,4,4,13,13,13,13,13,13,13,13,13,13,13,13,13,9,9,9,9,9,5,5,5,5,14,14,14,14,3,3,0,0,14,14,5,5,5,1,1,1,1,1,1,1,1,1,1,1,1,1,1,5,14,2,2,2,2,2,2,2,2,2,2,2,2,2,2,2,2,2,2,2,2,2,2,3,14,3,3,3,3,3,3,3,3,3,3,3,3,3,3,14,14,14,14,2,2,2,2,2,2,2,2,2,2,2,2,2,2,2,2,2,2,2,2,2,2,2,2,14,14,3,3,3,14,14,14,14,14,14,5,5,1,1,1,5,5,14,14,3,14,3,14,14,14,14,0,0,0,0,0,0,5,5,5,1,1,1,1,1,1,1,5,5,5,14,14,14,14,14,14,14,5,5,5,1,1,1,5,5,1,1,5,5,5,5,5,3,3,14,14,5,5,5,1,1,1,1,1,5,5,14,14,14,3,2,2,2,2,2,2,2,2
2,2,2,2,2,2,2,2,2,2,2,2,2,2,2,2,2,2,2,2,14,14,14,5,5,5,5,5,5,5,5,9,9,9,9,4,7,7,7,7,7,7,7,7,7,4,4,4,4,4,13,4,13,13,13,13,13,13,13,9,9,9,9,5,5,5,5,14,14,14,14,3,3,0,0,0,14,14,5,5,5,5,1,1,1,1,1,1,1,1,1,1,1,1,1,14,14,2,2,2,2,2,2,2,2,2,2,2,2,2,2,14,14,3,2,2,2,2,3,14,14,3,3,3,3,3,3,3,3,3,3,3,3,3,3,3,3,14,14,2,2,2,2,2,2,2,2,2,2,2,2,2,2,2,2,2,2,2,2,2,2,2,2,3,14,3,3,3,14,14,14,14,14,5,5,5,1,1,1,1,5,5,5,5,14,5,5,14,14,14,14,0,0,3,0,0,5,5,5,1,1,1,1,1,1,1,1,5,5,14,14,14,14,14,14,14,14,5,5,5,5,5,5,5,5,5,5,5,5,14,14,14,2,2,2,3,3,5,1,1,5,1,5,5,5,14,14,14,3,2,2,2,2,2,2,2,2
2,2,2,2,2,2,2,2,2,2,2,2,2,2,2,2,2,2,2,3,3,14,5,5,5,5,5,5,5,5,9,9,9,9,9,4,7,7,7,7,7,7,7,7,7,7,7,4,4,4,4,7,4,13,13,13,13,13,13,9,9,9,9,5,5,5,5,14,14,14,14,14,14,0,0,0,14,14,14,5,5,5,5,5,5,5,1,1,1,1,1,1,1,1,14,14,14,2,2,2,2,2,2,2,2,2,2,3,2,2,3,3,14,14,2,2,2,2,3,14,14,14,3,3,3,3,3,3,3,3,3,3,3,2,2,2,2,2,2,2,2,2,2,2,2,2,2,2,2,2,2,2,2,2,2,2,2,2,2,2,2,2,2,3,3,3,3,3,14,14,14,14,14,5,5,1,1,1,1,1,1,1,5,5,5,5,5,5,14,14,14,14,14,3,0,0,5,5,1,1,1,1,1,1,1,1,5,5,5,14,14,14,14,14,14,14,14,14,5,5,5,5,14,3,5,5,5,5,14,14,14,2,2,2,2,2,14,5,5,5,5,5,5,5,5,14,3,3,2,2,2,2,2,2,2,2,2
2,2,2,2,2,2,2,2,2,2,2,2,2,2,2,2,2,2,2,3,5,5,5,5,5,5,5,5,5,5,9,9,9,9,4,4,7,7,7,7,7,7,7,7,7,7,7,7,7,7,7,7,7,4,4,13,13,13,13,13,9,9,9,5,5,5,5,14,14,14,14,14,14,0,0,0,3,14,14,14,5,5,5,5,5,5,1,1,1,1,1,5,1,5,14,2,2,2,2,2,2,2,2,2,2,2,3,3,14,3,3,14,14,14,3,2,2,15,15,14,14,14,14,14,3,3,3,3,2,2,3,3,3,2,2,2,2,2,2,2,2,2,2,2,2,2,2,2,2,2,2,2,2,2,2,2,2,2,2,2,2,2,2,3,3,3,3,14,14,14,14,14,5,5,1,1,1,1,1,1,1,1,1,5,5,5,5,5,5,14,14,14,14,3,0,0,3,5,5,1,1,1,1,1,1,1,5,5,5,14,14,14,14,14,14,14,14,14,14,14,14,14,14,14,14,14,14,14,14,14,3,2,2,2,2,3,14,14,5,5,5,5,5,5,5,3,2,2,2,2,2,2,2,2,2,2,2
2,2,2,2,2,2,2,2,2,2,2,2,2,2,2,2,2,2,3,5,5,5,1,1,1,5,5,5,5,5,13,9,9,9,4,7,7,7,7,7,7,7,7,7,7,7,7,7,7,7,7,7,7,7,4,4,13,13,13,13,9,9,9,9,5,5,5,14,14,14,14,14,14,3,0,0,0,14,14,14,14,14,14,5,5,5,1,1,1,1,1,5,5,14,3,2,2,2,2,2,2,2,2,2,2,2,2,3,14,14,14,14,14,3,3,3,3,15,0,0,3,14,14,14,3,3,3,2,2,2,2,2,2,2,2,2,2,2,2,2,2,2,2,2,2,2,2,2,2,2,2,2,2,2,2,2,2,2,2,2,2,2,2,3,14,14,3,14,3,5,14,5,5,5,1,1,1,1,1,1,9,9,1,1,5,5,5,5,5,5,14,14,14,14,0,0,3,14,5,5,1,1,1,1,1,5,5,5,14,14,3,0,0,0,3,3,14,14,14,14,14,14,14,14,14,14,3,14,14,14,3,2,2,2,2,2,2,2,3,2,2,14,14,5,3,2,2,2,2,2,2,2,2,2,2,2,2
2,2,2,2,2,2,2,2,2,2,2,2,2,2,2,2,2,3,3,5,5,1,1,1,1,5,5,5,5,5,5,9,9,9,4,4,7,7,7,7,7,7,7,7,7,7,7,7,7,7,7,7,7,7,7,4,4,13,13,13,9,9,9,9,5,5,14,14,14,14,14,14,14,3,0,0,0,0,3,14,14,14,14,14,14,5,1,1,1,1,5,5,14,14,3,2,2,2,2,2,2,2,2,2,2,2,2,14,14,14,14,14,14,3,3,14,14,14,0,0,0,0,0,0,0,15,2,2,2,2,2,2,2,2,2,2,2,2,2,2,2,2,2,2,2,2,2,2,2,2,2,2,2,2,2,2,2,2,2,2,2,2,3,14,14,14,14,14,5,5,5,5,5,1,1,1,1,1,9,9,9,9,9,1,1,1,1,1,5,5,5,14,14,3,3,0,0,0,14,5,5,5,5,5,5,5,14,14,14,14,0,0,0,0,0,0,0,14,14,14,14,3,3,14,14,14,3,3,14,14,2,2,2,2,2,2,2,2,2,2,2,2,2,2,2,2,2,2,2,2,2,2,2,2,2,2,2
2,2,2,2,2,2,2,2,2,2,2,2,2,2,2,2,2,3,5,5,1,1,1,1,1,1,1,5,5,5,5,9,9,9,4,4,7,7,7,7,7,7,7,7,7,7,7,7,7,7,7,7,7,7,7,4,13,13,13,13,9,9,9,9,5,5,14,14,14,3,3,14,14,14,14,14,0,0,0,3,14,14,14,14,14,5,5,5,1,1,5,14,14,14,2,2,2,2,2,2,2,2,2,2,2,2,2,2,3,14,14,14,14,14,14,14,14,3,3,14,3,0,0,0,0,15,2,2,2,2,2,2,2,2,2,2,2,2,2,2,2,2,2,2,2,2,2,2,3,3,3,15,2,3,2,2,2,2,2,2,2,2,2,3,14,3,3,14,5,5,5,5,5,1,1,1,1,1,9,9,9,9,9,1,1,1,1,1,1,1,5,5,5,5,14,14,0,0,14,14,5,5,14,5,5,14,14,0,0,0,0,0,14,14,0,0,0,3,3,3,14,14,3,3,3,3,3,3,3,14,2,2,2,2,2,2,2,2,2,2,2,2,2,2,2,2,2,2,2,2,2,2,2,2,2,2,2
2,2,2,2,2,2,2,2,2,2,2,3,2,2,2,2,14,5,5,5,1,1,1,1,1,1,1,1,1,5,5,9,9,9,4,4,7,7,7,7,7,7,4,4,7,7,7,7,7,7,7,7,7,7,4,4,4,13,13,13,9,9,9,9,5,5,14,14,3,3,14,14,14,14,14,3,3,0,0,0,14,14,14,14,14,14,5,5,1,1,5,14,14,14,2,2,2,2,2,3,2,2,2,2,2,2,2,2,2,14,14,14,14,14,14,3,3,14,3,14,14,14,0,3,3,14,14,3,2,2,2,2,2,2,2,2,2,2,2,2,2,2,2,2,8,2,2,2,5,5,5,5,5,5,5,3,2,2,2,2,2,2,2,3,3,3,14,14,5,5,5,5,5,5,1,1,9,9,9,9,9,13,1,1,1,1,1,1,1,1,1,1,5,5,5,14,3,0,0,0,0,3,14,14,0,14,0,0,0,0,0,14,14,14,14,14,0,0,0,0,14,14,14,3,3,3,2,2,2,2,2,2,2,2,2,2,2,2,2,2,2,2,2,2,2,2,2,2,2,2,2,2,2,2,2,2,2
2,2,2,2,2,2,2,2,2,2,3,14,14,3,3,3,14,5,5,5,1,1,1,1,1,1,1,1,1,1,5,5,9,9,9,4,7,7,7,7,7,4,4,4,4,4,4,7,7,7,7,7,7,7,4,4,4,9,13,13,9,9,9,9,9,5,5,3,3,3,5,5,14,14,14,14,3,0,0,0,14,14,14,14,14,14,14,5,5,5,5,14,14,3,2,2,2,2,14,14,14,3,2,2,2,2,2,2,2,14,14,14,14,14,3,3,3,14,14,14,14,14,3,3,14,14,14,3,2,2,2,2,2,2,2,2,2,2,2,2,2,2,3,5,1,1,5,5,1,1,1,1,1,1,5,3,19,2,2,2,2,2,2,2,2,3,14,14,14,5,5,5,5,5,1,1,1,1,9,9,1,1,1,1,1,1,1,1,1,1,1,1,1,5,5,14,14,3,0,0,0,0,3,0,0,0,0,0,14,5,5,5,5,5,5,14,14,14,0,0,3,3,3,3,2,2,2,2,2,2,2,2,2,2,2,2,2,2,2,2,2,2,2,2,2,2,2,2,2,2,2,2,2,2,2,2,2
2,2,2,2,2,2,2,2,2,2,3,14,3,3,5,5,5,5,1,1,1,1,1,1,1,1,1,1,1,1,5,5,5,9,9,4,4,7,7,7,4,4,7,4,4,4,4,4,4,4,4,4,7,7,4,4,9,9,9,9,9,9,9,9,9,5,5,5,5,5,5,5,5,5,14,14,14,14,0,0,0,14,14,14,14,14,14,14,5,5,5,14,14,3,15,2,2,2,3,14,14,3,2,2,2,2,2,3,3,14,14,14,14,14,14,3,14,14,14,14,14,14,14,14,3,14,14,14,3,2,2,2,2,2,2,2,2,2,2,2,3,5,5,1,1,1,1,1,1,1,1,1,1,1,1,5,3,2,2,2,2,2,2,2,2,2,2,2,14,5,5,5,5,5,5,1,1,13,9,9,1,1,1,1,1,1,1,1,1,1,1,1,1,1,5,5,5,3,14,14,0,0,0,0,0,0,0,5,5,5,5,5,5,5,5,14,3,15,15,2,2,2,2,2,2,2,2,2,2,2,2,2,2,2,2,2,2,2,2,2,2,2,2,2,2,2,2,2,2,2,2,2,2,2,2,2,2
2,2,2,2,2,2,2,2,2,3,14,14,5,5,5,1,1,1,1,1,1,1,1,1,1,1,1,1,1,1,5,5,5,9,9,7,4,4,7,4,4,4,9,9,9,4,4,7,4,4,4,4,4,4,4,4,9,9,9,9,9,9,9,9,5,5,5,5,5,5,5,5,5,5,14,14,14,14,14,0,0,0,14,14,14,14,14,14,3,14,14,14,14,3,15,15,14,14,14,14,14,3,2,2,2,2,2,14,14,14,14,14,5,5,5,5,5,14,14,3,14,14,14,14,14,14,14,14,3,2,2,2,2,2,2,2,2,2,17,14,5,5,1,1,1,1,1,1,1,1,1,1,1,1,1,1,5,14,3,2,2,2,2,2,2,2,2,2,14,5,5,5,5,5,1,1,1,1,1,1,1,1,1,1,1,1,1,1,1,1,1,1,1,1,5,5,5,5,5,14,14,0,0,5,5,3,5,1,1,1,1,1,1,5,5,14,3,15,2,2,2,2,2,2,2,2,2,2,2,2,2,2,2,2,2,2,2,2,2,2,2,2,2,2,2,2,2,2,2,2,2,2,2,2,2,2,2
2,2,2,2,2,2,2,2,2,3,3,5,5,5,1,1,1,1,1,1,1,1,1,1,1,1,1,1,1,1,5,5,5,13,13,9,4,4,4,4,4,9,9,9,9,9,9,9,9,7,9,9,9,7,7,9,9,9,9,9,9,9,9,9,9,5,5,5,5,5,5,1,1,5,14,14,14,14,14,3,0,0,14,14,14,14,3,3,2,14,14,14,14,3,0,0,14,14,14,14,14,3,3,8,3,3,14,14,14,14,14,14,5,5,5,5,5,14,14,3,14,14,3,14,14,14,14,14,14,3,2,2,2,2,2,2,2,2,2,14,5,1,1,1,1,1,1,1,1,1,1,1,1,1,1,1,5,5,3,3,3,2,2,2,2,2,15,15,14,5,5,5,5,5,1,1,1,1,1,1,1,1,1,1,1,1,1,1,1,1,1,1,1,1,1,1,1,5,5,5,5,14,5,5,1,1,1,1,1,1,1,1,1,5,5,3,3,8,2,2,2,2,2,2,2,2,2,2,2,2,2,2,3,3,14,3,2,2,2,2,2,2,2,2,2,2,2,2,2,2,2,2,2,2,2,2,2
2,2,2,2,2,2,2,2,3,3,5,5,5,5,1,1,1,1,1,1,1,1,1,1,1,1,1,1,1,1,1,5,5,5,5,9,7,7,4,4,9,9,9,9,9,9,9,9,9,13,13,13,9,9,9,9,9,9,9,9,9,9,9,9,9,5,5,5,5,5,1,1,1,5,5,14,14,14,14,3,0,0,14,14,14,3,3,2,2,2,2,14,14,3,0,0,14,14,14,14,14,14,14,3,3,3,14,14,14,14,5,5,5,5,5,5,5,14,14,14,14,3,3,14,14,14,14,14,14,14,2,2,2,2,2,2,2,2,3,14,5,5,1,1,1,1,1,1,1,1,1,1,1,1,1,1,1,5,5,14,14,3,2,2,3,15,15,0,5,5,5,5,5,5,1,1,1,1,1,1,1,1,1,1,1,1,1,1,1,1,1,1,1,1,1,1,1,1,5,5,5,5,1,1,1,1,1,1,1,1,1,1,1,5,5,3,3,0,2,2,2,2,2,2,2,2,2,2,2,2,2,14,14,14,14,3,3,2,2,2,2,2,2,2,2,2,2,2,2,2,2,2,2,2,2,2,2
2,2,2,2,2,2,2,2,14,14,5,5,5,5,5,1,1,1,1,1,1,1,1,1,1,1,1,1,1,1,1,1,1,5,5,13,9,9,7,7,9,13,9,9,9,9,9,9,9,5,5,5,9,9,9,9,9,9,9,9,9,9,9,9,9,5,1,1,5,1,1,1,1,1,5,5,14,14,14,0,0,0,14,14,14,3,2,2,2,2,2,14,14,0,0,14,14,14,14,14,14,14,14,3,5,5,14,14,14,5,5,5,1,1,1,5,5,14,14,14,3,3,3,14,14,14,14,14,14,3,2,2,2,2,2,2,17,14,14,14,5,5,5,1,1,1,1,1,1,1,1,1,1,1,1,1,1,1,5,14,14,14,14,14,3,0,0,0,0,0,0,0,5,5,1,1,1,1,1,1,1,1,1,1,1,1,1,1,1,1,5,5,1,1,1,1,1,1,1,1,5,1,1,1,1,1,1,1,1,1,1,1,5,5,5,3,8,8,2,2,2,2,2,2,2,2,2,2,2,2,3,14,14,14,14,3,3,3,2,2,2,2,2,2,2,2,2,2,2,2,2,2,2,2,2,2,2
2,2,2,2,2,2,2,2,3,14,3,5,5,5,5,5,1,5,1,1,1,1,1,1,1,1,1,1,1,1,1,1,1,1,5,5,5,9,9,9,13,5,5,5,13,13,13,13,5,5,5,5,5,13,9,9,9,9,9,9,9,13,13,13,5,5,1,1,1,1,1,1,1,1,5,5,14,14,14,14,0,0,14,14,14,3,2,2,2,2,2,14,14,0,0,14,14,14,14,14,14,5,5,5,5,5,5,5,5,5,5,1,1,1,5,5,14,14,14,14,3,3,0,14,14,14,14,14,14,15,2,2,2,2,2,3,14,14,14,14,5,5,5,5,1,1,1,1,1,1,1,1,1,1,1,1,1,1,5,5,5,14,14,14,14,3,0,0,0,0,0,0,0,5,5,5,1,1,1,1,1,1,1,1,1,1,1,1,5,5,5,5,1,1,1,1,1,1,1,1,1,1,1,1,1,1,1,1,1,1,5,5,5,8,8,8,8,8,3,3,2,2,2,2,2,2,2,2,2,2,14,14,3,5,5,5,5,14,14,3,2,2,2,2,2,2,2,2,2,2,2,2,2,2,2,2,2
2,2,2,2,2,2,2,3,3,3,3,5,14,14,5,5,5,5,5,5,5,1,1,1,1,1,1,1,1,1,1,1,1,1,1,5,5,5,5,5,5,5,5,5,5,5,5,5,5,5,5,5,5,5,5,5,5,13,13,13,5,5,5,5,5,1,1,1,1,1,1,1,1,1,5,5,14,14,14,14,0,0,0,14,14,2,2,2,2,2,14,14,3,0,0,14,14,14,14,14,5,5,5,5,5,5,5,5,1,1,1,1,1,1,5,5,14,14,0,0,0,0,0,0,14,14,14,14,0,0,15,2,2,2,3,14,14,5,5,5,5,5,5,5,5,5,5,1,1,1,1,1,1,1,1,1,1,1,1,5,5,14,14,14,14,14,14,5,5,5,5,0,0,0,5,5,5,5,5,5,5,5,5,1,1,5,5,5,5,5,5,5,5,5,5,5,5,1,1,1,1,1,1,1,1,1,1,1,1,5,5,5,5,8,8,8,8,14,14,14,3,2,2,2,2,2,2,2,2,2,14,14,3,5,5,5,5,5,5,14,14,3,3,2,2,2,2,2,2,2,2,2,2,2,2,2,2
2,2,2,2,2,2,2,2,2,2,14,14,14,14,3,5,5,5,5,5,5,5,5,5,5,1,1,1,1,1,1,1,1,1,1,1,1,1,1,1,1,1,1,5,5,5,5,5,5,5,5,5,5,5,5,5,5,5,5,5,5,5,5,1,1,1,1,1,1,1,1,1,1,1,5,5,14,14,14,3,12,15,2,2,2,2,2,2,2,2,14,14,3,0,0,14,14,14,14,14,5,5,5,5,5,5,5,1,1,1,1,1,1,1,1,5,0,0,0,0,0,0,12,0,0,0,14,0,0,0,0,0,14,3,14,14,5,5,5,5,5,5,5,5,5,5,5,5,1,1,1,1,1,1,1,1,1,1,1,5,5,14,14,3,14,14,5,5,5,5,5,5,0,0,0,5,5,5,5,5,5,5,5,5,1,5,5,5,5,5,5,5,5,5,5,5,5,5,5,1,1,1,1,1,1,1,1,5,5,5,5,5,8,8,3,14,14,14,5,14,3,2,2,2,2,2,2,2,2,2,3,3,5,5,5,5,5,5,5,5,14,14,14,2,2,2,2,2,2,2,2,2,2,2,2,2,2
2,2,2,2,2,2,2,2,2,2,2,14,14,3,3,3,2,14,14,5,5,5,5,5,5,1,1,1,1,1,1,1,1,1,1,1,1,1,1,1,1,1,1,1,1,1,5,5,5,5,5,5,5,5,5,5,5,5,5,5,5,5,1,1,1,1,1,1,1,1,1,1,1,1,5,5,5,14,14,14,3,15,2,2,2,2,2,2,2,2,14,14,14,0,0,14,14,14,14,14,5,5,5,5,5,5,1,1,1,1,1,1,1,1,5,5,0,0,0,0,0,3,14,14,0,0,0,0,0,14,14,14,14,14,14,14,5,5,5,5,5,5,5,5,5,5,5,5,1,1,1,1,1,1,1,1,1,1,5,5,5,5,5,5,5,5,5,5,5,5,5,5,5,0,0,5,5,5,5,5,5,5,5,5,5,5,5,5,5,5,9,9,9,9,9,9,9,5,5,5,5,5,5,1,1,8,8,8,8,8,8,8,8,8,3,5,5,5,5,5,3,2,2,2,2,2,2,2,2,2,3,5,5,5,5,5,5,5,5,5,5,5,14,3,2,2,2,2,2,2,2,2,2,2,2,2,2
2,2,2,2,2,2,2,2,2,2,2,2,3,3,2,2,2,2,2,2,19,5,5,5,5,1,1,1,1,1,1,1,1,1,1,1,1,1,1,1,1,1,1,1,1,1,5,5,5,5,5,5,5,5,5,5,5,5,5,5,5,5,1,1,1,1,1,1,1,1,1,1,1,1,1,1,5,5,14,14,2,2,2,2,2,2,2,2,2,2,3,14,14,0,0,14,14,14,14,14,5,5,5,5,1,1,1,1,1,1,1,1,1,5,5,5,0,0,5,5,5,14,14,14,14,0,0,0,3,14,14,14,14,14,14,14,5,5,5,5,5,9,5,5,5,5,5,5,5,5,5,5,5,5,1,1,1,1,5,5,5,5,5,5,1,1,1,1,1,5,5,5,5,0,0,0,0,0,0,0,0,0,5,5,5,5,5,5,9,9,9,9,9,9,9,9,9,9,5,5,5,5,5,5,8,8,8,8,8,8,8,3,14,14,3,5,5,5,5,3,2,2,2,2,2,2,2,2,2,2,2,3,5,5,5,1,1,1,1,5,5,5,14,14,3,2,2,2,2,2,2,2,2,2,2,2,2
2,2,2,2,2,2,2,2,2,2,2,2,2,2,2,2,2,2,2,2,2,2,5,5,5,1,1,1,1,1,1,1,1,1,1,1,1,1,1,1,1,1,1,1,1,1,1,5,5,5,5,5,5,5,5,14,14,14,5,5,5,5,5,1,1,1,1,1,1,1,1,1,1,1,1,1,5,5,14,3,2,2,2,2,2,2,2,2,2,2,2,2,2,2,0,0,14,14,14,14,5,5,5,5,1,1,1,1,1,1,1,1,1,5,5,0,0,0,5,5,5,14,14,14,14,14,14,14,14,14,3,14,14,5,14,5,5,5,5,9,9,9,9,9,5,5,5,5,5,5,5,5,5,5,5,5,1,1,1,1,5,5,5,1,1,1,1,1,1,5,5,5,5,5,0,0,0,0,0,0,0,0,0,0,0,5,5,9,9,9,9,9,9,9,9,9,9,9,5,5,5,5,5,5,8,8,14,14,14,3,3,14,5,5,5,5,5,5,14,2,2,2,2,2,2,2,2,2,2,2,2,3,5,5,5,1,1,1,1,5,5,5,5,14,3,2,2,2,2,2,2,2,2,2,2,2,2
2,2,2,2,2,2,2,2,2,2,2,2,2,2,2,2,2,2,2,2,2,2,5,5,5,1,1,1,1,1,1,1,1,1,1,1,1,1,1,1,1,1,1,1,1,1,5,5,5,5,5,5,5,14,14,3,3,3,3,3,5,5,5,1,1,1,1,1,1,1,1,1,1,1,1,1,5,5,5,3,2,2,2,2,2,2,2,2,2,2,2,2,2,2,2,0,0,0,14,14,14,14,5,5,1,1,1,1,1,1,1,1,5,5,0,0,0,5,5,5,5,5,14,14,14,14,14,14,14,5,5,5,5,5,5,5,5,5,9,9,9,9,9,9,9,5,5,5,5,5,9,5,9,5,5,5,5,5,1,1,5,5,5,5,1,1,1,1,1,1,1,1,1,5,5,5,5,5,5,5,5,5,0,0,0,0,5,9,9,9,13,13,13,13,13,9,9,9,9,5,5,5,14,8,8,8,14,14,14,14,3,14,5,5,5,5,5,5,14,2,2,2,2,2,2,2,2,2,2,2,3,5,5,5,1,1,1,1,1,5,5,5,5,14,2,2,2,2,2,2,2,2,2,2,2,2,2
2,2,2,2,2,2,2,2,2,2,2,2,2,2,2,2,2,2,2,2,2,2,3,5,5,5,1,1,5,1,1,5,5,1,1,1,1,1,1,1,1,1,1,1,1,1,5,5,5,5,5,3,3,3,3,3,3,3,3,3,5,5,5,5,1,1,1,1,1,1,1,1,1,1,1,1,1,5,14,2,2,2,2,2,2,2,2,2,2,2,2,2,2,2,3,0,0,0,0,0,14,14,5,5,5,5,5,1,1,1,1,1,5,5,0,8,5,5,1,1,1,5,5,5,5,5,5,5,5,5,5,5,5,5,5,5,5,5,9,9,9,9,9,9,9,9,5,9,9,9,9,9,9,9,9,9,9,5,5,5,5,5,5,5,1,1,1,1,1,1,1,1,1,1,1,1,1,1,1,5,5,5,5,5,0,0,5,9,9,9,13,13,13,13,13,9,9,9,9,9,9,5,14,8,8,14,14,14,14,5,5,5,5,5,1,1,1,5,3,2,2,2,2,14,14,3,3,3,3,3,3,5,5,1,1,1,1,1,1,1,5,5,5,14,14,2,2,2,2,2,2,2,2,2,2,2,2
2,2,2,2,2,2,2,2,2,2,2,2,2,2,2,2,2,2,2,2,2,2,2,5,5,5,5,5,5,5,5,5,5,5,5,1,1,1,1,1,1,1,1,1,1,1,5,5,5,3,3,3,3,3,3,3,3,3,3,3,3,5,5,5,5,1,1,1,1,1,1,1,1,1,1,1,1,5,14,2,2,2,2,2,2,2,2,2,2,2,2,2,2,2,3,3,3,3,0,0,0,14,14,5,5,5,5,5,1,1,1,1,5,12,8,5,5,1,1,1,1,1,5,5,5,5,5,5,5,5,5,5,5,5,5,9,5,9,9,9,9,9,9,9,9,9,9,9,9,9,9,9,9,9,9,9,9,9,9,5,5,5,5,5,5,5,5,5,5,1,1,1,1,1,1,1,1,1,1,1,1,1,5,5,0,0,0,13,9,9,13,13,13,13,13,9,9,9,9,9,9,9,3,8,8,8,14,14,14,5,5,5,5,1,1,1,5,5,3,2,2,2,3,5,5,5,14,14,3,3,5,5,5,1,1,1,1,1,1,5,5,5,14,14,14,3,2,2,2,2,2,2,2,2,2,2,2
2,2,2,2,2,2,2,2,2,2,2,2,2,2,2,2,2,2,2,2,2,2,2,3,5,5,5,5,5,5,5,5,5,5,5,1,1,1,1,1,1,1,1,1,1,1,5,5,5,14,3,3,3,3,3,3,3,3,3,3,3,5,5,5,5,1,1,1,1,1,1,1,1,1,1,1,1,1,5,3,3,3,2,2,2,2,2,2,2,2,2,2,19,3,3,3,14,14,14,0,0,14,14,5,5,5,5,5,1,1,1,5,5,8,8,5,5,1,1,1,1,1,1,1,1,1,1,5,5,5,5,5,5,5,9,9,9,9,9,9,9,9,9,9,9,9,9,9,9,9,9,9,9,9,9,9,9,9,9,9,9,9,9,5,5,5,5,5,5,1,1,1,1,1,1,1,1,1,1,1,1,1,1,5,8,8,0,5,5,9,13,13,13,13,13,9,9,9,9,9,9,9,5,14,8,8,14,14,14,5,5,1,1,1,1,1,1,1,5,5,5,5,5,5,5,5,5,14,14,5,5,5,5,1,1,1,1,1,1,5,5,5,14,14,3,3,3,2,2,2,2,2,2,2,2,2,2
2,2,2,2,2,2,2,2,2,2,2,2,2,2,2,2,2,2,2,2,2,2,3,5,5,5,5,5,0,0,0,0,0,5,5,1,1,1,1,1,1,1,1,1,1,1,5,5,14,14,3,3,3,3,3,3,3,3,3,3,3,3,5,5,5,1,1,1,1,1,1,1,1,1,1,1,1,1,5,5,14,14,14,2,2,2,2,2,2,2,2,2,2,14,14,14,3,3,3,3,0,0,14,14,5,5,5,5,5,1,5,5,5,8,8,5,1,1,1,1,1,1,1,1,1,1,1,1,1,5,5,5,9,9,9,9,4,4,9,9,9,9,9,9,4,4,4,9,9,9,9,9,9,9,9,9,9,9,9,9,9,9,9,9,9,9,9,9,5,5,5,1,1,1,1,1,1,1,1,1,1,1,1,5,0,0,5,5,5,9,9,9,9,9,9,9,9,9,9,9,9,14,14,3,8,8,3,14,5,5,5,1,1,1,1,1,1,1,1,1,1,5,5,1,1,5,5,5,5,5,5,5,5,1,1,1,1,1,1,1,5,5,5,14,14,3,3,2,2,2,2,2,2,2,2,2,2
2,2,2,2,2,2,2,2,2,2,2,2,2,2,2,2,2,2,2,2,2,2,3,5,0,5,5,0,0,0,0,0,0,0,5,5,1,1,1,1,1,1,1,1,1,1,5,5,14,14,14,3,3,3,3,3,3,3,3,3,3,3,3,5,5,1,1,1,1,1,1,1,1,1,1,1,1,1,1,1,5,14,14,3,2,2,2,2,2,2,2,2,2,14,14,14,14,14,3,3,0,0,3,14,5,5,5,5,5,5,5,5,8,8,8,5,1,1,1,1,1,1,1,1,1,1,1,1,1,1,5,5,9,9,9,4,4,4,4,4,4,9,4,4,4,4,4,4,4,4,4,4,9,9,13,13,13,9,9,9,9,9,9,9,9,9,9,9,9,5,5,5,1,1,1,1,1,1,1,1,1,1,1,5,0,0,5,5,5,9,9,9,9,9,9,9,9,9,9,13,5,14,14,8,8,8,14,5,5,5,5,1,1,1,1,1,1,1,1,1,1,1,1,1,1,5,5,5,5,5,5,5,1,1,1,1,1,1,1,1,1,5,5,14,14,3,2,2,2,2,2,2,2,2,2,2,2
2,2,2,2,2,2,2,2,2,2,2,2,2,2,2,2,2,2,2,2,2,2,0,0,0,0,0,0,0,5,5,5,0,0,5,5,5,5,5,1,1,1,1,1,1,5,5,5,14,14,14,14,3,3,3,3,3,3,3,3,3,14,14,3,5,5,1,1,1,1,1,1,1,1,1,1,1,1,1,1,5,3,3,2,2,2,2,2,2,2,2,2,2,2,14,14,14,14,14,14,3,0,0,14,14,0,8,8,8,8,5,5,8,8,5,5,1,1,1,1,1,1,1,1,1,1,1,1,1,1,5,5,9,9,9,4,4,4,4,4,4,4,4,4,4,7,7,7,7,4,4,4,4,13,13,13,13,13,13,13,9,9,9,9,9,9,9,9,9,9,5,5,5,5,1,1,1,1,1,1,1,1,1,5,0,0,0,5,5,5,9,9,9,9,9,9,9,9,5,5,3,8,8,8,8,5,5,5,5,5,1,1,1,1,1,1,1,1,1,1,1,1,1,1,1,5,5,5,5,5,5,1,1,1,1,1,1,1,1,1,1,5,5,5,14,14,2,2,2,2,2,2,2,2,2,2,2
2,2,2,2,2,2,2,2,2,2,2,2,2,2,2,2,2,2,2,2,2,2,0,0,0,0,0,8,5,5,5,5,5,8,8,8,8,5,5,5,5,5,5,1,5,5,5,14,14,14,14,3,3,3,14,3,3,3,3,14,3,3,14,14,5,5,1,1,1,1,1,1,1,1,1,1,1,1,1,5,5,14,14,2,2,2,2,2,2,2,2,2,2,2,3,14,14,14,14,3,3,0,0,0,0,0,8,8,8,8,8,8,8,8,5,1,1,1,1,1,1,1,1,1,1,1,1,1,1,1,5,5,9,9,9,9,7,7,4,4,4,4,4,7,7,7,7,7,7,7,7,4,4,13,13,13,13,13,13,13,13,9,9,9,9,9,9,9,9,9,9,9,9,5,5,1,1,1,1,1,1,1,1,5,5,0,0,0,5,5,9,9,9,9,9,9,9,5,5,5,8,8,8,8,5,5,1,1,1,1,1,1,1,1,1,1,1,1,1,1,1,1,1,1,5,5,9,5,5,5,5,5,1,5,5,1,1,1,1,1,1,1,5,14,14,14,2,2,2,2,2,2,2,2,2,2,2
2,2,2,2,2,2,2,2,2,2,2,2,2,2,2,2,2,2,2,2,2,2,0,5,5,5,5,5,5,5,5,5,5,8,8,8,8,8,8,8,8,8,3,5,5,5,14,14,14,14,14,3,3,3,14,14,3,3,14,14,14,14,14,14,5,5,5,1,1,1,1,1,1,1,1,1,5,5,5,5,5,14,14,2,2,2,2,2,2,2,2,2,2,2,2,3,14,3,14,14,3,3,0,0,0,0,0,14,5,8,8,8,8,5,5,1,1,1,1,1,1,1,1,1,1,1,1,1,1,1,1,5,9,9,9,9,9,9,7,4,4,4,7,7,7,7,7,7,7,7,7,7,4,4,13,13,13,13,13,13,13,13,13,9,9,9,9,9,9,9,9,9,9,9,5,1,1,1,1,1,1,1,1,1,1,5,8,0,0,5,5,13,9,9,9,9,9,5,5,14,8,8,5,5,5,5,1,1,1,1,1,1,1,1,1,1,1,1,1,1,1,5,5,5,5,4,9,9,9,5,5,5,5,5,5,1,1,1,1,1,1,1,5,14,14,3,2,2,2,2,2,2,2,2,2,2,2
2,2,2,2,2,2,2,2,2,2,2,2,2,2,2,2,2,2,2,2,2,2,14,5,5,5,5,5,1,1,5,5,5,5,5,14,3,14,8,8,8,8,8,14,14,14,14,14,2,2,2,2,2,2,3,3,3,3,14,14,14,14,14,14,5,5,1,1,1,1,1,1,1,1,5,5,5,5,5,5,14,14,14,3,2,2,2,2,2,2,2,2,2,2,2,3,14,14,14,14,3,3,3,14,14,14,14,5,5,5,5,5,5,5,1,1,1,1,1,1,1,1,1,1,1,1,1,1,1,1,5,5,9,9,9,9,9,9,9,4,4,7,7,7,7,7,7,7,7,7,7,7,4,4,13,13,13,13,13,13,13,13,13,13,9,9,9,9,9,9,9,9,9,9,5,5,1,1,1,1,1,1,1,1,1,5,8,8,5,5,5,5,9,9,9,13,9,5,5,8,8,8,5,5,1,1,1,1,1,1,1,1,1,1,1,1,1,1,1,1,5,5,5,4,4,4,4,9,9,9,9,9,5,5,5,5,1,1,1,1,1,1,5,14,14,3,2,2,2,2,2,2,2,2,2,2,2
2,2,2,2,2,2,2,2,2,2,2,2,2,2,2,2,2,2,2,2,2,14,3,5,5,5,1,1,1,1,1,5,5,5,5,5,5,5,5,5,5,8,8,0,3,14,14,14,2,2,2,2,2,2,2,2,2,2,3,14,3,14,14,14,3,5,1,1,1,1,1,1,1,1,5,3,14,14,14,14,14,14,2,2,2,2,2,2,2,2,2,2,2,2,2,3,14,14,14,14,14,14,3,3,14,5,5,5,5,5,5,1,1,1,1,1,1,1,1,1,1,1,1,1,1,1,1,1,1,1,5,5,5,9,9,9,9,9,9,4,4,4,7,7,7,7,7,7,7,7,7,7,4,4,13,13,13,13,13,13,13,13,13,13,9,9,9,9,9,9,9,9,9,9,5,5,5,5,1,1,1,1,1,1,1,5,8,8,5,5,5,5,5,13,5,5,5,5,5,8,8,5,5,1,1,1,1,1,1,1,1,1,1,1,1,1,1,1,1,1,5,5,4,4,4,7,4,4,9,9,9,9,9,5,5,5,5,1,1,1,1,5,5,14,14,2,2,2,2,2,2,2,2,2,2,2,2
2,2,2,2,2,2,2,2,2,2,2,2,2,2,2,2,2,2,2,2,2,14,5,5,1,1,1,1,1,1,1,1,5,1,5,5,5,5,5,5,5,5,3,0,8,14,14,2,2,2,2,2,2,2,2,2,2,2,2,3,3,14,14,14,3,5,5,1,1,1,1,1,1,5,5,2,2,2,3,3,14,3,2,2,2,2,2,2,2,2,2,2,2,2,2,2,3,3,14,14,14,14,14,3,3,5,5,5,5,5,5,1,1,1,1,1,1,1,1,1,1,1,1,1,1,1,1,1,1,1,5,5,5,9,9,9,9,9,7,4,4,4,7,7,7,7,7,7,7,7,7,7,4,4,13,13,13,13,13,13,13,13,13,13,9,9,9,9,9,9,9,9,9,9,5,5,5,5,5,1,1,1,1,1,1,1,8,0,0,5,14,5,5,5,5,5,5,5,14,8,8,5,1,1,1,1,1,1,1,1,1,1,1,1,1,5,5,5,5,5,5,5,4,4,7,7,7,4,4,4,4,4,9,5,5,5,5,1,1,5,5,5,14,14,3,2,2,2,2,2,2,2,2,2,2,2,2
2,2,2,2,2,2,2,2,2,2,2,2,2,2,2,2,2,2,2,2,2,14,5,5,1,1,1,1,1,1,1,1,1,1,1,5,5,5,5,5,5,5,5,3,8,8,2,2,2,2,2,2,2,2,2,2,2,2,3,3,3,3,14,14,14,14,5,1,1,1,1,5,5,5,3,2,2,2,2,2,2,2,2,2,2,2,2,2,2,2,2,2,2,2,2,2,3,2,2,3,14,14,14,14,5,5,5,5,5,5,5,1,1,1,1,1,1,1,1,1,1,1,1,1,1,1,1,1,1,5,5,5,5,9,9,9,9,9,9,4,4,4,4,4,4,7,7,7,7,7,7,7,4,4,13,13,13,13,13,13,13,13,13,13,9,9,9,9,9,9,9,9,9,9,5,5,5,5,5,1,1,1,1,1,1,1,5,0,8,8,14,5,5,5,5,5,5,14,14,8,8,5,5,1,1,1,1,1,1,1,1,1,1,1,1,5,5,5,5,5,9,9,4,7,7,7,7,7,4,4,4,4,9,9,9,5,5,1,1,5,5,5,14,14,14,2,2,2,2,2,2,2,2,2,2,2,2
2,2,2,2,2,2,2,2,2,2,2,2,2,2,2,2,2,2,2,3,14,14,5,1,1,1,1,1,1,1,1,1,1,1,1,5,5,5,5,5,5,5,5,14,8,8,2,2,2,2,2,2,2,2,2,2,2,2,2,3,3,3,14,14,14,5,5,1,1,5,5,5,14,2,2,2,2,2,2,2,2,2,2,2,2,2,2,2,2,2,2,2,2,2,2,3,3,2,2,2,2,14,14,3,5,5,5,5,5,5,5,5,1,1,1,1,1,1,1,1,1,1,1,1,1,1,1,1,1,5,5,5,5,9,9,9,9,9,9,9,7,9,4,4,4,4,7,7,7,7,7,4,4,4,13,13,13,13,13,13,13,13,13,13,9,9,9,9,9,9,9,9,9,9,9,5,5,5,5,5,1,1,1,1,1,1,1,5,5,8,8,3,3,3,3,5,5,14,8,8,8,5,5,1,1,1,1,1,1,1,1,1,1,1,5,5,9,9,9,9,9,4,4,7,7,7,7,7,4,4,4,4,9,9,5,5,5,5,5,5,5,5,14,14,14,14,3,2,2,2,2,2,2,2,2,2,2
2,2,2,2,2,2,2,2,2,2,2,2,2,2,2,2,2,2,3,14,14,14,5,1,1,1,1,1,1,1,1,1,1,1,1,1,5,5,5,5,5,5,5,14,14,15,2,2,2,2,2,2,2,2,2,2,2,2,2,3,3,3,14,14,14,5,5,5,1,5,5,5,14,2,2,2,2,2,2,2,2,2,2,2,2,2,2,2,2,2,2,2,2,2,2,3,2,2,2,2,2,2,3,3,5,5,5,5,5,5,5,5,5,1,1,1,1,1,1,1,1,1,1,1,1,1,1,1,1,1,5,5,5,13,13,9,9,9,9,9,9,9,9,7,4,4,4,7,7,7,7,4,4,4,4,13,13,13,13,13,13,13,13,13,13,9,9,9,9,9,9,9,9,9,9,9,5,5,5,1,1,1,1,1,1,1,1,5,5,8,8,3,14,14,14,14,14,14,8,8,14,5,5,5,1,1,1,1,1,1,1,1,1,5,5,5,9,9,9,4,4,7,7,7,7,7,7,4,4,7,7,9,9,9,5,5,5,5,5,5,14,14,14,14,14,14,3,2,2,2,2,2,2,2,2,2,2
2,2,2,2,2,2,2,2,2,2,2,2,2,2,2,2,2,2,14,14,14,5,1,1,1,1,1,1,1,1,1,1,1,1,1,1,1,5,5,5,5,5,5,14,14,14,3,2,2,2,2,2,2,2,2,2,2,2,2,2,2,2,14,14,14,14,5,5,5,5,5,14,2,2,2,2,2,2,2,2,2,2,2,2,2,2,2,2,2,2,2,2,2,2,14,2,2,2,2,2,2,2,2,3,14,14,5,5,5,5,5,5,5,1,1,1,1,1,1,1,1,1,1,1,1,1,1,1,1,1,1,5,5,5,5,13,13,9,9,9,9,9,9,9,7,7,4,4,7,7,7,7,4,4,4,13,13,13,13,13,13,13,13,13,13,9,9,9,9,9,9,9,9,9,9,9,5,5,5,1,1,1,1,1,1,1,1,1,5,8,8,8,8,14,14,14,14,14,8,8,14,5,5,5,1,1,1,1,1,1,1,1,1,5,5,9,9,4,4,4,7,7,7,7,7,7,7,7,4,9,9,9,9,9,5,5,5,5,5,14,14,14,14,14,3,3,3,3,2,2,2,2,2,2,2,2,2
2,2,2,2,2,2,2,2,2,2,2,2,2,2,2,2,3,14,14,5,5,5,1,1,1,1,1,1,1,1,1,1,1,1,1,1,5,5,5,5,5,5,5,5,14,14,14,3,2,2,2,2,2,2,2,2,2,2,2,2,2,2,2,14,14,14,14,5,5,14,14,2,2,2,2,2,2,2,2,2,2,2,2,2,2,2,2,2,2,2,2,2,3,5,14,2,2,2,2,2,2,2,2,2,14,14,3,5,5,5,5,5,5,5,5,1,1,5,5,5,5,5,1,1,1,1,1,1,1,1,1,1,5,5,5,5,5,5,9,9,9,9,9,9,9,9,4,4,4,7,7,7,7,4,4,13,13,13,13,13,13,13,13,13,13,9,9,9,9,9,9,9,9,9,9,9,5,5,5,1,1,1,1,1,1,1,1,1,5,5,5,8,8,8,14,14,14,8,8,8,14,5,5,5,5,5,1,1,1,1,1,1,5,5,5,9,4,4,7,7,7,7,7,7,7,4,4,4,4,9,9,9,9,9,5,5,5,14,14,14,14,14,14,14,3,3,3,2,2,2,2,2,2,2,2,2,2
2,2,2,2,2,2,2,2,2,2,2,2,14,3,14,14,14,5,5,5,1,1,1,1,1,1,1,1,1,1,1,1,1,1,1,1,5,5,5,5,5,5,5,5,14,14,3,3,3,3,2,2,2,2,2,2,2,2,2,2,2,2,2,3,3,3,14,14,14,14,2,2,2,2,2,2,2,2,2,2,2,2,2,2,2,2,2,2,2,2,2,1,1,1,5,14,2,2,2,2,2,2,2,2,3,3,3,5,5,5,5,5,5,5,5,5,5,5,5,5,5,5,1,1,1,1,1,1,1,1,1,1,1,5,5,5,5,5,9,9,9,9,9,9,9,9,4,4,7,7,7,7,7,7,4,4,4,4,13,13,13,13,13,9,9,9,9,9,9,9,9,9,9,9,9,13,5,5,5,1,1,1,1,1,1,1,1,1,5,5,5,14,8,8,8,8,8,8,8,14,14,5,5,5,5,5,1,1,1,1,1,1,5,9,9,9,4,4,7,7,7,7,7,7,4,4,4,4,9,9,9,9,9,9,9,5,5,14,14,14,14,14,3,3,3,3,3,2,2,2,2,2,2,2,2,2,2
2,2,2,2,2,2,2,2,2,2,2,3,14,14,14,5,5,5,5,5,1,1,1,1,1,1,1,1,1,1,1,1,1,1,1,1,5,5,5,5,5,5,5,5,5,5,14,14,14,14,14,3,2,2,2,2,2,2,2,2,2,2,2,3,3,3,3,3,2,2,2,2,2,2,2,2,2,2,2,2,2,2,2,2,2,2,2,2,2,2,3,1,1,5,5,2,2,2,2,2,2,2,2,2,2,3,14,14,5,14,5,5,5,5,5,5,5,5,5,5,5,5,1,1,1,1,1,1,1,1,1,1,1,5,5,5,5,5,9,9,9,9,9,9,9,9,4,4,7,7,7,7,7,7,4,4,4,4,4,13,13,13,9,9,9,9,9,9,13,13,5,5,13,5,5,5,5,5,1,1,1,1,1,1,1,1,1,5,5,5,5,14,14,3,8,8,8,8,14,14,14,14,5,5,5,5,1,1,1,1,1,5,5,9,9,4,4,4,7,7,7,7,7,4,4,9,9,9,9,9,9,9,9,9,9,5,5,5,14,14,14,14,3,3,3,3,3,3,2,2,2,2,2,2,2,2,2
2,2,2,2,2,2,2,2,2,2,2,14,14,14,5,5,5,5,1,1,1,1,1,1,1,1,1,1,5,5,5,5,1,1,5,5,5,5,5,5,5,5,5,5,5,5,5,14,14,14,14,3,2,2,2,2,2,2,2,2,2,2,2,2,2,2,14,2,2,2,2,2,2,2,2,2,2,2,2,2,2,2,2,2,2,2,2,2,2,3,1,1,1,1,2,2,2,2,2,2,2,2,2,2,2,2,14,14,14,14,14,5,5,5,5,5,5,5,5,5,5,5,1,1,1,1,1,1,1,1,1,1,1,1,1,1,5,5,9,9,9,9,9,9,9,9,4,4,7,7,7,7,7,7,7,7,7,4,4,4,13,13,9,9,9,9,9,13,5,5,5,1,5,5,1,1,1,1,1,1,1,1,1,1,1,5,5,5,5,5,14,14,14,14,14,14,14,14,14,14,14,14,14,5,5,5,1,1,1,1,1,5,5,9,9,4,4,4,7,7,7,7,4,4,9,9,9,9,9,9,13,13,13,9,9,9,5,5,5,14,14,14,3,3,3,3,3,14,3,2,2,2,2,2,2,2,2
2,2,2,2,2,2,2,2,2,2,2,3,14,14,5,5,5,1,1,1,1,1,1,1,1,1,5,5,5,5,5,5,5,5,5,5,5,5,5,5,5,5,5,5,5,5,5,14,14,14,3,3,2,2,2,2,2,2,2,2,2,2,2,2,2,2,2,2,2,2,2,2,2,2,2,2,2,2,2,2,2,2,2,2,2,2,2,3,1,1,1,1,1,5,2,2,2,2,2,2,2,2,2,2,2,14,14,14,14,14,14,5,5,5,5,5,5,5,5,5,5,5,1,1,1,1,1,1,1,1,1,1,1,1,1,1,5,5,9,9,9,9,9,9,9,4,4,7,7,7,7,7,7,7,7,7,7,4,4,4,13,9,9,9,9,9,5,5,5,5,1,1,1,1,1,1,1,1,1,1,1,1,1,1,5,5,5,5,14,14,14,14,14,14,14,14,14,14,14,14,14,14,14,5,5,5,5,1,1,1,1,5,5,9,9,4,4,4,4,7,7,7,4,9,9,9,9,9,9,9,13,13,13,9,9,9,5,5,5,14,14,14,14,3,3,3,3,14,3,2,2,2,2,2,2,2,2
2,2,2,2,2,2,2,2,2,2,2,14,14,5,5,5,5,1,1,5,1,1,5,5,5,5,5,5,5,5,5,5,5,5,5,5,5,5,5,5,5,5,5,5,5,5,5,14,14,14,3,3,2,2,2,2,2,2,2,2,2,2,2,2,2,2,2,2,2,2,2,2,2,2,2,2,2,2,2,2,2,2,2,2,2,2,3,5,1,1,1,1,1,5,2,2,2,2,2,2,2,2,2,2,2,14,14,14,14,14,14,5,5,5,5,5,5,5,5,5,5,5,1,1,1,1,1,1,1,1,1,1,1,1,1,1,5,5,9,9,9,9,9,9,9,4,4,7,7,7,7,7,7,7,7,7,7,7,7,4,4,4,4,9,9,13,5,5,5,1,1,1,1,1,1,1,1,1,5,5,5,5,5,5,5,5,5,5,14,14,14,14,14,14,14,3,14,14,14,14,14,14,14,5,5,5,5,5,1,1,1,5,5,13,13,7,7,4,4,4,4,4,4,9,9,9,9,13,13,13,13,13,13,13,9,9,9,5,5,14,14,14,14,14,14,3,3,14,3,2,2,2,2,2,2,2,2
2,2,2,2,2,2,2,2,2,2,2,14,5,5,5,5,5,5,5,5,5,5,5,5,5,5,5,5,9,9,9,9,9,9,5,5,5,5,5,5,5,5,5,5,5,5,5,5,14,14,14,3,3,2,2,2,2,2,2,2,2,2,2,2,2,2,2,2,2,2,2,2,2,2,2,2,2,2,2,2,2,2,2,2,2,2,3,5,1,1,1,1,1,1,14,14,2,2,2,2,2,2,2,2,2,14,14,14,14,14,3,5,5,5,5,5,5,5,5,5,5,5,5,1,1,1,1,1,1,1,1,1,1,1,1,5,5,5,9,9,9,9,9,9,9,4,4,7,7,7,7,7,7,7,7,7,7,7,7,7,7,7,9,9,5,5,5,5,1,1,1,1,1,1,1,1,1,1,5,5,5,5,5,5,5,5,14,14,14,14,3,14,14,14,14,5,5,5,5,5,5,5,5,5,5,5,5,5,1,1,5,5,5,5,5,5,13,9,4,4,7,7,9,9,9,9,9,13,13,13,13,13,13,13,9,9,9,5,5,5,3,5,14,14,14,3,3,3,14,2,2,2,2,2,2,2,2
2,2,2,2,2,2,2,2,2,2,2,14,5,5,5,5,5,9,9,5,5,5,5,5,5,9,9,9,9,9,9,9,9,9,9,5,5,5,5,5,5,5,5,5,5,5,5,5,5,5,3,3,3,3,3,2,2,2,2,2,2,2,2,2,2,2,2,2,2,2,2,2,2,2,2,2,2,2,2,2,2,2,2,2,2,2,3,5,1,1,1,1,1,1,5,14,14,2,2,2,2,2,2,2,2,14,14,14,14,14,5,5,5,5,5,5,5,5,5,5,5,5,5,5,1,1,1,1,1,1,1,1,1,1,1,5,5,9,9,9,9,9,9,9,9,4,7,7,7,7,7,7,7,7,7,4,7,7,7,7,7,4,9,9,5,5,1,1,1,1,1,1,1,1,1,1,1,5,5,5,5,5,5,5,14,14,14,14,14,14,14,14,14,14,5,5,5,5,5,5,5,5,5,5,5,5,5,5,5,5,5,5,5,1,5,5,5,9,9,9,9,9,9,9,9,9,13,13,13,13,13,13,13,13,13,9,9,9,5,5,5,5,5,3,14,3,14,14,3,2,2,2,2,2,2,2,2
2,2,2,2,2,2,2,2,2,2,2,3,5,5,9,9,9,9,9,9,5,5,5,5,9,9,9,9,4,4,9,9,9,9,9,9,9,5,5,5,5,5,5,5,5,5,5,5,5,5,14,14,14,14,14,2,2,2,2,2,2,2,2,2,2,2,2,2,2,2,2,2,2,2,2,2,2,2,2,2,2,2,2,2,2,2,2,5,5,5,5,5,5,5,5,14,14,2,2,2,2,2,2,14,14,14,14,14,14,14,14,5,5,5,5,5,5,5,5,5,5,5,5,5,5,5,1,1,1,1,1,1,1,1,5,5,9,9,9,9,9,9,9,9,4,4,7,7,7,7,4,4,4,4,4,4,4,7,4,4,4,4,9,5,5,5,1,1,1,1,1,1,1,1,1,5,5,5,5,14,3,5,5,14,14,14,14,14,14,3,14,14,14,5,5,5,5,1,1,5,5,5,5,5,5,1,1,1,5,5,1,1,1,1,1,5,5,9,9,9,9,9,9,9,9,9,13,13,13,13,13,13,13,13,13,13,9,9,9,9,5,5,5,5,14,14,14,14,15,2,2,2,2,2,2,2,2
2,2,2,2,2,2,3,3,14,14,3,5,5,5,9,9,9,4,9,9,9,9,5,9,9,9,4,4,4,4,4,9,9,9,9,9,9,9,5,5,5,5,5,5,5,5,5,5,5,5,5,5,14,14,14,3,2,2,2,2,2,2,2,2,2,2,2,2,2,2,2,2,2,2,2,2,2,2,2,2,2,2,2,2,2,2,2,3,5,5,5,5,5,3,14,14,3,2,2,2,2,2,2,3,14,14,14,14,14,14,3,5,5,5,5,5,5,5,5,5,5,5,5,5,5,5,1,1,1,1,1,1,1,1,5,5,9,9,9,9,9,9,9,9,4,4,4,7,4,4,4,4,4,7,7,7,4,4,4,9,9,9,9,5,5,5,1,1,1,1,1,1,5,5,5,5,5,3,14,14,3,3,14,14,14,14,3,14,14,3,3,14,5,5,5,5,1,1,1,1,1,5,5,5,5,1,1,1,1,1,1,1,1,1,1,5,5,13,9,9,9,9,9,9,9,9,9,13,13,13,13,13,13,13,13,13,9,9,9,9,9,5,5,5,14,14,14,14,2,2,2,2,2,2,2,2,2
2,2,2,2,2,2,14,14,14,14,5,5,9,9,9,9,4,4,4,4,4,9,9,9,9,9,4,7,7,7,4,4,4,9,9,9,9,4,9,9,9,9,9,5,5,5,5,5,5,5,5,5,14,14,14,3,2,2,2,2,2,2,2,2,2,2,2,2,2,2,2,2,2,2,2,2,2,2,2,2,2,2,2,2,2,2,2,3,14,14,14,14,14,3,3,3,3,15,2,2,2,2,2,14,14,14,14,3,3,14,14,14,5,5,5,5,5,5,5,5,5,5,14,14,5,5,5,1,1,1,1,1,1,5,5,9,9,9,9,9,9,9,9,9,9,7,4,4,4,4,9,9,9,9,9,9,7,7,9,9,9,9,5,5,5,1,1,1,1,1,1,5,5,5,5,5,3,2,2,2,3,14,14,14,14,14,3,14,14,14,14,14,5,5,5,1,1,1,1,1,1,1,1,1,1,1,1,1,1,1,1,1,1,1,1,1,5,5,13,9,9,9,9,9,9,9,9,9,13,13,13,13,13,13,13,13,9,9,9,9,9,5,5,5,5,14,14,14,2,2,2,2,2,2,2,2,2
2,2,2,2,3,3,14,14,14,5,5,5,9,9,4,4,7,7,7,7,4,4,4,4,4,4,7,7,7,7,7,7,4,4,9,9,4,4,4,9,4,9,9,9,9,5,5,5,5,5,5,5,5,14,14,3,2,2,2,2,2,2,2,2,2,2,2,2,2,2,2,2,2,2,2,2,2,2,2,2,2,2,2,2,2,2,2,3,14,14,14,14,14,3,0,0,0,15,15,2,2,2,2,14,14,14,14,14,14,14,14,14,14,14,14,5,5,5,5,5,5,14,14,14,5,5,5,5,1,1,1,1,1,5,5,9,9,9,9,9,9,9,9,9,9,9,9,7,7,9,9,9,9,9,9,9,9,9,9,13,13,13,5,5,1,1,1,1,5,5,5,5,14,14,14,3,2,2,2,2,2,2,2,3,14,14,14,14,14,14,14,14,5,5,1,1,1,1,1,1,1,1,1,1,1,1,1,1,1,1,1,1,1,1,1,1,1,5,5,5,5,9,9,9,9,9,9,9,9,9,13,13,13,13,13,13,9,9,9,9,9,5,5,5,5,14,14,14,2,2,2,2,2,2,2,2,2
2,2,2,2,3,3,14,5,5,5,5,5,9,9,4,4,7,7,7,7,7,7,7,7,7,7,7,7,7,7,7,7,7,7,4,4,4,7,4,4,4,4,9,9,9,9,5,5,5,5,5,5,5,14,14,3,2,2,2,2,2,2,2,2,2,2,2,2,2,2,2,2,2,2,2,2,2,2,2,2,2,2,2,2,2,2,2,14,14,14,14,14,3,0,0,0,0,0,14,14,15,15,15,3,14,14,3,14,14,14,14,14,14,14,14,14,14,14,14,14,14,14,14,0,3,14,5,5,5,1,1,1,1,5,9,9,9,9,9,9,9,9,9,9,9,9,9,9,9,9,9,9,9,9,9,9,13,9,9,5,5,5,5,1,1,1,5,5,5,5,2,3,14,14,14,2,2,2,2,2,2,2,2,2,14,14,14,14,14,14,14,5,5,5,1,1,1,1,1,1,1,1,1,1,1,1,1,1,1,1,1,1,1,1,1,1,1,1,1,5,5,5,13,13,9,9,9,9,9,9,9,13,13,13,13,13,9,9,9,9,9,9,5,5,5,5,3,14,2,2,2,2,2,2,2,2,2
2,2,2,14,14,14,5,5,5,5,5,9,9,9,4,7,7,7,7,7,7,7,7,7,7,7,7,7,7,7,7,7,7,7,7,7,7,7,7,4,4,4,9,9,9,9,5,5,5,5,5,5,14,14,14,2,2,2,2,2,2,2,2,2,2,2,2,2,2,2,2,2,2,2,2,2,2,2,2,2,2,2,2,2,2,2,14,14,14,14,14,14,3,0,0,14,3,3,14,14,14,0,0,0,0,0,0,14,14,14,14,14,14,14,14,0,14,14,14,14,3,0,0,0,0,0,14,5,5,5,1,1,1,5,9,9,9,9,9,9,9,9,9,9,9,9,9,9,9,9,9,9,9,5,5,5,5,5,5,5,5,5,1,1,1,5,3,3,2,2,2,2,2,2,2,2,2,2,2,2,2,2,2,2,14,14,14,14,14,14,3,3,5,5,1,1,1,1,1,1,1,1,1,1,1,1,1,1,1,1,1,1,1,1,1,1,1,1,1,1,5,5,5,5,9,9,9,9,9,9,9,9,9,9,9,9,9,4,4,4,4,4,9,5,5,5,5,14,14,3,2,2,2,2,2,2,2
2,2,2,14,14,14,5,5,5,9,9,9,9,4,4,7,7,7,7,7,7,7,7,7,4,7,7,7,7,7,7,7,7,7,7,7,7,7,7,7,4,4,4,9,9,9,5,5,5,5,5,5,5,14,14,2,2,2,2,2,2,2,2,2,2,2,2,2,2,2,2,2,2,2,2,2,2,2,2,2,2,2,2,2,2,3,14,0,0,0,0,0,0,0,0,14,14,14,14,14,14,0,0,0,0,0,0,0,0,14,14,14,3,0,0,0,0,0,0,0,0,0,0,14,0,0,0,0,14,5,5,1,1,5,9,9,9,9,9,9,9,9,9,9,9,9,9,9,9,9,9,9,9,5,5,5,5,5,5,5,5,5,1,1,5,5,2,2,2,2,2,2,2,2,2,2,2,2,2,2,2,2,2,2,2,2,14,14,14,14,14,14,5,5,5,1,1,1,1,1,1,1,1,1,1,1,1,1,1,1,1,1,1,1,1,1,1,1,1,1,5,5,5,5,13,9,9,9,9,9,9,9,9,9,4,4,4,4,4,7,7,4,4,9,9,5,5,5,14,14,3,2,2,2,2,2,2
2,2,14,14,14,5,5,5,9,9,9,9,9,4,7,7,7,7,4,4,4,4,4,4,4,4,4,4,7,7,7,7,7,7,7,7,7,7,7,7,4,4,4,9,9,9,9,5,5,5,5,5,5,14,14,2,2,2,2,2,2,2,2,2,2,2,2,2,2,2,2,2,2,2,2,2,2,2,2,2,2,2,2,2,15,14,14,0,0,0,0,0,0,3,5,5,5,5,5,14,14,14,14,14,14,14,14,0,0,0,14,14,0,0,0,3,0,0,0,0,0,0,14,14,14,0,0,0,0,3,5,5,5,5,5,13,9,9,9,9,9,9,9,9,9,9,9,9,9,9,13,5,5,5,5,5,5,5,5,5,5,5,5,5,5,2,2,2,2,2,2,2,2,2,2,2,2,2,2,2,2,2,2,2,2,2,14,14,14,14,14,14,14,5,5,5,5,5,1,1,1,1,1,1,1,1,1,1,1,1,1,1,1,1,1,1,1,1,1,1,1,5,5,5,5,13,13,13,9,9,9,9,9,4,4,4,4,7,7,7,7,7,4,4,9,5,5,5,14,14,3,3,3,2,2,2,2
2,2,14,14,5,5,5,9,9,9,9,9,4,7,7,7,4,4,4,4,4,7,7,7,9,7,4,4,4,7,7,7,7,7,7,7,7,7,7,7,4,4,9,9,9,9,9,9,9,5,5,5,5,14,14,2,2,2,2,2,2,2,3,3,2,2,2,2,2,2,2,2,2,2,2,2,2,2,2,2,2,2,2,15,0,0,0,0,0,14,14,14,14,5,5,5,5,5,5,5,14,14,14,14,14,14,14,14,3,0,0,3,0,0,14,14,14,14,14,14,14,14,14,14,14,14,14,0,0,14,5,5,5,5,5,5,9,9,9,9,9,9,13,13,13,9,9,9,9,9,5,5,5,5,5,14,14,3,3,14,5,5,5,14,14,2,2,2,2,2,2,2,2,2,2,2,2,2,2,2,2,2,2,2,2,2,2,3,2,2,2,14,14,14,14,5,5,5,5,1,1,1,1,1,1,1,1,1,1,1,1,1,1,1,1,1,1,1,1,1,1,1,1,1,5,5,5,5,13,9,9,9,4,4,4,4,7,7,7,7,7,7,7,4,4,5,5,5,14,14,14,14,3,3,3,2,2
2,2,14,14,5,5,5,9,9,9,9,9,4,4,4,4,4,4,9,9,9,9,9,9,9,9,7,4,4,7,7,7,7,7,7,7,7,7,7,4,4,4,9,9,9,9,9,9,9,5,5,5,5,5,3,3,2,2,2,2,2,2,3,3,3,3,3,2,2,2,2,2,2,2,2,3,2,2,2,3,14,3,3,3,0,0,0,0,14,14,14,14,5,5,5,5,5,5,5,5,14,14,5,5,5,14,14,14,14,3,0,0,0,0,14,14,14,14,14,5,5,14,14,14,14,14,14,3,0,0,14,5,5,5,5,5,5,13,13,13,13,5,5,5,5,5,5,5,5,5,5,5,5,14,14,14,3,3,3,14,14,14,14,14,2,2,2,2,2,2,2,2,2,2,2,2,2,2,2,2,2,2,2,2,2,2,2,2,2,2,2,2,14,14,14,14,5,5,5,5,1,1,1,1,1,1,1,1,1,1,1,1,1,1,1,1,1,1,1,1,1,1,1,1,1,1,5,5,5,5,5,4,4,4,4,7,7,7,7,7,7,7,7,7,4,4,5,5,14,14,14,14,14,3,14,14,3
2,2,3,14,5,5,5,9,9,9,9,9,9,7,7,9,9,9,9,9,9,9,9,9,9,9,9,4,4,7,7,7,7,7,7,7,7,7,7,4,4,9,9,9,9,9,9,9,9,5,5,5,5,5,5,5,14,14,2,2,2,14,14,3,3,14,14,3,2,2,2,2,2,2,14,14,3,14,3,14,14,3,3,3,14,14,14,3,14,14,5,5,5,5,5,5,5,5,5,5,14,5,5,5,5,5,5,5,14,14,14,14,3,14,14,5,5,14,14,5,5,5,5,14,14,14,14,14,0,0,0,3,5,5,5,5,5,5,5,5,5,5,5,5,5,5,5,5,5,5,5,5,5,14,14,3,3,3,3,3,3,3,14,2,2,2,2,2,2,2,2,2,2,2,2,2,2,2,2,2,2,2,2,2,2,2,2,2,2,2,2,2,2,2,14,14,14,5,5,5,5,1,1,1,1,1,1,1,1,1,1,1,1,1,1,1,1,1,1,1,1,1,1,1,1,1,1,5,5,5,5,5,7,4,4,4,7,7,7,7,7,7,7,7,4,4,5,5,5,5,5,3,14,14,14,14,14
2,2,3,3,5,5,5,5,13,9,9,9,9,9,9,9,9,9,9,9,9,9,5,5,9,9,9,4,4,4,4,4,7,7,7,7,7,7,7,4,9,9,9,9,9,9,9,9,5,5,5,5,5,5,5,5,5,5,5,14,14,14,14,5,14,14,14,14,2,2,2,2,3,14,14,14,14,5,5,3,14,14,14,3,14,14,14,14,14,14,5,5,5,5,5,5,5,5,5,5,5,5,5,5,5,5,5,5,5,5,14,14,14,5,5,5,5,5,5,5,5,5,9,5,5,5,5,14,14,0,0,0,14,5,5,5,5,5,5,5,5,5,5,5,5,5,5,5,5,5,14,14,14,14,14,3,3,3,3,3,3,2,2,2,2,2,2,2,2,2,2,2,2,2,2,2,2,2,2,2,2,2,2,2,2,2,2,2,2,2,2,2,2,2,2,2,3,14,14,5,5,5,1,1,5,1,1,1,1,1,1,1,1,1,1,1,1,1,1,1,1,1,1,1,1,1,1,5,5,5,5,5,5,7,4,4,7,7,7,7,7,7,7,7,7,4,4,4,4,5,5,5,14,14,14,14,14
2,2,2,3,5,5,1,1,1,13,9,9,9,9,9,9,5,9,9,9,5,5,5,5,9,9,9,4,4,4,4,4,7,7,7,7,7,7,4,4,9,9,9,9,9,9,13,5,5,5,5,5,5,5,5,5,5,5,5,5,5,5,5,5,5,5,14,14,14,14,14,3,14,14,5,5,5,5,5,5,3,14,14,3,3,14,14,14,14,14,5,5,5,5,5,5,5,5,5,5,5,5,5,5,5,5,5,5,5,5,5,5,5,5,5,5,5,5,5,9,9,9,9,9,5,5,5,5,14,14,0,0,0,14,5,5,5,5,5,5,5,5,5,5,5,5,3,14,14,14,14,14,14,14,3,14,3,14,14,3,2,2,2,2,2,2,2,2,2,2,2,2,2,2,2,2,2,2,2,2,2,2,2,2,2,2,2,2,2,2,2,2,2,2,2,2,2,3,14,5,5,5,5,5,5,5,5,5,5,5,1,1,1,1,1,1,1,1,1,1,1,1,1,1,1,1,1,5,5,5,5,5,5,7,4,4,4,4,7,7,7,7,7,7,7,7,4,4,4,4,5,5,5,14,14,14,14
2,2,2,14,5,5,1,1,1,1,1,9,9,9,5,5,5,5,5,5,5,5,5,5,5,9,9,7,4,4,4,4,7,7,7,7,7,7,4,4,9,9,9,9,9,9,5,5,5,5,5,1,5,5,5,5,5,5,5,5,5,5,5,5,5,5,5,14,3,14,14,14,14,5,5,5,5,5,5,5,5,5,14,14,14,3,14,14,14,5,5,5,9,9,9,9,9,9,5,9,9,9,9,9,5,5,5,5,5,5,5,9,5,5,5,9,9,9,9,9,9,9,9,9,9,9,9,5,5,14,3,0,0,0,8,14,14,5,14,14,5,5,5,5,5,14,14,14,14,14,14,14,14,14,3,14,3,3,14,3,2,2,2,2,2,2,2,2,2,2,2,2,2,2,2,2,2,2,2,2,2,2,2,2,2,2,2,2,2,2,2,2,2,2,2,2,2,2,3,3,5,5,5,5,5,5,5,5,5,5,5,1,1,1,1,1,1,1,1,1,1,1,1,1,1,1,1,1,5,5,5,5,5,5,7,7,4,4,4,7,7,7,7,7,7,7,7,7,7,4,5,5,5,5,3,14,3
2,2,2,14,14,5,5,1,1,1,1,13,5,1,1,1,5,5,5,5,5,1,1,5,5,5,1,9,9,9,9,4,4,4,4,4,7,7,7,4,4,9,9,9,9,9,5,5,5,5,1,1,1,5,5,5,1,5,5,5,5,5,5,5,5,5,5,5,5,5,5,5,5,5,5,1,1,1,5,5,5,14,14,3,3,14,3,14,14,14,5,5,9,9,9,9,9,9,9,9,9,9,9,9,9,9,9,9,5,5,9,9,9,9,9,9,9,9,9,9,9,9,9,9,9,9,9,5,5,5,14,14,0,0,0,0,0,3,14,14,14,14,14,14,14,14,14,14,14,3,3,3,3,14,14,14,14,14,14,3,2,2,2,2,2,2,2,2,2,2,2,2,2,2,2,2,2,2,2,2,2,2,2,2,2,2,2,2,2,2,2,2,2,2,2,2,2,2,3,14,3,14,14,14,5,5,5,5,5,5,5,5,1,1,1,1,1,1,1,1,1,1,1,1,1,1,1,1,5,5,5,5,5,5,5,5,7,4,4,7,7,7,7,7,7,7,7,7,7,4,4,5,5,5,14,14,3
2,2,2,14,14,3,5,1,1,1,1,1,1,1,1,1,1,1,1,1,1,1,1,1,1,5,5,9,9,9,9,4,4,4,4,4,4,7,7,4,4,9,9,9,9,5,5,5,5,1,1,1,1,1,1,1,1,1,1,1,1,5,5,1,1,1,1,5,5,5,5,5,1,1,1,1,1,1,5,5,5,14,3,3,3,3,3,14,14,14,5,5,9,9,13,13,13,13,9,9,9,9,9,9,9,9,9,9,9,9,9,9,9,9,9,9,9,9,9,9,9,9,9,9,9,9,9,9,5,5,5,14,14,3,14,0,0,3,14,14,14,14,14,14,14,14,14,14,14,3,2,2,2,3,14,14,14,3,14,14,2,2,2,2,2,3,3,3,2,2,3,14,3,3,2,2,2,2,2,2,2,2,2,2,2,2,2,2,2,2,2,2,2,2,2,2,2,2,2,14,14,2,14,14,14,14,14,5,3,3,5,5,5,5,1,1,1,1,1,1,1,1,1,1,1,1,1,1,5,5,5,5,5,5,5,5,7,4,4,7,7,7,7,7,7,7,7,7,7,4,4,5,5,5,14,14,3
2,2,2,2,2,3,5,5,5,1,1,1,1,1,1,1,1,1,1,1,1,1,1,1,1,5,5,5,9,9,9,9,9,7,4,4,4,7,7,7,4,4,9,9,9,9,5,5,5,1,1,1,1,1,1,1,1,1,1,1,1,1,1,1,1,1,1,1,5,1,1,1,1,1,1,1,1,5,5,5,5,3,14,3,3,3,3,3,3,5,5,5,9,13,13,13,13,13,13,13,13,13,13,13,13,9,9,9,9,9,9,9,9,9,4,9,9,9,13,9,9,9,9,9,9,9,9,9,9,5,5,5,5,14,14,14,0,0,14,14,14,14,14,14,14,14,14,3,3,2,2,2,2,2,2,2,2,3,2,2,2,2,2,2,14,14,3,14,14,14,14,14,3,3,14,2,2,2,2,2,2,2,2,2,2,2,2,2,2,2,2,2,2,2,2,2,2,2,2,2,2,2,2,2,2,2,2,2,2,2,3,5,5,5,1,1,1,1,1,1,1,1,1,1,1,1,1,5,5,5,5,5,5,5,5,7,4,4,4,7,7,7,7,7,7,7,7,7,7,4,4,4,5,5,14,14,3
2,2,2,2,2,3,5,5,5,1,1,1,1,1,1,1,1,1,1,1,1,1,1,1,1,1,5,5,5,5,9,9,9,9,4,4,4,7,7,7,7,4,4,9,9,9,5,5,5,5,5,5,1,1,1,1,1,1,1,1,1,1,1,1,1,1,1,1,1,1,1,1,1,1,1,1,1,5,5,5,5,14,14,3,3,3,3,3,3,5,5,9,9,13,13,13,13,13,13,13,13,13,13,13,13,13,13,9,9,9,9,9,9,4,4,4,13,13,13,13,9,9,9,9,9,9,9,9,9,9,9,5,5,14,14,3,0,0,0,14,14,14,14,14,3,3,3,3,2,2,2,2,2,2,2,2,2,2,2,2,2,2,2,2,14,14,14,14,14,14,14,14,3,3,14,3,2,2,2,2,2,2,2,2,2,2,2,2,2,2,2,2,2,2,2,2,2,2,2,2,2,2,2,2,2,2,2,2,2,2,3,5,5,5,5,1,1,1,1,1,1,5,5,1,1,1,5,5,5,5,5,5,5,5,5,7,4,4,7,7,7,7,7,7,7,7,7,7,7,4,4,5,5,5,5,14,3
2,2,2,2,2,2,14,5,5,5,1,1,1,1,1,1,1,1,1,1,1,1,1,1,1,1,1,5,5,5,9,9,9,9,7,4,4,7,7,7,7,7,4,9,9,9,9,9,5,5,5,5,5,5,5,1,1,1,1,1,1,1,1,1,1,1,1,1,1,1,1,1,1,1,1,1,5,5,5,5,14,14,3,3,3,3,3,3,3,5,5,9,9,13,13,13,13,13,13,13,13,13,13,13,13,13,13,9,9,9,9,4,4,7,7,4,4,13,13,13,13,13,13,9,9,9,9,9,9,9,9,9,5,5,14,14,3,0,0,0,14,14,3,3,3,3,3,2,2,2,2,2,2,2,2,2,2,2,2,2,2,2,2,3,14,14,14,14,5,5,14,14,14,14,14,3,3,2,2,2,2,2,2,2,2,2,2,2,2,2,2,2,2,2,2,2,2,2,2,2,2,2,2,2,2,2,2,2,2,2,2,3,5,5,5,5,5,5,1,1,5,5,5,5,5,5,5,5,14,14,5,5,5,5,7,4,4,7,7,7,7,7,7,7,7,7,7,7,7,7,4,4,5,5,5,14,14
2,2,2,2,2,3,14,5,5,5,5,1,1,1,1,1,1,1,1,1,1,1,1,1,1,1,1,5,5,5,5,5,9,9,9,4,4,4,4,7,7,7,7,4,4,4,4,4,9,9,9,9,5,5,5,5,5,1,1,1,1,1,1,1,1,1,1,1,1,1,1,1,1,1,1,1,5,5,5,14,14,14,3,3,3,3,3,14,14,5,9,9,9,9,13,13,13,13,13,13,13,13,13,13,13,13,13,9,9,9,4,7,7,7,7,7,4,4,13,13,13,13,13,13,13,13,13,9,9,9,9,9,5,5,5,14,3,3,0,0,0,14,14,2,2,2,2,2,2,2,2,2,2,2,2,2,2,2,2,3,14,14,5,5,5,5,5,5,5,5,5,3,14,14,14,14,14,14,3,2,2,2,2,2,2,2,2,2,2,2,2,2,2,2,2,2,2,2,2,2,2,2,2,2,2,2,2,2,2,2,2,3,3,14,14,5,5,5,5,5,5,5,5,5,5,5,5,14,14,14,14,5,5,5,7,4,4,7,7,7,7,7,7,7,7,7,7,7,7,4,4,4,5,5,5,14,14
2,2,2,2,2,3,14,14,5,5,5,5,1,1,5,5,5,1,1,1,1,1,1,1,1,1,1,1,1,5,5,5,5,9,9,7,7,7,4,7,7,7,7,7,7,7,7,4,4,4,9,9,9,5,5,5,5,5,5,1,1,1,1,1,1,1,1,1,1,1,1,1,1,1,1,1,1,5,5,14,14,14,3,3,3,3,3,14,14,5,5,9,9,9,13,13,13,13,13,13,13,13,13,13,13,13,13,13,4,4,7,7,7,7,7,7,4,4,13,13,13,13,13,13,13,13,13,9,9,9,9,9,5,5,5,3,3,14,3,0,0,0,2,2,2,2,2,2,2,2,2,2,2,2,2,2,3,3,3,5,5,5,5,5,5,5,5,5,5,5,5,5,14,14,14,14,14,14,3,2,2,2,14,14,2,2,2,2,2,2,2,2,2,2,2,2,2,2,2,2,2,2,2,2,2,2,2,2,2,2,2,2,2,14,14,14,5,5,5,5,5,5,5,5,5,14,14,14,14,14,14,5,5,5,7,4,4,4,7,7,7,7,7,7,7,7,7,7,7,4,4,5,5,5,5,14,14
2,2,2,2,2,2,14,14,5,5,5,5,5,5,5,5,5,5,5,1,1,1,1,1,1,1,1,1,1,5,5,5,5,9,9,9,9,9,9,4,7,7,7,7,7,7,7,7,4,4,4,9,9,9,9,9,5,5,5,5,5,1,1,1,1,1,1,1,1,1,1,1,1,1,1,1,1,5,5,5,5,14,3,3,3,3,3,14,5,5,9,9,9,9,13,13,13,13,13,13,13,13,13,13,13,13,4,4,4,7,7,7,7,7,7,7,7,4,4,4,13,13,13,13,13,13,13,9,9,9,9,9,9,5,5,5,14,14,14,3,14,0,2,2,2,2,2,2,2,2,2,2,2,2,14,14,5,5,5,5,5,1,5,1,1,5,1,1,1,1,5,5,5,5,14,14,14,3,3,3,2,2,14,14,2,2,2,2,2,2,2,2,2,2,2,2,2,2,2,2,2,2,2,2,2,2,2,2,2,2,2,2,2,3,14,14,14,5,5,5,5,5,14,14,14,14,14,14,14,14,14,14,5,5,5,7,4,4,7,7,7,7,7,7,7,7,7,7,7,4,4,5,5,5,5,14,14
2,2,2,2,2,2,3,3,3,14,5,5,5,5,5,5,5,5,5,5,1,1,1,1,1,1,1,1,1,1,1,5,5,13,9,9,9,9,9,4,7,7,7,7,7,7,7,7,7,7,4,4,4,9,9,9,9,9,9,5,5,5,1,1,1,1,1,1,1,1,1,1,1,1,1,1,1,1,5,5,5,14,3,3,3,3,14,5,5,5,9,9,9,13,13,13,13,13,13,13,13,13,13,13,4,4,4,7,7,7,7,7,7,7,7,7,7,4,4,4,13,13,13,13,13,13,13,13,13,13,9,9,9,5,5,5,5,14,3,3,3,3,2,2,2,2,2,2,2,2,2,2,2,2,14,14,5,5,5,5,1,1,1,1,1,1,1,1,1,1,1,1,5,5,5,14,14,14,14,14,14,14,14,14,2,2,2,2,2,2,2,2,2,2,2,2,2,2,2,2,2,2,2,2,2,2,2,2,2,2,2,2,2,2,3,14,14,14,3,5,14,3,3,14,2,2,2,2,14,14,14,14,14,5,5,5,7,4,7,7,7,7,7,7,7,7,7,7,7,4,4,5,5,5,5,14,14
2,2,2,2,2,2,2,2,3,14,3,5,5,5,5,3,3,14,5,5,5,1,1,1,1,1,1,1,1,1,1,1,5,5,13,9,9,9,9,7,4,4,4,4,7,7,7,7,7,7,7,4,4,9,9,9,9,9,9,5,5,5,5,5,5,1,1,1,1,1,1,1,1,1,1,1,1,1,1,5,5,5,3,3,3,3,3,14,5,5,9,9,9,13,13,13,13,13,13,13,13,13,4,4,4,7,7,7,7,7,7,7,7,7,7,7,7,4,4,4,4,13,13,13,13,13,13,13,13,13,13,9,9,9,5,5,5,5,3,3,14,3,3,2,2,2,2,2,2,2,2,2,2,3,14,5,5,5,5,1,1,1,1,1,1,1,1,1,1,1,1,1,5,5,5,5,14,14,14,8,14,3,14,14,3,2,2,2,2,2,2,2,2,2,2,2,2,2,2,2,2,2,2,2,2,2,2,2,2,2,2,2,2,2,2,14,14,14,14,14,14,2,2,2,2,2,2,2,2,14,14,14,14,14,5,5,7,4,4,7,7,7,7,7,7,7,7,7,7,4,4,5,5,5,5,14,14
2,2,2,2,2,2,2,2,2,14,14,3,14,14,14,2,2,2,2,3,5,5,5,1,1,1,1,1,1,1,1,1,5,5,5,5,9,9,9,9,4,4,4,4,7,7,7,7,7,7,7,7,4,4,9,9,9,9,9,9,9,5,5,5,5,5,5,1,1,1,1,1,1,1,1,1,1,1,1,5,5,5,5,14,3,3,14,14,3,5,5,9,9,13,13,13,13,13,9,9,9,13,4,4,4,7,7,4,4,4,7,7,7,7,7,4,4,4,4,4,9,9,9,13,13,13,13,13,13,13,13,9,9,9,9,5,5,5,5,14,14,14,3,2,2,2,2,2,2,2,2,2,2,14,5,5,5,5,5,1,1,1,1,1,1,1,1,1,1,1,1,5,5,5,8,8,8,8,8,8,8,8,14,12,8,2,2,2,2,2,2,2,2,2,2,2,2,2,2,2,2,2,2,2,2,2,2,2,2,2,2,2,2,2,2,2,3,3,3,3,2,2,2,2,2,2,2,2,14,14,14,14,14,14,5,5,5,7,4,7,7,7,7,7,7,7,7,7,7,4,4,5,5,5,14,14,14
2,2,2,2,2,2,2,2,2,3,14,14,14,14,2,2,2,2,2,2,2,5,5,5,1,1,1,1,1,1,1,1,1,1,5,5,9,9,9,9,7,7,7,7,4,4,4,4,4,4,4,4,4,4,9,9,9,9,9,9,9,9,9,5,5,5,5,1,1,1,1,1,1,1,1,1,1,1,1,1,1,5,5,5,14,14,14,14,3,5,5,5,9,9,13,13,13,13,9,9,9,9,7,4,4,4,4,4,7,4,4,4,4,4,4,4,7,9,9,7,9,9,9,9,13,13,13,13,13,13,13,13,9,9,9,5,5,5,5,14,14,14,14,14,2,2,2,2,2,2,2,2,3,5,5,5,5,1,1,1,1,1,1,1,1,1,5,5,5,5,5,5,5,5,8,8,8,8,8,3,8,8,8,8,8,2,2,2,2,2,2,2,2,2,2,2,2,2,2,2,2,2,2,2,2,2,2,2,2,2,2,2,2,2,2,2,2,2,2,2,2,2,2,2,2,2,2,2,14,14,14,14,14,14,5,5,5,7,4,7,7,7,7,7,7,7,7,7,4,4,4,5,5,5,14,14,14
2,2,2,2,2,2,2,2,2,2,14,14,14,14,3,2,2,2,2,2,2,3,3,5,5,1,1,1,1,1,1,1,1,1,5,5,9,9,9,9,9,9,9,9,7,7,7,4,4,4,4,4,4,4,9,9,9,9,9,9,9,9,9,5,5,5,5,1,1,1,1,1,1,1,1,1,1,1,1,1,1,1,5,5,14,14,14,14,3,5,5,5,9,9,9,9,9,9,9,9,9,9,9,7,4,4,10,9,9,9,9,4,4,4,4,9,9,9,9,9,9,9,9,9,9,13,13,13,13,13,13,13,9,9,9,5,5,5,5,5,14,14,14,14,14,3,2,2,2,2,2,2,5,5,5,5,5,1,1,1,1,1,1,1,1,1,5,5,5,5,5,5,8,8,8,14,14,14,3,3,3,14,8,3,3,2,2,2,2,2,2,2,2,2,2,2,2,2,2,2,2,2,2,2,2,2,2,2,2,2,2,2,2,2,2,2,2,2,2,2,2,2,2,2,2,2,2,3,14,14,14,3,3,5,5,5,5,7,4,7,7,7,7,7,7,7,7,4,4,4,4,5,5,5,14,14,14
2,2,2,2,2,2,2,2,2,2,14,14,14,3,3,2,2,2,2,2,2,2,3,5,5,1,1,1,1,1,1,1,1,1,5,5,9,9,9,9,9,9,9,9,9,9,9,9,9,7,7,7,7,9,9,9,9,9,9,9,9,9,9,9,5,5,5,5,1,1,1,1,1,1,1,1,1,1,1,1,1,1,5,5,14,14,14,14,14,5,5,5,9,9,9,9,9,9,9,5,13,13,13,9,7,9,5,5,5,5,9,7,7,7,7,9,9,5,9,9,9,9,9,9,9,13,13,13,13,13,13,13,9,9,5,5,5,5,5,5,14,14,14,3,3,3,2,2,2,2,2,3,5,5,5,5,1,1,1,1,1,1,1,1,1,5,5,4,5,4,4,5,8,8,5,5,5,3,14,3,3,14,3,14,3,2,2,2,2,2,2,2,2,2,2,2,2,2,2,2,2,2,2,2,2,2,2,2,2,2,2,2,2,2,2,2,2,2,2,2,2,2,2,2,2,2,2,2,3,14,14,14,3,5,5,5,5,4,4,7,7,7,7,7,7,7,7,4,4,5,5,5,5,5,14,14,14
2,2,2,2,2,2,2,2,2,2,14,14,14,14,3,2,2,2,2,2,2,2,3,5,5,1,1,1,1,1,1,1,1,1,1,5,5,13,9,9,9,9,9,9,9,9,9,9,9,9,9,9,9,9,9,9,9,9,9,9,9,9,9,9,9,5,5,5,1,1,1,1,1,1,1,1,1,1,1,1,1,5,5,14,14,14,3,3,14,5,5,5,13,9,9,9,9,9,5,5,5,5,5,5,9,5,5,5,5,5,5,9,9,5,9,9,5,5,5,5,5,9,9,9,9,9,9,9,13,13,13,13,9,9,5,5,5,5,5,14,14,14,14,3,3,3,2,2,2,2,3,5,5,5,1,1,1,1,1,1,1,1,1,1,5,5,5,4,4,4,4,5,8,8,5,5,5,1,5,14,14,14,14,14,14,14,3,2,2,2,2,2,2,2,2,2,2,2,2,2,2,2,2,2,2,2,2,2,2,2,2,2,2,2,2,2,2,2,2,2,2,2,2,2,2,2,2,2,2,3,14,14,3,5,5,5,5,4,4,7,7,7,7,7,7,7,4,4,4,5,5,5,5,14,14,14,14
2,2,2,2,2,2,2,2,2,2,2,14,3,3,2,2,2,2,2,2,2,2,2,3,5,1,1,1,1,1,1,1,1,1,1,5,5,5,9,9,9,9,9,9,9,9,9,9,9,9,9,9,9,9,9,9,9,9,9,9,9,9,9,9,9,5,5,5,1,1,1,1,1,1,1,1,1,1,1,1,5,5,14,14,14,14,14,14,3,5,5,5,5,5,13,13,13,5,5,5,5,5,5,5,5,5,5,3,3,5,5,5,5,5,5,5,5,5,5,5,5,5,9,9,9,9,9,9,9,13,13,9,9,9,9,5,5,5,5,14,14,14,14,3,3,2,2,2,2,2,3,5,5,5,1,1,1,1,1,1,1,1,1,1,5,4,4,4,4,4,4,5,8,12,5,5,1,1,5,14,14,14,14,14,14,14,14,14,2,2,2,2,2,2,2,2,2,2,2,2,2,2,2,2,2,2,2,2,2,2,2,2,2,2,2,2,2,2,2,2,2,2,2,2,2,2,2,2,2,3,14,14,3,5,5,5,5,7,4,4,7,7,7,7,7,7,4,4,5,5,5,5,14,14,14,14,3
2,2,2,2,2,2,2,2,2,2,2,2,2,2,2,2,2,2,2,2,2,2,3,3,5,5,1,1,1,1,1,1,1,1,5,5,5,5,9,9,9,9,9,9,9,9,9,9,9,9,9,9,9,9,9,9,9,9,9,9,9,9,9,9,9,5,5,5,5,1,1,1,1,1,1,1,1,5,5,5,5,5,14,14,14,14,14,14,3,14,5,5,5,5,5,5,5,5,5,5,5,5,5,5,5,5,3,14,3,3,3,14,14,5,5,5,5,5,5,5,5,5,5,5,5,1,9,9,9,9,9,9,9,9,9,9,5,5,14,14,14,14,14,3,2,2,2,2,2,2,3,5,5,5,5,5,5,5,1,5,5,1,5,5,5,4,4,7,7,4,4,5,8,12,1,1,1,1,1,5,5,14,14,14,14,3,14,14,2,2,2,2,2,2,2,2,2,2,2,2,2,2,2,2,2,2,2,2,2,2,2,2,2,2,2,2,2,2,2,2,2,2,2,2,2,2,2,2,2,2,14,14,3,5,5,5,5,5,7,4,7,7,7,7,7,4,4,4,5,5,5,5,5,14,14,14,14
2,2,2,2,2,2,2,2,2,2,2,2,2,2,2,2,2,2,2,2,2,2,2,3,5,5,5,1,1,1,1,1,1,1,5,5,5,5,5,9,9,9,9,13,13,5,5,5,9,9,9,9,9,9,9,9,9,9,9,9,9,9,9,9,9,5,5,5,5,1,1,1,1,1,1,1,1,5,5,5,5,5,14,14,3,14,14,14,14,14,14,14,14,5,5,5,5,5,5,5,5,5,5,5,5,5,2,2,2,2,14,14,14,14,3,14,14,3,14,14,5,5,5,5,5,5,5,9,9,9,9,9,9,9,9,9,9,5,5,3,3,14,14,3,2,2,2,2,2,2,2,5,5,5,5,5,5,5,5,5,5,5,5,4,4,4,7,7,7,4,4,5,8,8,1,1,1,1,1,1,5,5,3,14,14,14,14,2,2,2,2,2,2,2,2,2,2,2,2,2,2,2,2,2,2,2,2,2,2,2,2,2,2,2,2,2,2,2,2,2,2,2,2,2,2,2,2,2,2,2,2,14,3,14,5,5,5,5,5,7,4,7,7,7,7,7,4,4,5,5,5,5,5,14,14,14,14
2,2,2,2,2,2,2,2,2,2,2,2,2,2,2,2,2,2,2,2,2,2,2,14,14,14,5,5,5,5,1,1,1,1,5,5,5,5,5,5,5,5,5,5,5,5,5,5,5,5,9,9,9,9,9,9,9,9,9,9,9,9,9,9,9,5,5,5,5,1,5,1,1,1,1,1,1,1,5,5,5,5,14,3,3,3,14,14,14,14,14,14,3,5,5,5,5,5,5,5,5,5,5,14,14,3,2,2,2,2,2,2,2,3,3,3,3,3,14,14,14,5,5,5,5,5,5,9,9,9,9,9,9,9,9,9,9,5,5,5,3,14,14,14,2,2,2,2,2,2,2,5,5,5,4,4,4,4,4,4,4,4,4,4,4,4,7,7,4,4,7,1,8,8,12,1,1,1,1,1,5,5,5,3,14,14,3,2,2,2,2,2,2,2,2,2,2,2,2,2,2,2,2,2,2,2,2,2,2,2,2,2,2,2,2,2,2,2,2,2,2,2,2,2,2,2,2,2,2,2,2,14,14,14,5,5,5,5,5,7,4,7,7,7,7,7,4,4,5,5,5,5,14,14,14,14,3
2,2,2,2,2,2,2,2,2,2,2,2,2,2,2,2,2,2,2,2,2,2,2,2,2,14,14,5,5,5,5,1,5,5,5,5,5,5,5,5,5,5,5,5,5,5,5,5,5,5,5,9,9,9,9,9,9,9,9,9,9,9,9,13,13,5,5,5,5,5,5,5,5,1,1,1,1,5,5,14,14,14,3,3,2,2,2,2,14,14,14,14,14,14,14,14,14,5,5,5,5,5,5,14,3,2,2,2,2,2,2,2,2,2,2,3,14,3,14,14,14,3,3,5,5,5,5,5,9,9,9,9,9,9,9,9,9,9,5,5,14,14,14,14,3,2,2,2,2,2,14,5,5,4,4,4,4,7,4,4,4,4,4,7,7,7,7,4,4,4,1,1,1,8,8,5,1,5,1,1,1,5,5,5,14,14,3,2,2,2,2,2,2,2,2,2,2,2,2,2,2,2,2,2,2,2,2,2,2,2,2,2,2,2,2,2,2,2,2,2,2,2,2,2,2,2,2,2,2,2,14,14,14,14,14,14,5,5,5,5,4,4,7,7,7,7,4,4,4,5,5,5,14,14,3,3,3
2,2,2,2,2,2,2,2,2,2,2,2,2,2,2,2,2,2,2,2,2,2,2,2,2,2,14,5,5,5,5,5,5,5,5,5,5,5,5,5,5,5,5,5,5,14,14,14,14,5,5,13,13,9,9,9,9,9,9,9,9,9,5,5,5,5,5,14,14,14,5,5,5,1,1,1,1,5,5,14,14,3,2,2,2,2,2,2,2,2,2,2,2,3,14,14,14,14,5,5,5,5,3,14,3,2,2,2,2,2,2,2,2,2,2,3,3,3,3,3,14,3,3,5,5,5,5,5,9,9,9,9,9,9,9,9,9,5,5,5,5,14,14,3,2,2,2,2,2,2,5,5,4,4,7,7,7,7,7,4,4,4,4,7,7,7,7,4,7,1,1,1,1,0,8,5,5,5,5,5,5,5,5,5,14,14,3,2,2,2,2,2,2,2,2,2,2,2,2,2,2,2,2,2,2,2,2,2,2,2,2,2,2,2,2,2,2,2,2,2,2,2,2,2,2,2,2,2,2,14,14,14,14,14,14,5,5,1,5,5,4,4,7,7,7,7,4,4,4,5,5,5,14,14,14,14,3
2,2,2,2,2,2,2,2,2,2,2,2,2,2,2,2,2,2,2,2,2,2,2,2,2,2,14,5,5,5,5,5,14,5,5,5,5,5,5,5,5,5,5,3,14,14,14,14,2,2,5,5,5,13,13,13,13,13,9,13,13,5,5,5,5,5,5,14,3,2,3,14,5,5,1,1,5,5,14,14,3,2,2,2,2,2,2,2,2,2,2,2,2,2,2,14,14,14,14,14,14,14,14,3,2,2,2,2,2,2,2,2,2,2,2,2,3,3,3,3,3,3,3,5,5,5,5,5,5,1,5,9,9,9,9,1,9,5,5,5,5,14,14,2,2,2,2,2,2,2,5,4,4,7,7,7,7,7,7,7,7,7,7,7,7,7,4,7,1,1,1,1,1,5,8,8,5,5,1,1,1,1,5,5,14,14,3,2,2,2,2,2,2,2,2,2,2,2,2,2,2,2,2,2,2,2,2,2,2,2,2,2,2,2,2,2,2,2,2,2,2,2,2,2,2,2,3,14,14,14,14,5,5,5,5,5,1,1,1,5,7,4,7,7,7,7,4,4,4,5,5,5,14,14,3,14,14
2,2,2,2,2,2,2,2,2,2,2,2,2,2,2,2,2,2,2,2,2,2,2,2,2,2,2,14,5,5,5,14,14,14,5,5,5,5,5,5,5,5,5,3,2,2,3,15,2,2,2,14,5,5,5,5,5,5,5,5,5,5,5,5,5,5,3,2,2,2,2,2,3,5,5,5,5,5,14,3,2,2,2,2,2,2,2,2,2,2,2,2,2,2,2,2,3,14,14,14,14,14,14,3,2,2,2,2,2,2,2,2,2,2,2,2,3,14,3,3,3,3,14,14,5,5,5,5,5,5,5,5,9,9,5,5,5,5,5,5,14,14,14,2,2,2,2,2,2,19,5,4,4,7,7,7,7,7,7,7,7,7,7,7,7,7,4,1,1,1,1,1,1,5,8,8,5,1,1,1,1,1,5,5,14,3,14,14,2,2,2,2,2,2,2,2,2,2,2,2,2,2,2,2,2,2,2,2,2,2,2,2,2,2,2,2,2,2,2,2,2,2,2,2,2,3,14,14,14,14,5,5,5,5,5,1,1,1,1,5,7,4,4,7,4,4,4,4,5,5,5,5,3,3,2,2,2
2,2,2,2,2,2,2,2,2,2,2,2,2,2,2,2,2,2,2,2,2,2,2,2,2,2,2,3,14,3,14,14,14,14,14,5,5,5,5,5,3,3,14,3,2,2,2,2,2,2,2,2,3,5,5,5,5,5,5,5,5,5,5,5,5,5,3,2,2,2,2,2,2,5,5,5,14,14,14,3,2,2,2,2,2,2,2,2,2,2,2,2,2,2,2,2,2,2,3,14,3,14,14,3,2,2,2,2,2,2,2,2,2,2,2,2,2,3,3,3,3,14,14,14,14,14,5,5,5,5,5,5,5,5,5,5,5,5,5,5,14,14,14,3,2,2,2,2,2,2,5,4,7,7,7,7,7,7,7,7,7,7,7,7,4,4,4,1,1,1,1,5,5,5,8,8,5,1,1,1,1,1,1,5,5,5,14,14,14,3,2,2,2,2,2,2,2,2,2,2,2,2,2,2,2,2,2,2,2,2,2,2,2,2,2,2,2,2,2,2,2,2,2,2,2,14,14,14,14,14,5,1,1,1,1,1,1,1,1,1,5,7,4,4,4,4,4,5,5,5,5,5,3,2,2,2,2
2,2,2,2,2,2,2,2,2,2,2,2,2,2,2,2,2,2,2,2,2,2,2,2,2,2,2,3,3,14,14,14,14,14,14,14,14,14,3,3,3,3,3,3,2,2,2,2,2,2,2,2,2,2,14,3,3,5,5,5,5,5,5,5,5,5,2,2,2,2,2,2,17,14,14,3,14,14,14,2,2,2,2,2,2,2,2,2,2,2,2,2,2,2,2,2,2,2,3,14,3,14,14,2,2,2,2,2,2,2,2,2,2,2,2,2,2,3,3,3,14,3,14,14,14,3,5,5,5,5,5,5,5,5,5,5,5,5,5,5,14,14,14,2,2,2,2,2,2,5,4,4,7,7,7,7,7,7,7,7,7,7,4,4,7,7,1,1,1,1,1,5,5,8,8,8,1,1,1,1,1,1,1,1,1,5,5,14,3,3,3,3,2,2,2,2,2,2,2,2,2,2,2,2,2,2,2,2,2,2,2,2,2,2,2,2,2,2,2,2,2,2,2,2,3,14,14,14,14,14,1,1,1,1,1,1,1,1,1,5,5,7,7,4,4,5,5,5,5,5,5,14,3,2,2,2,2
2,2,2,2,2,2,2,2,2,2,2,2,2,2,2,2,2,2,2,2,2,2,2,2,2,2,2,2,3,14,14,14,3,14,14,14,14,14,3,3,3,3,3,3,2,2,2,2,2,2,2,2,2,2,2,3,3,14,5,5,5,5,5,5,5,2,2,2,2,2,2,2,2,14,14,14,14,14,3,2,2,2,2,2,2,2,2,2,2,2,2,2,2,2,2,2,2,2,3,3,3,3,3,2,2,2,2,2,2,2,2,2,2,2,2,2,2,2,2,3,14,14,14,14,3,3,3,5,5,5,5,5,5,5,5,5,5,5,5,5,14,14,2,2,2,2,2,2,14,5,4,4,7,4,4,4,7,7,7,7,7,7,4,1,1,1,1,1,1,1,1,5,8,8,8,1,1,1,1,1,1,1,1,1,1,1,5,5,3,3,3,3,2,2,2,2,2,2,2,2,2,2,2,2,2,2,2,2,2,2,2,2,2,2,2,2,2,2,2,2,2,2,2,2,2,3,3,5,5,1,1,1,1,1,1,1,1,1,1,5,5,5,5,5,5,5,5,5,5,5,5,14,3,2,2,2,2
2,2,2,2,2,2,2,2,2,2,2,2,2,2,2,2,2,2,2,2,2,2,2,2,2,2,2,2,3,3,3,3,3,2,14,14,14,3,3,3,3,3,3,3,3,2,2,2,2,2,2,2,2,2,2,2,2,2,2,5,5,14,14,14,2,2,2,2,2,2,2,2,2,2,2,2,2,2,2,2,2,2,2,2,2,2,2,2,2,2,2,2,2,2,2,2,2,2,2,2,2,3,2,2,2,2,2,2,2,2,2,2,2,2,2,2,2,2,2,2,3,14,14,3,3,3,3,14,14,14,14,3,3,5,5,14,14,14,3,14,14,3,2,2,2,2,2,2,14,5,4,4,4,4,4,4,7,7,7,4,4,4,7,1,1,1,1,1,1,1,1,5,8,8,1,1,1,1,1,1,1,1,1,1,1,1,5,5,3,14,14,14,3,3,2,2,2,2,2,2,2,2,2,2,2,2,2,2,2,2,2,2,2,2,2,2,2,2,2,2,2,2,2,2,2,3,14,5,5,5,1,1,1,1,1,1,1,1,1,1,5,5,5,5,5,5,5,5,5,5,14,14,2,2,2,2,2
2,2,2,2,2,2,2,2,2,2,2,2,2,2,2,2,2,2,2,2,2,2,2,2,2,2,2,2,2,2,2,2,2,2,2,2,3,2,3,3,3,3,3,14,2,2,2,2,2,2,2,2,2,2,2,2,2,2,2,17,2,2,14,2,2,2,2,2,2,2,2,2,2,2,2,2,2,2,2,2,2,2,2,2,2,2,2,2,2,2,2,2,2,2,2,2,2,2,2,2,2,2,2,2,2,2,2,2,2,2,2,2,2,2,2,2,2,2,2,2,2,3,14,3,3,14,3,14,3,3,3,3,3,14,14,14,14,14,3,3,14,3,2,2,2,2,2,2,5,5,7,4,7,7,7,4,4,4,4,4,7,7,1,1,1,1,1,1,1,1,5,5,8,5,1,1,1,1,1,1,1,1,1,1,1,1,5,5,14,14,14,3,3,14,3,2,2,2,2,2,2,2,2,2,2,2,2,2,2,2,2,2,2,2,2,2,2,2,2,2,2,2,2,2,2,2,14,14,5,5,1,1,1,1,1,1,1,1,1,1,5,5,5,5,5,5,5,5,14,14,14,14,3,2,2,2,2
2,2,2,2,2,2,2,2,2,2,2,2,2,2,2,2,2,2,2,2,2,2,2,2,2,2,2,2,2,2,2,2,2,2,2,2,2,2,2,3,3,3,2,2,2,2,2,2,2,2,2,2,2,2,2,2,2,2,2,2,2,2,2,2,2,2,2,2,2,2,2,2,2,2,2,2,2,2,2,2,2,2,2,2,2,2,2,2,2,2,2,2,2,2,2,2,2,2,2,2,2,2,2,2,2,2,2,2,2,2,2,2,2,2,2,2,2,2,2,2,2,3,14,14,14,14,14,14,14,3,3,3,3,14,2,14,14,14,3,3,3,2,2,2,2,2,2,2,3,5,5,7,5,5,5,7,4,4,7,5,5,5,5,1,1,1,1,1,1,5,5,8,8,5,1,1,1,1,1,1,1,1,1,1,1,5,5,5,14,14,14,3,3,3,3,2,2,2,2,2,2,2,2,2,2,2,2,2,2,2,2,2,2,2,2,2,2,2,2,2,2,2,2,2,2,2,2,14,5,5,1,1,1,1,5,1,5,5,5,5,5,5,5,5,5,5,5,14,14,14,14,14,14,2,2,2,2
2,2,2,2,2,2,2,2,2,2,2,2,2,2,2,2,2,2,2,2,2,2,2,2,2,2,2,2,2,2,2,2,2,2,2,2,2,2,2,2,2,2,2,2,2,2,2,2,2,2,2,2,2,2,2,2,2,2,2,2,2,2,2,2,2,2,2,2,2,2,2,2,2,2,2,2,2,2,2,2,2,2,2,2,2,2,2,2,2,2,2,2,2,2,2,2,2,2,2,2,2,2,2,2,2,2,2,2,2,2,2,2,2,2,2,2,2,2,2,2,2,2,3,14,14,14,3,3,3,3,3,3,3,2,2,2,2,2,2,2,2,2,2,2,2,2,2,2,2,5,5,5,5,5,5,5,7,7,5,5,5,5,5,5,1,1,1,5,5,5,8,8,8,1,1,1,1,1,1,1,1,1,5,5,5,5,5,5,14,14,3,3,3,2,2,2,2,2,2,2,2,2,2,2,2,2,2,2,2,2,2,2,2,2,2,2,2,2,2,2,2,2,2,2,2,2,2,14,3,5,5,5,5,5,5,5,5,5,5,5,5,5,5,5,5,14,14,14,14,14,14,14,2,2,2,2,2
2,2,2,2,2,2,2,2,2,2,2,2,2,2,2,2,2,2,2,2,2,2,2,2,2,2,2,2,2,2,2,2,2,2,2,2,2,2,2,2,2,2,2,2,2,2,2,2,2,2,2,2,2,2,2,2,2,2,2,2,2,2,2,2,2,2,2,2,2,2,2,2,2,2,2,2,2,2,2,2,2,2,2,2,2,2,2,2,2,2,2,2,2,2,2,2,2,2,2,2,2,2,2,2,2,2,2,2,2,2,2,2,2,2,2,2,2,2,2,2,2,2,3,14,14,14,3,3,3,3,3,3,2,2,2,2,2,2,2,2,2,2,2,2,2,2,2,2,2,5,5,5,5,5,5,5,5,5,5,5,5,5,5,5,5,1,5,5,5,5,8,8,5,1,1,1,1,1,1,1,1,5,5,5,5,5,5,14,14,14,3,14,2,2,2,2,2,2,2,2,2,2,2,2,2,2,2,2,2,2,2,2,2,2,2,2,2,2,2,2,2,2,2,2,2,2,2,14,14,5,5,5,5,5,5,5,5,5,5,5,5,5,5,14,14,14,14,14,14,14,14,14,2,2,2,2,2
