0,0,0,0,0,0,0,0,0,0,0,0,0,0,0,0,0,0,0,0,0,0,0,0,0,0,0,0,0,0,0,0,0,0,0,0,0,0,0,0,0,0,0,0,0,0,0,0,0,0,0,0,0,0,0,0,0,0,0,0,0,0,0,0,0,0,0,0,0,0,0,0,0,0,0,0,0,0,0,0,0,0,0,0,0,0,0,0,0,0,0,0,0,0,0,0,0,0,0,0,0,0,0,0,0,0,0,0,0,0,0,0,0,0,0,0,0,0,0,0,0,0,0,0,0,0,0,0,0,0,0,0,0,0,0,0,0,0,0,0,0,0,0,0,0,0,0,0,0,0,0,0,0,0,0,0,0,0,0,0,0,0,0,0,0,0,0,0,0,0,0,0,0,0,0,0,0,0,0,0,0,0,0,0,0,0,0,0,0,0,0,0,0,0,0,0,0,0,0,0,0,0,0,0,0,0,0,0,0,0,0,0,0,0,0,0,0,0,0,0,0,0,0,0,0,0,0,0,0,0,0,0,0,0,0,0,0,0,0,0,0,0,0,0,0,0,0,0,0,0,0,0,0,0,0,0
0,0,0,0,0,0,0,0,0,0,0,0,0,0,0,0,0,0,0,0,0,0,0,0,0,0,0,0,0,0,0,0,0,0,0,0,0,0,0,0,0,0,0,0,0,0,0,0,0,0,0,0,0,0,0,0,0,0,0,0,0,0,0,0,0,0,0,0,0,0,0,0,0,0,0,0,0,0,0,0,0,0,0,0,0,0,0,0,0,0,0,0,0,0,0,0,0,0,0,0,0,0,0,0,0,0,0,0,0,0,0,0,0,0,0,0,0,0,0,0,0,0,0,0,0,0,0,0,0,0,0,0,0,0,0,0,0,0,0,0,0,0,0,0,0,0,0,0,0,0,0,0,0,0,0,0,0,0,0,0,0,0,0,0,0,0,0,0,0,0,0,0,0,0,0,0,0,0,0,0,0,0,0,0,0,0,0,0,0,0,0,0,0,0,0,0,0,0,0,0,0,0,0,0,0,0,0,0,0,0,0,0,0,0,0,0,0,0,0,0,0,0,0,0,0,0,0,0,0,0,0,0,0,0,0,0,0,0,0,0,0,0,0,0,0,0,0,0,0,0,0,0,0,0,0,0
0,0,0,0,0,0,0,0,0,0,0,0,0,0,0,0,0,0,0,0,0,0,0,0,0,0,0,0,0,0,0,0,0,0,0,0,0,0,0,0,0,0,0,0,0,0,0,0,0,0,0,0,0,0,0,0,0,0,0,0,0,0,0,0,0,0,0,0,0,0,0,0,0,0,0,0,0,0,0,0,0,0,0,0,0,0,0,0,0,0,0,0,0,0,0,0,0,0,0,0,0,0,0,0,0,0,0,0,0,0,0,0,0,0,0,0,0,0,0,0,0,0,0,0,0,0,0,0,0,0,0,0,0,0,0,0,0,0,0,0,0,0,0,0,0,0,0,0,0,0,0,0,0,0,0,0,0,0,0,0,0,0,0,0,0,0,0,0,0,0,0,0,0,0,0,0,0,0,0,0,0,0,0,0,0,0,0,0,0,0,0,0,0,0,0,0,0,0,0,0,0,0,0,0,0,0,0,0,0,0,0,0,0,0,0,0,0,0,0,0,0,0,0,0,0,0,0,0,0,0,0,0,0,0,0,0,0,0,0,0,0,0,0,0,0,0,0,0,0,0,0,0,0,0,0,0
0,0,0,0,0,0,0,0,0,0,0,0,0,0,0,0,0,0,0,0,0,0,0,0,0,0,0,0,0,0,0,0,0,0,0,0,0,0,0,0,0,0,0,0,0,0,0,0,0,0,0,0,0,0,0,0,0,0,0,0,0,0,0,0,0,0,0,0,0,0,0,0,0,0,0,0,0,0,0,0,0,0,0,0,0,0,0,0,0,0,0,0,0,0,0,0,0,0,0,0,0,0,0,0,0,0,0,0,0,0,0,0,0,0,0,0,0,0,0,0,0,0,0,0,0,0,0,0,0,0,0,0,0,0,0,0,0,0,0,0,0,0,0,0,0,0,0,0,0,0,0,0,0,0,0,0,0,0,0,146,146,146,146,146,0,0,0,0,0,0,0,0,0,0,0,0,0,0,0,0,0,0,0,0,0,0,0,0,0,0,0,0,0,0,0,0,0,0,0,0,0,0,0,0,0,0,0,0,0,0,0,0,0,0,0,0,0,0,0,0,0,0,0,0,0,0,0,0,0,0,0,0,0,0,0,0,0,0,0,0,0,0,0,0,0,0,0,0,0,0,0,0,0,0,0,0
0,0,0,0,0,0,0,0,0,0,0,0,0,0,0,0,0,0,0,0,0,0,0,0,0,0,0,0,0,0,0,0,0,0,0,0,0,0,0,0,0,0,0,0,0,0,0,0,0,0,0,0,0,0,0,0,0,0,0,0,0,0,0,0,0,0,0,0,0,0,0,0,0,0,0,0,0,0,0,0,0,0,0,0,0,0,0,0,0,0,0,170,0,0,0,0,0,0,0,0,0,0,0,0,0,0,0,0,0,0,0,0,0,0,0,0,0,0,0,0,0,0,0,0,0,0,0,0,0,0,0,0,0,0,0,0,0,0,0,0,0,0,0,0,0,0,0,0,0,0,0,0,0,0,0,0,0,0,0,146,146,146,146,146,0,0,0,0,0,0,0,0,0,0,0,0,0,0,0,0,0,0,0,0,0,0,0,0,0,0,0,173,0,0,0,0,0,0,0,0,0,0,0,0,0,0,0,0,0,0,0,0,0,0,0,0,0,0,0,0,0,0,0,0,0,0,0,0,0,0,0,0,0,0,0,0,0,0,0,0,0,0,0,0,0,0,0,0,0,0,0,0,0,0,0,0
0,0,0,0,0,0,0,0,0,0,0,0,0,0,0,0,0,0,0,0,0,0,0,0,0,0,0,0,0,0,0,0,0,0,0,0,0,0,0,0,0,0,0,0,0,0,0,0,0,0,0,0,0,0,0,0,0,0,0,0,0,0,0,0,0,0,0,0,0,0,0,0,0,0,0,0,0,0,0,0,0,0,0,0,0,0,0,0,0,135,135,135,0,0,0,0,0,0,0,0,0,0,0,0,0,0,0,0,0,0,0,0,0,0,0,0,0,0,0,0,0,0,0,0,0,0,0,0,0,0,0,0,0,0,0,0,0,0,0,0,0,0,0,0,0,0,0,0,0,0,0,0,0,0,0,0,0,0,0,0,146,146,146,146,0,0,0,0,0,0,0,0,0,0,0,0,0,0,0,0,0,0,0,0,0,0,0,0,0,13,101,8,0,0,0,0,0,0,0,0,0,0,0,0,0,0,0,0,0,0,0,0,0,0,0,0,0,0,0,0,0,0,0,0,0,0,0,0,0,0,0,0,0,0,0,0,0,0,0,0,0,0,0,0,0,0,0,0,0,0,0,0,0,0,0,0
0,0,0,0,0,0,0,0,0,0,0,0,0,0,0,0,0,0,0,0,0,0,0,0,0,0,0,0,0,0,0,0,0,0,0,0,0,0,0,0,0,0,0,0,0,0,0,0,0,0,0,0,0,0,0,0,0,0,0,0,0,0,0,0,0,0,0,0,0,0,0,0,0,0,0,0,0,0,0,0,0,0,0,0,0,0,0,135,135,135,135,0,0,0,0,0,0,0,0,173,0,0,0,0,173,0,0,0,0,0,0,0,0,0,0,0,0,0,0,0,0,0,0,0,0,0,0,0,0,0,0,0,0,0,0,0,0,0,0,0,0,0,0,0,0,0,0,0,0,0,0,0,0,0,0,0,0,0,0,0,170,146,146,146,146,0,0,0,0,0,0,0,0,0,0,173,135,0,0,0,0,0,0,0,0,0,0,0,0,13,146,146,0,0,0,0,0,0,0,0,0,0,0,0,0,0,0,0,0,0,0,0,0,0,0,0,0,0,0,0,0,0,0,0,0,0,0,0,0,0,0,0,0,173,135,0,0,0,0,0,0,0,0,0,0,0,0,0,0,0,0,0,0,0,0,0
0,0,0,0,0,0,0,0,0,0,0,0,0,0,0,0,0,0,0,0,0,0,0,0,0,0,0,0,0,0,0,0,0,0,0,0,0,0,0,0,0,0,0,0,0,0,0,0,0,0,0,0,0,0,0,0,0,0,0,0,0,0,0,0,0,0,0,0,0,0,0,0,0,0,0,0,0,0,0,0,0,0,0,0,0,170,135,135,135,135,135,0,0,0,0,0,0,0,146,146,146,146,146,135,173,0,0,0,0,0,0,0,0,0,0,0,0,0,0,0,0,0,0,0,0,0,0,0,0,0,0,0,0,0,0,0,0,0,0,0,0,0,0,0,0,0,0,0,0,0,0,0,0,0,0,0,0,0,0,0,0,146,146,146,146,146,0,0,0,0,0,0,0,0,0,170,135,0,0,0,0,0,0,0,0,0,0,0,0,146,146,146,173,0,0,0,0,0,0,0,0,0,0,0,0,0,0,0,0,0,0,0,0,0,0,0,0,0,0,0,0,0,0,0,0,0,0,0,0,0,0,0,0,0,135,135,135,135,135,135,0,0,0,0,0,0,0,0,0,0,0,0,0,0,0,0
0,0,0,0,0,0,0,0,0,0,0,0,0,0,0,0,0,0,0,0,0,0,0,0,0,0,0,0,0,0,0,0,0,0,0,0,0,0,0,0,0,0,0,0,0,0,0,0,0,0,0,0,0,0,0,0,0,0,0,0,0,0,0,0,0,0,0,0,0,0,0,0,0,0,0,0,0,0,0,0,0,0,0,0,0,135,135,135,135,135,135,0,0,0,0,0,0,0,146,146,146,146,146,146,0,0,0,0,173,173,0,0,0,0,0,0,0,0,0,0,0,0,0,0,0,0,0,0,0,0,0,0,0,0,0,0,0,0,0,0,0,0,0,0,0,0,0,0,0,0,0,0,0,0,0,0,0,0,0,0,0,146,146,146,146,146,173,0,0,173,170,170,0,0,170,170,135,0,0,0,0,0,0,0,0,0,0,0,0,146,146,146,173,0,0,0,0,0,0,0,0,0,0,0,0,0,0,0,0,0,0,0,0,0,0,0,0,0,0,0,0,0,0,0,0,0,0,0,0,0,0,0,0,0,0,135,135,135,135,135,173,0,0,0,0,0,0,0,0,0,0,0,0,0,0,0
0,0,0,0,0,0,0,0,0,0,0,0,0,0,0,0,0,0,0,0,0,0,0,0,0,0,0,0,0,0,0,0,0,0,0,0,0,0,0,0,0,0,0,0,0,0,0,0,0,0,0,0,0,0,0,0,0,0,0,0,0,0,0,0,0,0,0,0,0,0,0,0,0,0,0,0,0,0,0,0,0,0,0,0,0,0,135,135,135,135,135,135,0,0,0,0,0,146,146,146,146,146,0,0,0,0,0,0,173,172,192,172,0,0,0,0,0,0,0,0,0,0,0,0,0,0,193,172,0,0,0,0,0,0,0,0,0,0,0,0,0,0,0,0,0,0,0,0,0,0,0,0,0,0,0,0,0,0,0,0,173,146,146,146,146,146,0,0,0,170,146,170,101,13,170,0,0,0,0,0,0,173,173,0,0,0,170,170,146,146,146,146,146,0,0,0,0,0,0,0,0,0,0,0,0,0,0,0,0,0,0,0,0,0,0,0,0,0,0,0,0,0,0,0,0,0,0,0,0,0,0,0,0,0,0,0,170,135,135,135,135,135,135,173,0,0,0,0,0,0,0,0,0,0,0,0
0,0,0,0,0,0,0,0,0,0,0,0,0,0,0,0,0,0,0,0,0,0,0,0,0,0,0,0,0,0,0,0,0,0,0,0,0,0,0,0,0,0,0,0,0,0,0,0,0,0,0,0,0,0,0,0,0,0,0,0,0,0,0,0,0,0,0,0,0,0,0,0,0,0,0,0,0,0,0,0,0,0,0,0,0,173,135,135,135,135,135,135,135,146,146,146,146,146,146,146,146,0,0,0,0,0,0,173,193,172,192,192,172,0,0,0,0,0,0,0,0,0,8,173,173,193,193,193,8,0,0,0,0,0,0,0,0,8,8,0,173,8,8,173,0,0,0,0,0,0,0,0,0,0,0,0,0,0,0,0,146,146,146,146,146,146,0,0,135,135,135,170,170,170,173,0,0,0,0,0,0,170,170,173,0,0,146,146,146,146,146,146,146,0,0,0,0,0,0,0,0,0,0,0,0,0,0,0,0,0,0,0,0,0,0,0,0,0,0,219,219,219,0,0,0,0,0,0,0,0,0,0,0,0,0,0,0,135,146,135,135,135,135,135,173,0,0,0,0,0,0,0,0,0,0,0
0,0,0,0,0,0,0,0,0,0,0,0,0,0,0,0,0,0,0,0,0,0,0,0,0,0,0,0,0,0,0,0,0,0,0,0,0,0,0,0,0,0,0,0,0,0,0,0,0,0,0,0,0,0,0,0,0,0,0,0,0,0,0,0,0,0,0,0,0,0,0,0,0,0,0,0,0,0,0,0,0,0,0,173,135,135,135,135,135,135,135,146,146,146,146,146,146,146,146,135,8,0,0,0,0,0,0,193,193,192,192,172,173,0,0,0,0,0,0,0,8,8,193,8,193,172,172,193,193,8,8,8,0,0,0,0,8,8,8,8,8,8,8,8,8,173,173,0,0,0,0,0,0,0,0,0,0,0,0,0,146,146,146,146,146,170,0,0,0,135,135,135,170,173,0,0,0,0,0,173,170,135,135,170,173,146,146,146,146,146,146,146,173,0,0,0,0,0,0,0,0,0,0,0,0,0,0,0,0,0,0,0,0,0,0,0,0,0,172,75,75,173,0,0,0,0,0,0,0,0,0,0,0,0,0,0,0,146,146,146,146,135,135,135,135,173,173,0,0,0,0,0,0,0,0,0
0,0,0,0,0,0,0,0,0,0,0,0,0,0,0,0,0,0,0,0,0,0,0,0,0,0,0,0,0,0,0,0,0,0,0,0,0,0,0,0,0,0,0,0,0,0,0,0,0,0,0,0,0,0,0,0,0,0,0,0,0,0,0,0,0,0,0,0,0,0,0,0,0,0,0,0,0,0,0,0,0,0,135,135,135,135,135,135,135,135,146,146,146,146,146,146,146,146,146,135,193,8,8,0,0,0,173,172,90,192,192,193,173,0,0,0,0,0,0,173,8,193,193,90,90,90,90,172,90,8,8,8,8,0,173,8,193,8,8,193,75,8,8,8,8,173,0,0,0,0,0,0,0,0,0,0,0,0,0,0,173,135,146,146,146,170,0,0,0,0,135,135,135,173,173,0,0,219,135,135,135,135,135,146,146,146,146,146,146,146,146,146,173,0,0,0,0,0,0,0,0,0,0,0,0,0,0,0,0,0,0,0,0,0,0,0,219,75,75,75,75,75,219,0,0,0,0,0,170,146,173,0,0,0,0,0,173,173,146,146,146,146,146,135,173,0,0,0,0,0,0,0,0,0,0,0
0,0,0,0,0,0,0,0,0,0,0,0,0,0,0,0,0,0,0,0,0,0,0,0,0,0,0,0,0,0,0,0,0,0,0,0,0,0,0,0,0,0,0,0,0,0,0,0,0,0,0,0,0,0,0,0,0,0,0,0,0,0,0,0,0,0,0,0,0,0,0,0,0,0,0,0,0,0,0,0,0,0,173,135,135,135,135,135,135,135,146,146,146,146,146,146,146,146,146,146,193,193,172,8,173,193,172,172,90,193,192,193,8,0,0,0,0,0,0,173,8,8,193,172,90,90,193,193,75,75,8,8,193,8,193,193,193,193,193,193,8,8,8,173,0,0,0,0,0,0,0,0,0,0,0,0,0,0,171,173,135,135,135,135,170,0,0,0,0,0,135,135,135,135,173,0,173,135,135,135,135,135,146,146,146,146,146,146,146,146,146,173,0,0,0,0,0,0,0,0,0,0,0,0,0,0,0,0,8,0,0,0,0,0,0,75,75,75,75,75,75,75,0,0,0,0,173,146,146,146,146,173,0,0,0,146,173,146,146,146,146,146,146,135,173,0,0,0,0,0,0,0,0,0,0,0
0,0,0,0,0,0,0,0,0,0,0,0,0,0,0,0,0,0,0,0,0,0,0,0,0,0,0,0,0,0,0,0,0,0,0,0,0,0,0,0,0,0,0,0,0,0,0,0,0,0,0,0,0,0,0,0,0,0,0,0,0,173,173,0,173,0,0,0,0,0,0,0,0,0,0,0,0,0,0,0,0,0,173,135,135,135,135,135,135,135,146,146,146,135,146,146,146,146,146,8,8,193,90,192,90,172,193,90,90,90,172,192,172,173,0,0,0,0,0,173,8,193,193,172,172,90,90,90,172,193,90,193,172,90,193,90,193,193,8,8,8,8,8,0,0,0,0,0,0,0,0,173,173,135,135,135,173,173,173,135,135,135,135,135,0,0,0,0,0,135,135,135,135,135,135,135,135,135,135,135,146,146,146,146,146,146,146,146,146,146,0,0,0,0,0,0,0,0,0,0,0,0,0,0,0,0,0,219,75,75,75,75,75,0,0,75,75,75,75,75,75,75,0,0,0,0,170,146,146,146,146,146,146,173,146,146,146,146,146,146,146,146,135,135,173,0,0,0,0,0,0,0,0,0,0,0
0,0,0,0,0,0,0,0,0,0,0,0,0,0,0,0,0,0,0,0,0,0,0,0,0,0,0,0,0,0,0,0,0,0,0,0,0,0,0,0,0,0,0,0,0,0,0,0,0,0,0,0,0,0,0,0,0,0,0,0,0,135,135,135,173,0,0,0,0,0,0,0,0,0,0,0,0,0,0,0,0,0,135,135,135,135,135,135,135,146,146,146,146,135,135,146,146,146,8,8,8,193,193,193,90,192,90,90,90,172,90,172,172,8,8,0,0,173,8,8,193,193,172,172,172,90,193,90,172,172,192,90,193,193,172,90,193,193,75,8,8,8,8,8,0,0,0,0,0,0,173,170,135,135,135,135,135,135,135,135,135,135,135,135,0,219,0,0,0,135,135,135,135,135,135,135,135,135,135,170,146,146,146,146,146,146,146,146,146,0,0,0,0,0,0,0,0,0,0,0,0,0,0,0,0,0,0,0,75,75,75,75,75,75,75,75,75,75,75,75,171,75,75,8,0,0,0,0,173,146,146,146,146,146,146,146,146,146,146,146,146,146,135,173,0,0,0,0,0,0,0,0,0,0,0,0
0,0,0,0,0,0,0,0,0,0,0,0,0,0,0,0,0,0,0,0,0,0,0,0,0,0,0,0,0,0,0,0,0,0,0,0,0,0,0,0,0,0,0,0,0,0,0,0,0,0,0,0,0,0,0,0,0,0,0,0,173,135,135,135,173,0,0,0,0,0,0,0,0,0,0,0,0,0,0,0,0,173,135,135,135,135,135,135,135,146,146,146,146,146,146,146,146,146,146,8,193,8,8,8,193,192,90,90,90,172,172,172,90,193,8,8,8,8,8,193,193,172,172,172,90,172,192,193,90,192,192,192,192,90,172,172,172,193,75,75,8,8,8,8,173,0,0,0,0,0,173,193,193,8,135,135,135,135,135,135,135,135,135,135,135,135,135,0,135,135,135,135,135,135,135,135,135,135,135,135,135,146,146,135,135,135,146,146,146,173,173,0,0,0,0,0,0,0,0,0,0,0,0,0,0,0,0,0,101,75,75,75,75,75,75,75,75,75,75,75,75,75,75,75,171,0,0,0,0,173,146,146,146,146,146,146,146,146,146,146,173,0,0,0,0,0,0,0,0,0,0,0,0,0,0,0
0,0,0,0,0,0,0,0,0,0,0,0,0,0,0,0,0,0,0,0,0,0,0,0,0,0,0,0,0,0,0,0,0,0,0,0,0,0,0,0,0,0,0,0,0,0,0,0,0,0,0,0,0,0,0,0,0,0,173,135,135,135,135,135,173,0,0,0,0,0,0,0,0,0,0,173,173,0,0,0,0,173,135,135,135,135,135,135,135,146,146,146,146,146,170,146,146,146,146,146,146,8,8,8,193,192,192,90,172,172,90,90,192,75,90,193,8,193,193,193,193,172,172,172,193,172,90,90,192,192,192,192,192,90,90,172,193,75,75,8,8,8,8,8,0,0,0,0,0,173,8,193,193,8,193,8,170,135,135,135,135,135,135,135,135,135,135,135,135,135,135,135,135,135,135,135,135,135,135,135,135,135,135,135,135,135,170,173,0,173,0,0,0,0,0,0,0,0,0,0,8,75,75,219,0,0,219,75,75,75,75,75,75,75,75,75,75,75,75,75,75,75,75,171,0,0,8,8,0,0,173,146,146,146,146,146,146,146,146,173,173,0,0,0,0,0,0,0,0,0,0,0,0,0,0,0
0,0,0,0,0,0,0,0,0,0,0,0,0,0,0,0,0,0,0,0,0,0,0,0,0,0,0,0,0,0,0,0,0,0,0,0,0,0,0,0,0,0,0,0,0,0,0,0,0,0,0,0,0,0,173,135,135,135,135,135,135,135,135,135,135,173,0,0,0,0,0,0,0,173,146,146,146,173,173,173,173,135,135,135,135,135,135,135,135,146,146,135,135,135,135,170,146,146,146,146,146,146,8,193,193,192,192,90,90,90,172,90,90,192,192,90,193,193,193,90,90,172,90,90,172,193,172,192,192,192,192,192,90,90,172,193,193,75,8,8,8,8,173,0,0,0,173,173,173,8,193,90,193,193,193,8,8,8,135,135,135,135,8,193,170,8,8,135,135,135,135,135,135,135,135,135,135,135,135,135,135,135,173,0,0,173,173,0,0,0,0,0,0,0,0,0,0,0,0,0,0,75,75,75,75,75,75,75,75,75,75,75,75,75,75,75,75,75,75,75,75,75,75,171,0,0,0,8,0,0,146,146,146,146,146,146,146,146,170,173,0,0,0,0,0,0,0,0,0,0,0,0,0,0,0,0
0,0,0,0,0,0,0,0,0,0,0,0,0,0,0,0,0,0,0,0,0,0,0,0,0,0,0,0,0,0,0,0,0,0,0,0,0,0,0,0,0,0,0,0,0,0,0,0,0,0,0,0,0,0,173,135,135,135,135,135,135,135,135,135,135,173,0,0,0,0,0,0,0,146,146,146,146,135,135,135,135,135,135,135,135,135,135,135,135,135,135,135,135,135,170,146,146,146,146,146,146,170,8,193,90,192,192,90,90,90,90,90,90,192,192,90,172,90,172,90,90,90,172,90,90,192,192,192,192,192,192,192,90,172,172,172,90,75,8,8,8,8,8,173,173,173,193,193,193,193,172,193,193,75,8,8,8,8,8,135,135,8,193,193,193,193,8,8,135,135,135,135,135,135,135,135,135,135,135,135,135,173,0,0,0,0,0,0,0,0,0,0,0,0,0,0,0,0,0,0,0,75,75,75,75,75,75,75,75,75,75,75,75,75,75,75,75,75,75,75,75,75,75,75,0,0,75,8,0,170,170,146,146,146,146,146,146,146,170,173,0,0,0,0,0,0,0,0,0,0,0,0,0,0,0,0
0,0,0,0,0,0,0,0,0,0,0,0,0,0,0,0,0,0,0,0,0,0,0,0,0,0,0,0,0,0,0,0,0,0,0,0,0,0,0,0,0,0,0,0,0,0,0,0,0,0,0,173,0,173,135,135,135,135,135,135,135,0,0,170,173,0,0,0,0,0,0,0,0,146,146,146,146,135,135,135,135,135,135,135,135,135,135,135,8,8,135,135,135,135,135,146,146,146,146,170,8,193,193,192,192,192,192,192,90,90,192,90,90,192,192,90,90,90,90,192,90,90,90,192,192,192,192,192,192,192,90,90,193,90,193,172,193,193,8,8,8,8,8,173,173,193,193,90,192,193,193,8,8,8,8,8,8,193,8,8,193,193,193,193,172,75,75,193,8,173,135,135,135,135,135,135,135,135,135,173,135,0,0,0,0,0,0,0,0,0,0,0,0,0,0,0,0,0,0,0,0,75,75,75,75,75,75,75,75,75,75,75,75,135,75,75,75,75,75,75,75,75,75,75,219,219,75,8,0,219,135,135,170,146,146,146,146,146,146,135,0,0,0,0,0,0,0,0,0,0,0,0,0,0,0,0
0,0,0,0,0,0,0,0,0,0,0,0,0,0,0,0,0,0,0,0,0,0,0,0,0,0,0,0,0,0,0,0,0,0,0,0,0,0,0,0,0,0,0,0,0,0,0,0,0,0,173,135,135,170,135,135,135,135,135,135,173,0,0,0,0,0,0,173,0,219,146,173,170,146,146,146,146,146,135,135,135,135,135,135,135,135,135,135,8,8,8,8,8,8,170,135,135,135,135,135,8,193,90,75,192,192,192,192,192,90,192,192,192,90,192,172,90,90,90,90,90,192,192,192,192,192,192,192,192,90,90,172,172,193,90,90,172,8,8,193,8,8,8,8,8,193,193,193,193,193,193,8,8,8,8,8,8,8,193,8,193,193,193,193,193,75,75,8,8,8,135,135,135,135,135,135,135,135,0,0,0,0,0,0,0,0,0,0,0,0,0,0,0,0,0,0,0,0,0,0,0,0,8,75,75,75,75,75,75,75,75,75,75,75,75,75,75,75,75,75,75,75,75,75,75,75,75,75,0,0,170,135,170,146,146,146,146,146,146,173,0,0,0,0,0,0,0,0,0,0,0,0,0,0,0,0
0,0,0,0,0,0,0,0,0,0,0,0,0,0,0,0,0,0,0,0,0,0,0,0,0,0,0,0,0,0,0,0,0,0,0,0,0,0,0,0,0,0,0,0,0,0,171,0,0,173,135,135,135,135,135,135,135,135,135,135,173,0,0,0,0,0,0,146,146,146,146,146,146,146,146,146,146,146,146,135,135,135,135,135,135,135,8,8,193,193,75,8,8,8,8,135,135,135,135,173,193,193,90,192,192,192,192,192,192,192,90,192,192,172,172,172,90,172,193,90,90,192,90,192,192,192,192,90,90,172,172,172,90,90,172,172,90,90,90,193,75,75,75,8,193,193,193,193,193,193,193,8,8,8,8,13,8,13,193,8,8,8,8,8,75,8,8,8,173,170,135,135,135,135,173,173,135,170,0,0,0,0,0,0,0,0,0,0,0,0,0,0,0,0,0,0,0,0,0,0,0,0,219,75,75,75,75,75,75,75,75,75,75,75,75,75,75,75,75,75,75,75,75,75,75,75,75,75,75,0,0,170,170,146,146,146,146,146,146,173,0,0,0,0,0,0,0,0,0,0,0,0,0,0,0,0
0,0,0,0,0,0,0,0,0,0,0,0,0,0,0,0,0,0,0,0,0,0,0,0,0,0,0,0,0,0,0,0,0,0,0,0,0,0,0,0,0,0,0,0,0,0,135,135,135,135,135,135,135,135,135,135,135,135,173,0,0,0,0,0,0,0,0,146,146,146,146,146,146,146,146,146,146,146,146,135,135,135,135,135,135,135,8,8,193,193,193,75,8,8,170,135,135,135,135,8,193,90,192,192,192,192,192,192,192,192,90,193,193,193,90,90,172,172,90,90,192,192,192,192,192,192,192,90,90,172,172,172,193,172,192,192,90,90,90,193,75,8,8,8,8,193,172,193,193,193,8,75,8,13,13,13,13,101,101,13,8,13,13,8,13,8,8,8,173,170,135,135,135,173,0,0,0,0,0,0,0,0,0,0,0,8,75,0,0,0,0,0,0,0,0,0,0,0,0,0,0,219,75,75,75,75,75,75,75,75,75,75,75,75,75,75,75,75,75,75,75,75,75,75,75,75,75,75,75,0,0,170,146,146,146,146,146,146,146,173,173,0,0,0,0,0,0,0,0,0,0,0,0,0,0,0
0,0,0,0,0,0,0,0,0,0,0,0,0,0,0,0,0,0,0,0,0,0,0,0,0,0,0,0,0,0,0,0,0,0,0,0,0,0,0,0,0,0,0,0,0,135,135,135,135,135,135,135,135,135,135,135,135,135,0,0,0,0,0,173,0,0,146,146,146,146,146,146,146,146,146,146,135,135,135,135,135,135,135,8,8,8,8,193,193,193,75,75,8,8,8,8,8,193,8,193,90,192,192,192,192,192,90,90,90,172,193,90,193,193,193,172,172,90,172,90,192,192,192,192,192,192,192,90,90,90,172,172,90,192,90,90,193,193,75,75,193,8,8,8,193,8,193,193,193,193,193,193,8,8,101,101,101,13,13,13,13,13,13,8,13,8,8,173,170,135,135,173,173,0,0,0,0,0,0,0,0,0,0,0,8,75,75,8,0,0,0,0,0,0,0,0,0,75,219,0,8,75,75,75,75,75,75,75,75,75,75,75,75,75,75,75,75,75,75,75,75,75,75,75,75,75,75,75,0,0,170,170,146,146,146,146,146,146,146,146,173,0,0,0,0,0,0,0,0,0,0,0,0,0,0,0
0,0,0,0,0,0,0,0,0,0,0,0,0,0,0,0,0,0,0,0,0,0,0,0,0,0,0,0,0,0,0,0,0,0,0,0,0,0,0,0,0,0,0,0,219,135,135,135,135,135,135,135,135,135,135,135,135,135,0,0,0,0,173,170,146,146,146,146,146,146,146,146,146,146,146,146,135,135,135,135,135,135,8,8,193,193,193,193,90,193,193,75,8,8,193,8,193,193,193,90,172,172,192,192,192,192,192,90,90,90,193,193,90,90,193,90,193,172,172,90,192,192,192,192,192,192,192,192,90,90,172,172,192,192,90,193,193,193,75,90,75,193,193,8,8,8,8,193,13,13,8,8,8,8,8,13,13,13,13,13,13,13,13,13,101,173,173,173,170,135,173,0,0,0,0,0,0,0,0,0,0,0,0,0,0,75,75,75,0,0,0,0,0,0,13,8,75,75,75,75,75,75,75,75,75,75,75,75,75,75,13,75,75,75,75,75,75,75,75,75,75,75,75,75,75,75,75,75,75,0,135,135,135,146,146,146,146,146,146,146,170,173,173,173,0,0,0,0,0,0,0,0,0,0,0,0
0,0,0,0,0,0,0,0,0,0,0,0,0,0,0,0,0,0,0,0,0,0,0,0,0,0,0,0,0,0,0,0,0,0,0,0,0,0,0,0,0,0,0,173,135,135,135,135,135,135,135,135,135,135,135,135,135,135,173,0,0,173,173,146,146,146,146,146,146,146,146,146,146,146,135,135,135,135,135,135,170,8,8,8,8,193,193,90,90,90,90,8,8,8,193,193,193,193,193,90,90,192,192,192,192,192,192,192,90,172,193,172,172,193,90,90,90,90,192,192,192,192,192,192,192,192,192,90,90,90,90,172,172,172,90,193,193,193,75,8,193,193,90,8,8,8,13,13,13,13,13,13,13,8,101,13,13,13,13,101,13,13,13,13,101,173,170,170,170,173,173,0,0,0,0,0,0,0,0,0,0,0,0,0,0,75,75,75,0,0,0,0,0,0,13,75,75,75,75,75,75,75,75,75,75,75,75,75,75,13,75,75,75,75,75,75,75,75,75,75,75,75,75,75,75,75,75,75,75,75,135,135,135,135,146,146,146,146,146,135,135,135,135,135,173,0,0,0,0,0,0,0,0,0,0,0
0,0,0,0,0,0,0,0,0,0,0,0,0,0,0,0,0,0,0,0,0,0,0,0,0,0,0,0,0,0,0,0,0,0,0,0,0,0,0,0,0,0,173,135,135,135,135,135,135,135,135,135,135,0,173,173,135,135,173,146,146,146,146,146,146,146,146,146,146,146,146,146,146,146,135,135,135,135,135,135,170,8,8,8,8,8,193,90,90,90,193,193,8,193,192,193,193,172,193,90,192,192,192,192,192,192,192,192,90,90,90,172,172,172,90,90,90,192,192,192,192,192,192,192,192,192,172,90,193,90,90,172,172,172,193,172,193,193,8,13,75,8,8,193,8,13,13,13,13,101,13,13,13,13,13,13,13,13,13,101,13,13,13,13,173,170,170,170,170,0,0,0,0,0,0,0,0,0,0,0,0,0,0,0,8,75,75,173,0,0,0,0,0,0,75,75,75,75,75,75,75,75,75,75,75,75,75,75,75,13,75,75,75,75,75,75,75,13,75,75,75,75,75,75,75,75,75,75,75,219,135,135,135,146,146,146,135,146,146,135,135,135,135,135,173,0,0,0,0,0,0,0,0,0,0,0
0,0,0,0,0,0,0,0,0,0,0,0,0,0,0,0,0,0,0,0,0,0,0,0,0,0,0,0,0,0,0,0,0,0,0,0,0,0,0,0,0,0,0,135,135,135,135,135,135,135,135,135,135,0,0,173,135,173,171,146,146,146,146,146,146,146,146,146,146,146,146,146,146,135,135,135,135,135,135,135,8,8,13,8,8,8,193,90,90,90,90,90,90,90,90,90,90,90,172,192,192,192,192,192,192,192,192,192,90,90,90,193,172,172,193,172,192,192,192,192,192,192,192,192,192,90,90,172,192,90,90,90,90,172,90,172,172,193,75,13,13,13,8,8,8,8,13,13,13,101,13,101,13,101,13,13,13,13,13,13,101,101,101,13,13,173,170,170,173,0,0,0,0,0,0,0,0,0,0,0,0,0,171,8,75,75,173,0,0,0,0,75,0,0,75,75,75,75,75,75,75,75,75,75,75,75,75,75,75,75,75,75,75,75,75,75,75,13,75,75,75,75,75,75,75,75,75,75,135,135,135,135,135,135,135,135,135,135,135,135,135,135,135,135,173,0,0,0,0,0,0,0,0,0,0,0
0,0,0,0,0,0,0,0,0,0,0,0,0,0,0,0,0,0,0,0,0,0,0,0,0,0,0,0,0,0,0,0,0,0,0,0,0,0,0,0,0,0,173,135,135,135,135,135,135,135,135,135,173,0,0,0,0,0,0,146,146,146,146,146,146,146,146,146,146,146,146,146,146,146,135,135,135,135,135,135,135,146,101,8,8,8,8,193,192,192,172,90,90,90,192,90,172,172,192,192,192,192,192,192,192,192,192,192,90,90,90,90,172,172,172,90,192,192,192,192,192,192,192,192,192,192,90,90,90,172,90,90,90,90,90,172,172,193,13,13,13,13,13,13,13,13,101,101,101,8,101,101,101,101,13,101,13,13,13,13,13,13,101,13,13,13,173,170,170,219,0,0,0,0,0,0,0,219,75,75,75,219,171,75,75,75,219,0,219,75,75,75,0,0,75,75,75,75,75,75,75,75,75,75,75,75,75,13,13,13,75,75,75,75,75,75,75,135,13,75,75,75,75,75,75,75,75,75,75,75,135,135,135,135,135,135,135,135,135,135,135,135,135,135,173,173,0,0,0,0,0,0,0,0,0,0
0,0,0,0,0,0,0,0,0,0,0,0,0,0,0,0,0,0,0,0,0,0,0,0,0,0,0,0,0,0,0,0,0,0,0,0,0,0,0,0,173,173,135,135,135,135,135,135,135,135,135,135,173,0,0,0,0,0,146,146,146,146,146,146,146,146,146,146,146,146,146,146,146,146,135,135,135,135,135,135,135,135,170,8,8,8,193,193,192,192,90,90,90,172,192,90,90,192,192,192,192,192,192,192,192,192,192,90,90,90,90,90,90,90,172,172,192,192,192,192,192,192,192,192,90,192,192,192,90,172,90,90,90,90,193,172,172,193,8,13,13,13,13,13,13,13,101,173,0,0,172,101,101,13,101,101,13,13,173,8,101,101,13,13,13,13,101,170,170,173,0,0,0,0,0,0,0,8,75,75,75,219,8,75,75,75,75,75,219,219,75,75,219,219,75,75,75,75,75,75,75,75,75,75,75,75,75,75,75,75,75,75,75,75,75,75,75,135,135,135,13,135,13,75,75,75,75,75,75,75,135,135,135,135,135,135,135,135,135,135,135,135,135,173,0,0,0,0,0,0,0,0,0,0,0,0
0,0,0,0,0,0,0,0,0,0,0,0,0,0,0,0,0,0,0,0,0,0,0,0,0,0,0,0,0,0,0,0,0,0,0,0,0,0,173,173,135,135,135,135,135,135,135,135,135,135,135,135,173,0,0,0,0,0,146,146,146,146,146,146,146,146,146,146,146,146,146,146,135,135,135,135,135,135,135,135,135,170,8,8,8,193,193,90,192,192,90,90,90,172,90,90,192,192,192,192,192,192,192,192,192,192,90,90,90,90,90,90,90,90,172,172,192,192,192,192,90,192,90,90,172,90,90,90,90,193,90,90,90,90,90,193,193,193,8,8,13,13,13,13,13,13,8,219,0,0,8,8,101,8,8,173,8,0,0,0,173,13,101,101,13,13,13,170,170,219,0,0,0,0,0,0,0,173,75,75,173,173,75,75,75,75,75,75,75,219,75,75,75,75,75,75,75,75,75,75,75,75,75,75,75,75,75,75,75,75,75,75,75,75,75,75,75,75,75,75,75,135,75,75,75,75,75,75,75,75,75,75,135,135,135,135,135,135,135,135,135,135,173,0,0,0,0,0,0,0,0,0,0,0,0,0
0,0,0,0,0,0,0,0,0,0,0,0,0,0,0,0,0,0,0,0,0,0,0,0,0,0,0,0,0,0,0,0,0,0,0,0,0,0,170,135,135,135,135,135,135,135,135,135,135,135,135,135,135,173,173,173,0,0,0,146,146,146,146,146,146,146,146,146,146,146,146,146,135,135,135,135,135,135,135,8,8,8,8,8,193,90,90,172,172,192,90,90,90,172,192,192,192,192,192,192,192,192,192,192,192,90,90,193,90,90,193,172,172,90,192,192,192,192,192,192,90,90,90,90,172,172,90,90,90,193,193,90,90,193,193,193,90,193,8,8,8,13,13,13,8,8,173,0,0,0,0,173,8,8,171,0,0,0,0,0,8,101,101,13,13,13,13,170,170,0,0,0,0,0,0,0,0,173,8,75,13,13,75,75,75,75,75,75,75,75,75,75,75,75,75,75,75,13,75,75,75,75,75,75,75,75,75,13,75,75,75,75,75,75,75,75,75,75,75,75,75,75,75,75,75,75,75,75,75,75,135,135,135,135,135,135,135,135,135,135,135,135,173,0,0,0,0,0,0,0,0,0,0,0,0,0
0,0,0,0,0,0,0,0,0,0,0,0,0,0,0,0,0,0,0,0,0,0,0,0,0,0,0,0,0,0,0,0,0,0,0,0,0,170,135,135,135,135,135,135,135,135,135,135,135,135,135,135,135,135,135,135,173,146,146,146,146,146,146,146,146,146,146,146,146,146,146,146,135,135,135,135,135,135,101,101,101,101,8,8,90,90,90,172,172,90,90,192,192,192,192,192,192,192,192,192,192,192,192,192,90,90,90,90,193,172,172,172,172,192,192,192,192,192,192,90,193,8,193,193,8,8,193,172,90,193,90,90,90,90,193,193,193,172,193,193,193,8,13,8,173,0,0,0,0,0,0,173,8,173,0,0,0,0,0,0,0,0,173,101,13,13,170,173,173,0,0,0,0,0,0,0,0,0,219,75,75,75,75,75,75,75,75,75,75,75,75,75,75,75,75,75,75,75,75,75,75,75,75,75,75,75,75,75,13,75,75,75,75,75,75,75,75,75,75,75,75,75,75,75,75,75,135,75,135,135,135,135,135,135,135,135,135,135,135,135,135,0,0,0,0,0,0,0,0,0,0,0,0,0,0,0
0,0,0,0,0,0,0,0,0,0,0,0,0,0,0,0,0,0,0,0,0,0,0,0,0,0,0,0,0,0,0,0,0,0,0,0,0,170,135,173,135,135,135,135,135,135,135,135,135,135,135,135,135,135,135,135,146,146,146,146,146,146,146,146,146,146,146,146,135,135,135,135,135,135,135,135,135,135,135,101,101,8,8,8,193,90,193,193,193,193,172,172,192,192,192,192,192,192,192,192,192,192,90,172,90,193,90,193,172,172,172,90,172,192,192,192,192,192,192,192,8,101,101,101,13,8,8,193,193,193,90,193,172,90,90,90,90,193,192,75,13,13,8,8,173,0,0,0,0,0,0,0,219,0,0,0,0,0,0,0,0,0,0,173,101,170,170,8,173,0,0,0,0,0,0,0,0,0,219,173,75,75,75,75,75,75,75,75,75,75,75,75,75,75,75,75,75,75,75,75,75,75,75,75,75,75,75,75,135,13,75,75,75,75,75,75,75,75,75,75,75,75,75,75,75,135,135,135,135,135,135,135,135,135,135,135,135,135,135,135,173,0,0,0,0,0,0,0,0,0,0,0,0,0,0,0
0,0,0,0,0,0,0,0,0,0,0,0,0,0,0,0,0,0,0,0,0,0,0,0,0,0,0,0,0,0,0,0,0,0,0,0,0,173,173,173,0,173,135,135,135,135,135,135,135,135,135,135,135,135,135,135,146,146,146,146,146,146,146,146,146,146,146,135,170,8,135,170,193,8,8,135,135,135,135,135,170,101,13,8,193,193,90,8,8,193,90,172,192,192,192,192,192,192,192,192,192,192,172,172,90,172,193,172,172,172,90,192,192,192,192,192,192,192,192,192,193,193,101,13,13,101,8,8,193,193,193,90,193,193,90,172,90,75,75,75,13,13,13,13,0,0,0,0,0,0,0,0,0,0,0,173,173,0,0,0,0,0,0,173,173,101,8,8,173,0,0,0,0,0,0,0,0,0,219,13,75,75,75,75,75,75,75,75,75,75,75,75,75,75,75,75,75,75,75,75,75,75,75,75,75,75,75,135,135,75,75,75,75,75,75,75,75,75,75,75,75,75,135,135,135,135,135,135,135,135,135,135,135,135,135,135,135,135,135,135,173,0,0,0,0,0,0,0,0,0,0,0,0,0,0,0
0,0,0,0,0,0,0,0,0,0,0,0,0,0,0,0,0,0,0,0,0,0,0,0,0,0,0,0,0,0,0,0,0,0,0,0,0,0,0,0,0,173,135,135,135,135,135,135,135,135,135,135,135,135,135,135,135,146,146,146,146,146,146,146,146,146,135,8,193,193,193,193,172,8,8,8,135,135,135,135,101,13,13,101,8,8,193,8,101,90,90,192,192,192,192,192,192,192,192,90,90,192,90,193,172,172,90,172,193,193,90,192,192,192,192,192,192,192,90,172,13,13,13,13,101,101,8,8,8,193,193,8,8,8,193,193,193,75,8,13,13,13,101,101,173,173,0,0,0,0,0,0,0,0,173,135,135,173,0,0,0,0,0,0,0,173,173,219,0,0,0,0,0,0,0,0,0,0,173,13,75,75,75,75,75,75,75,75,75,75,75,75,75,75,75,75,75,75,75,75,75,75,75,75,135,75,135,75,135,135,75,75,75,75,75,75,75,75,75,75,75,135,135,135,135,135,135,135,135,75,135,135,135,135,135,135,135,135,173,0,0,0,0,0,0,0,0,0,0,0,0,0,0,0,0,0
0,0,0,0,0,0,0,0,0,0,0,0,0,0,0,0,0,0,0,0,0,0,0,0,0,0,0,0,0,0,0,0,0,0,0,0,0,0,0,0,0,0,135,135,135,135,135,135,135,135,135,135,135,135,135,135,135,146,146,146,146,146,146,146,146,146,135,8,193,193,90,193,193,193,8,8,170,135,135,170,13,101,101,101,13,13,101,101,193,193,192,192,192,192,192,192,192,192,90,90,90,193,193,172,172,172,172,193,193,90,172,75,192,192,192,192,192,192,90,8,13,13,13,101,101,13,13,13,13,13,8,8,13,101,8,8,8,75,13,13,13,13,146,146,146,173,173,0,0,0,0,0,173,135,135,135,135,135,0,0,0,0,0,0,0,0,0,0,0,0,0,0,0,0,0,0,0,0,219,13,13,75,75,75,75,75,75,75,75,75,75,75,75,75,75,75,75,75,75,75,75,75,75,135,75,75,75,75,75,135,75,75,75,75,75,75,75,75,75,75,75,75,75,135,135,135,135,75,75,75,75,75,135,135,135,135,135,135,173,0,0,0,0,0,0,0,0,0,0,0,0,0,0,0,0,0
0,0,0,0,0,0,0,0,0,0,0,0,0,0,0,0,0,0,0,0,0,0,0,0,0,0,0,0,0,0,0,0,0,0,0,0,0,0,0,0,0,173,173,135,135,135,135,135,170,135,135,135,135,135,135,135,135,146,146,146,146,146,146,146,135,135,170,8,193,90,90,8,75,75,8,8,135,135,135,135,135,101,13,101,101,13,101,193,193,193,192,192,192,192,192,192,192,172,90,90,192,90,172,172,172,172,90,172,90,172,192,192,192,192,192,192,192,90,90,193,13,13,13,101,13,13,13,13,101,13,13,13,101,101,13,13,8,8,13,13,101,13,146,146,146,146,170,173,0,173,173,173,173,135,135,135,135,135,0,0,0,0,0,0,0,0,0,0,0,0,0,0,0,0,0,0,0,0,0,0,8,75,75,13,13,75,75,75,75,75,75,75,75,75,75,75,75,75,75,75,75,135,135,13,75,75,75,75,75,135,13,75,75,75,75,75,75,75,75,75,75,75,75,135,135,135,75,75,75,75,75,75,135,135,135,135,173,0,0,0,0,0,0,0,0,0,0,0,0,0,0,0,0,0,0,0
0,0,0,0,0,0,0,0,0,0,0,0,0,0,0,0,0,0,0,0,0,0,0,0,0,0,0,0,0,0,0,0,0,0,0,0,0,0,0,0,0,0,0,173,135,135,135,135,170,8,173,135,135,135,135,146,146,146,146,146,146,146,146,135,135,170,193,192,193,193,193,8,75,75,8,135,135,135,135,135,135,135,135,101,101,101,193,8,193,90,192,192,192,192,192,192,192,172,90,90,172,172,90,193,90,172,172,172,172,90,192,192,192,192,192,192,192,90,193,8,13,13,13,101,13,13,13,13,13,13,13,13,101,13,13,13,8,8,8,146,146,146,146,146,146,146,146,146,173,146,146,173,135,135,135,135,135,173,0,0,0,0,0,0,0,0,0,0,0,0,0,0,0,0,0,0,0,0,0,0,0,0,219,219,13,75,75,75,75,75,75,75,75,75,75,75,75,75,75,75,75,75,75,75,75,75,75,75,75,135,135,75,75,75,75,75,75,75,75,75,75,75,75,75,75,75,75,75,75,75,75,135,135,135,135,135,0,0,0,0,0,0,0,0,0,0,0,0,0,0,0,0,0,0,0,0
0,0,0,0,0,0,0,0,0,0,0,0,0,0,0,0,0,0,0,0,0,0,0,0,0,0,0,0,0,0,0,0,0,0,0,0,0,0,0,0,0,0,0,0,135,135,135,135,170,8,8,173,135,135,135,135,146,146,146,146,146,146,135,170,8,193,193,193,193,8,8,8,8,8,135,135,135,135,135,135,135,135,135,8,193,193,193,193,90,192,192,192,192,192,192,192,192,90,193,193,193,193,193,172,90,172,172,90,172,193,90,192,192,192,192,192,90,193,8,13,13,13,101,13,13,170,101,13,101,13,13,13,101,13,13,101,8,8,8,146,146,146,146,146,146,146,146,146,146,146,146,135,135,135,135,135,135,135,173,219,0,0,0,0,0,0,0,0,0,0,0,0,0,0,0,0,0,0,0,0,0,0,219,219,75,75,75,75,75,75,75,75,75,75,75,75,75,75,75,75,135,75,75,75,75,75,75,75,75,135,135,75,75,75,75,75,75,75,75,75,75,75,75,75,75,75,75,75,75,75,75,75,135,135,135,135,135,0,0,0,0,0,0,0,0,0,0,0,0,0,0,0,0,0,0,0
0,0,0,0,0,0,0,0,0,0,0,0,0,0,0,0,0,0,0,0,0,0,0,0,0,0,0,0,0,0,0,0,0,0,0,0,0,0,0,0,0,0,0,0,173,173,135,135,173,8,8,8,170,170,170,170,170,146,146,146,146,146,170,8,193,193,193,193,193,8,8,8,13,8,8,135,135,135,135,135,135,135,135,8,193,193,193,193,192,192,192,192,193,8,172,90,193,193,193,193,193,193,193,193,193,172,192,192,193,193,90,192,192,90,192,192,90,193,8,13,13,13,101,13,13,101,173,173,101,13,101,101,101,101,101,13,101,13,8,8,146,146,146,146,146,146,146,146,146,146,146,146,135,135,135,135,135,135,135,135,170,0,0,0,0,0,0,0,0,0,0,0,0,0,0,0,0,0,0,0,0,173,8,75,75,75,75,75,75,75,75,75,75,75,75,75,75,75,75,75,75,75,75,75,75,75,75,75,135,135,75,135,13,75,75,75,75,75,75,75,75,75,75,75,75,75,75,75,75,75,75,75,75,75,135,135,170,173,0,173,173,0,0,0,0,0,0,0,0,0,0,0,0,0,0,0
0,0,0,0,0,0,0,0,0,0,0,0,0,0,0,0,0,0,0,0,0,0,0,0,0,0,0,0,0,0,0,0,0,0,0,0,0,0,0,0,0,0,0,0,0,173,135,135,173,173,8,13,8,8,8,8,8,135,135,146,146,135,135,8,8,8,8,193,193,8,8,8,8,13,8,135,135,135,135,135,135,135,8,193,193,193,90,90,192,192,192,192,193,8,8,8,8,8,8,193,8,8,193,193,193,193,193,193,8,8,75,90,90,90,192,192,90,193,193,13,13,13,101,101,101,8,173,173,173,101,173,101,101,101,101,101,13,13,8,8,146,146,146,170,146,146,146,146,146,146,146,135,135,135,135,135,135,135,135,135,135,173,0,0,0,0,0,0,0,0,0,0,0,0,0,0,0,0,0,0,0,171,75,75,75,75,75,75,75,75,75,75,75,75,75,75,75,75,75,13,75,75,75,75,75,75,75,75,75,13,13,13,135,75,13,75,75,75,75,75,75,75,75,75,75,75,75,75,75,75,75,75,75,75,75,75,75,170,170,135,135,173,0,0,0,0,0,0,0,0,0,0,0,0,0,0
0,0,0,0,0,0,0,0,0,0,0,0,0,0,0,0,0,0,0,0,0,0,0,0,0,0,0,0,0,0,0,0,0,0,0,0,0,0,0,0,0,0,0,0,173,135,135,135,135,135,173,101,101,101,8,8,8,135,135,135,135,135,135,101,101,101,13,193,8,8,13,8,8,170,170,170,8,193,8,8,193,193,193,193,90,193,192,192,192,75,192,193,8,13,13,13,13,13,8,8,13,13,13,8,193,193,8,13,13,8,13,193,193,193,193,193,90,75,8,8,13,13,101,101,173,173,0,0,0,173,173,173,101,101,101,101,13,13,8,8,146,146,146,146,146,146,146,146,146,146,135,135,135,135,135,135,135,135,135,135,173,0,0,0,0,0,0,0,0,0,0,0,0,0,0,0,0,0,0,219,219,173,75,75,75,75,75,75,75,75,75,75,75,75,75,75,75,13,75,75,75,75,75,75,75,75,75,75,13,13,13,75,75,75,75,75,75,75,13,75,75,75,75,75,75,75,75,75,75,75,75,75,75,75,75,75,75,75,75,135,135,135,173,0,0,0,0,0,0,0,0,0,0,0,0,0
0,0,0,0,0,0,0,0,0,0,0,0,0,0,0,0,0,0,0,0,0,0,0,0,0,0,0,0,0,0,0,0,0,0,0,0,0,0,0,0,0,0,0,0,0,173,135,135,135,135,173,101,101,101,13,13,13,135,135,135,135,135,101,101,101,101,8,101,13,13,8,8,8,8,193,193,193,90,193,193,193,193,172,172,90,90,192,192,192,75,75,193,8,13,13,13,13,13,13,13,101,13,101,13,13,101,101,13,101,13,101,101,8,8,101,193,193,75,8,193,8,13,13,101,8,173,173,0,173,0,0,173,101,101,101,101,13,13,13,8,8,146,146,146,146,146,146,135,135,135,135,135,135,135,135,135,135,135,135,135,173,0,0,0,0,0,0,0,0,0,171,0,0,0,0,0,219,173,173,13,173,75,75,75,75,75,75,75,75,75,75,75,75,75,75,75,75,75,75,75,75,75,75,75,75,75,75,75,75,135,13,13,75,75,75,75,75,75,13,75,75,75,75,75,75,75,75,75,75,75,75,75,75,75,75,75,75,75,135,135,135,135,173,0,0,0,0,0,0,0,0,0,0,0,0,0
0,0,0,0,0,0,0,0,0,0,0,0,0,0,0,0,0,0,0,0,0,0,0,0,0,0,0,0,0,0,0,0,0,0,0,0,0,0,0,0,0,0,0,0,0,0,173,173,135,135,135,173,101,13,13,13,101,101,101,101,135,101,101,13,101,13,13,101,13,13,13,8,8,8,8,193,90,192,172,192,192,192,90,172,172,172,192,192,192,75,75,75,8,8,13,13,13,13,13,13,13,101,101,13,13,13,13,13,13,13,101,13,13,101,8,193,193,8,13,13,13,13,101,173,173,0,173,173,0,0,0,219,173,101,101,13,13,13,13,146,146,146,146,146,146,146,146,135,135,135,135,135,135,135,135,135,135,135,135,135,135,0,0,0,0,0,0,0,0,0,170,135,219,219,0,219,170,170,13,75,75,75,75,75,75,75,75,75,75,75,75,75,75,75,75,75,135,75,75,75,75,75,75,75,75,75,75,75,75,75,75,75,75,75,75,75,75,75,75,75,75,75,75,75,75,135,75,75,75,75,75,75,75,75,75,75,75,75,135,135,135,135,173,0,0,0,0,0,0,0,0,0,0,0,0,0
0,0,0,0,0,0,0,0,0,0,0,0,0,0,0,0,0,0,0,0,0,0,0,0,0,0,0,0,0,0,0,0,0,0,0,0,0,0,0,0,0,0,0,0,0,0,0,0,173,135,173,101,13,13,13,101,8,13,13,13,101,101,101,13,13,13,101,13,13,13,13,8,8,8,8,172,192,172,90,90,172,90,90,90,90,192,192,192,75,75,75,75,8,8,13,13,13,101,13,101,13,101,13,13,13,13,101,13,13,13,101,13,101,13,13,8,8,8,13,13,13,13,101,173,0,0,0,0,0,0,0,0,173,101,101,101,13,13,146,146,146,146,146,146,146,146,146,146,135,135,135,135,135,135,135,135,135,135,135,135,135,135,173,173,173,0,0,0,0,219,170,170,135,135,135,135,135,135,13,75,75,75,75,75,75,75,75,75,75,75,75,75,75,75,75,75,75,75,75,75,75,75,75,75,75,75,75,75,75,75,75,13,75,75,75,75,75,75,75,135,75,75,75,135,75,135,13,75,75,75,75,75,75,75,75,75,75,75,135,135,135,173,173,0,0,0,0,0,0,0,0,0,0,0,0,0
0,0,0,0,0,0,0,0,0,0,0,0,0,0,0,0,0,0,0,0,0,0,0,0,0,0,0,0,0,0,0,0,0,0,0,0,0,0,0,0,0,0,0,0,0,0,0,0,173,135,173,101,101,13,101,13,101,101,13,13,13,13,13,101,13,13,101,101,13,13,13,8,8,8,193,193,193,172,193,90,90,90,90,90,90,192,192,192,192,75,75,8,8,8,8,13,101,101,101,101,101,101,101,13,101,101,101,13,13,101,13,101,101,13,13,101,101,13,13,13,13,101,101,173,0,0,0,0,0,0,0,0,173,146,146,101,146,146,146,146,146,146,146,146,146,146,146,135,135,135,135,135,135,135,135,135,135,135,135,135,135,135,135,135,170,0,0,0,173,170,170,170,170,135,135,146,135,135,135,75,75,75,75,75,75,75,75,75,75,75,75,75,75,75,75,75,75,75,75,75,75,75,75,75,75,75,75,75,75,75,75,75,75,75,75,75,75,75,75,75,135,13,75,75,135,13,13,75,75,75,75,75,75,75,135,135,135,135,135,0,0,0,0,0,0,0,0,0,0,0,0,0,0,0,0,0
0,0,0,0,0,0,0,0,0,0,0,0,0,0,0,0,0,0,0,0,0,0,0,0,0,0,0,0,0,0,0,0,0,0,0,0,0,0,0,0,0,0,0,0,0,0,0,0,0,0,173,8,101,101,101,13,13,101,101,101,13,13,13,13,13,13,101,13,13,13,101,13,8,193,193,193,90,90,172,192,90,192,192,90,90,192,192,192,192,192,8,8,8,8,8,13,101,173,173,101,101,101,101,101,101,101,101,101,101,101,101,101,101,13,13,13,101,13,13,13,101,101,173,0,0,0,0,0,0,0,0,0,173,146,146,146,170,146,146,146,146,146,146,146,146,146,170,170,146,170,135,135,135,135,135,135,135,135,135,135,135,135,135,135,135,219,173,170,135,135,173,173,170,170,170,146,135,135,135,13,13,75,75,75,75,75,75,75,75,75,75,75,75,75,75,75,75,75,75,75,75,75,75,75,75,75,75,75,75,75,75,75,75,75,75,75,75,75,75,75,13,13,75,75,75,75,75,75,75,75,75,75,75,75,75,75,170,0,0,0,0,0,0,0,0,0,0,0,0,0,0,0,0,0,0,0
0,0,0,0,0,0,0,0,0,0,0,0,0,0,0,0,0,0,0,0,0,0,0,0,0,0,0,0,0,0,0,0,0,0,0,0,0,0,0,0,0,0,0,0,0,0,0,0,0,0,173,173,101,101,101,13,101,101,101,13,13,13,13,13,13,13,13,101,13,13,13,101,193,193,193,193,90,90,192,192,192,192,192,90,90,192,192,192,192,192,8,8,8,13,13,13,13,101,219,0,173,173,173,8,173,173,173,8,173,173,173,173,173,101,101,101,13,13,13,13,13,101,173,0,0,0,0,0,0,0,0,0,0,0,0,173,170,101,146,146,146,146,146,146,146,146,146,146,146,146,170,135,135,135,135,135,135,135,135,135,135,135,135,135,135,135,135,135,135,135,135,173,0,170,170,170,135,135,75,13,75,75,75,75,75,75,75,75,75,75,75,75,75,75,75,75,75,75,75,75,75,75,75,75,75,75,75,75,75,75,75,75,75,75,75,75,75,75,75,75,75,75,75,13,75,75,75,75,75,75,75,75,75,75,75,75,173,0,0,0,0,0,0,0,0,0,0,0,0,0,0,0,0,0,0,0
0,0,0,0,0,0,0,0,0,0,0,0,0,0,0,0,0,0,0,0,0,0,0,0,0,0,0,0,0,0,0,0,0,0,0,0,0,0,0,0,0,0,0,0,0,0,0,0,0,0,219,219,101,101,101,101,101,101,13,13,13,13,13,13,13,13,13,101,13,101,101,101,13,193,193,193,90,90,192,192,192,192,192,192,192,192,192,192,192,193,8,8,13,13,13,13,101,101,0,0,0,0,173,173,0,0,0,0,0,0,0,0,0,173,101,101,13,101,13,13,13,13,8,173,0,0,0,0,0,0,0,0,0,0,0,0,173,173,146,146,146,146,146,146,146,146,146,146,146,146,135,135,135,135,135,135,135,135,135,135,135,135,135,135,135,135,135,135,135,135,135,173,0,135,135,135,135,135,75,75,75,75,75,75,75,75,75,75,75,75,75,75,75,75,75,75,75,75,75,75,75,75,75,75,75,75,75,75,75,75,75,75,75,75,75,75,75,75,75,75,75,75,75,75,75,75,75,75,75,75,75,75,75,75,75,8,173,0,0,0,0,0,0,0,0,0,0,0,0,0,0,0,0,0,0,0
0,0,0,0,0,0,0,0,0,0,0,0,0,0,0,0,0,0,0,0,0,0,0,0,0,0,170,0,0,0,0,0,0,0,0,0,0,0,0,0,0,0,0,0,0,0,0,0,0,0,219,173,173,173,101,13,101,13,101,101,13,13,13,13,13,13,101,101,13,13,13,13,101,8,8,193,172,192,192,192,192,192,192,192,192,192,192,192,192,193,8,193,8,8,8,13,101,173,0,0,0,0,0,0,0,0,0,0,0,0,0,0,0,0,101,101,101,13,13,13,13,101,173,0,0,0,0,0,0,0,0,0,0,0,0,0,173,173,170,146,146,146,146,146,170,146,146,146,146,146,170,135,135,135,135,135,135,135,135,135,135,135,135,135,135,135,135,135,135,135,219,0,0,0,135,135,135,135,135,13,13,75,75,75,75,75,75,75,75,75,75,75,75,75,75,75,75,75,75,75,75,75,75,75,75,75,75,75,75,75,75,75,75,75,75,75,75,75,75,75,75,75,75,75,75,75,75,75,75,75,75,75,75,75,75,8,173,0,0,0,0,0,0,0,0,0,0,0,0,0,0,0,0,0,0,0
0,0,0,0,0,0,0,0,0,0,0,0,0,0,0,0,0,0,0,0,0,0,0,0,0,170,170,170,0,0,0,0,0,0,0,0,0,0,0,0,0,0,0,0,0,0,0,0,0,0,173,173,101,173,101,101,13,101,13,101,13,13,13,13,13,13,13,13,101,101,13,101,101,193,193,90,90,192,192,192,192,192,192,192,192,192,192,192,193,193,8,193,193,193,8,8,13,101,101,173,0,0,0,173,0,0,0,0,0,0,0,0,0,0,0,173,101,101,101,13,13,173,173,0,0,0,0,0,0,0,0,0,0,0,0,0,0,173,170,146,146,146,146,146,170,146,146,146,146,146,135,135,135,135,135,135,135,135,135,135,135,135,135,135,135,135,135,135,135,135,0,0,0,170,135,135,135,135,135,135,13,135,135,13,75,75,75,75,75,75,75,135,13,75,75,75,75,75,75,75,75,75,75,75,75,75,75,75,75,75,75,75,75,135,75,75,75,75,75,75,75,75,75,75,75,75,75,75,75,75,75,75,75,75,75,8,173,0,0,0,0,0,0,0,0,0,0,0,0,0,0,0,0,0,0,0
0,0,0,0,0,0,0,0,0,0,0,0,0,0,0,0,0,0,0,0,0,0,0,0,0,173,170,170,173,0,0,0,0,0,0,0,0,0,0,0,0,0,0,0,0,0,0,0,0,0,219,173,101,101,101,13,101,101,13,101,13,13,13,13,13,13,13,13,13,101,101,101,8,193,90,90,192,192,192,192,192,192,192,90,90,192,192,192,193,193,193,193,193,193,8,8,13,13,101,170,173,173,146,146,173,0,0,0,0,0,0,0,0,0,0,0,0,173,101,101,13,8,173,0,0,0,0,0,0,0,0,0,0,0,0,0,0,173,135,146,146,170,170,146,146,146,146,170,170,135,135,146,135,135,170,170,170,146,170,146,146,170,135,135,135,135,135,173,173,0,0,0,0,0,135,135,135,135,135,135,135,135,135,135,135,75,75,75,75,75,75,135,135,75,75,13,13,13,75,75,75,75,75,75,75,75,75,75,75,75,75,75,135,135,75,75,75,75,75,75,75,75,75,75,75,75,75,75,75,75,75,75,75,75,75,173,0,0,0,0,0,0,0,0,0,0,0,0,0,0,0,0,0,0,0,0
0,0,0,0,0,0,0,0,0,0,0,0,0,0,0,0,170,135,135,0,0,0,0,0,0,170,170,170,173,0,0,0,0,0,0,0,0,0,0,0,0,0,0,0,0,0,0,0,0,0,219,173,101,101,101,101,13,101,173,13,13,13,13,13,13,13,13,13,13,13,8,101,193,193,90,90,192,192,192,192,192,192,192,90,90,193,90,172,193,90,172,193,193,193,8,8,13,13,101,101,170,170,146,146,146,173,0,0,0,0,0,0,0,0,0,0,0,173,101,101,101,173,0,0,0,0,0,0,0,0,0,0,0,0,0,0,173,170,135,146,135,135,135,146,146,146,170,146,146,146,146,146,146,170,146,146,146,146,146,146,146,170,135,135,135,135,135,135,135,0,0,0,0,0,170,135,135,135,135,135,135,135,135,135,135,135,75,75,135,135,135,135,135,135,75,13,13,13,75,135,13,75,75,75,75,75,75,75,75,75,75,135,135,135,75,75,75,75,75,75,75,75,75,75,75,135,135,75,135,135,75,75,75,75,75,0,0,0,0,0,0,0,0,0,0,0,0,0,0,0,0,0,0,0,0,0
0,0,0,0,0,0,0,0,0,0,0,0,0,0,0,0,0,135,135,0,0,0,0,146,146,135,135,146,170,173,0,0,0,0,0,0,0,0,0,0,0,0,173,170,173,173,219,219,0,0,173,101,101,13,101,13,101,101,13,13,13,13,13,13,13,13,101,101,13,101,193,193,193,172,172,90,172,192,192,192,192,192,90,90,90,193,193,172,90,90,172,193,193,193,193,8,8,13,13,13,170,146,146,146,146,146,173,173,0,0,0,0,0,0,0,0,0,0,173,173,173,173,0,0,0,0,0,0,0,0,0,0,0,0,0,0,173,135,135,135,135,135,135,135,170,170,146,146,146,146,146,146,146,146,146,146,146,146,146,146,146,146,170,135,135,135,135,135,135,135,171,0,0,0,0,0,0,135,135,135,135,135,135,135,135,135,75,75,135,135,135,135,135,75,75,75,13,75,75,75,13,75,75,75,75,75,75,75,135,135,135,135,135,135,75,75,75,75,75,75,75,75,75,135,135,135,135,135,135,135,135,135,8,75,75,173,0,0,0,0,0,0,0,0,0,0,0,0,0,0,0,0,0,0,0,0
0,0,0,0,0,0,0,0,0,0,0,0,0,0,0,0,0,135,135,170,0,0,173,146,146,146,146,170,146,170,173,170,0,219,0,0,0,0,0,0,170,146,146,146,146,146,146,173,171,171,173,101,101,101,13,101,101,101,13,13,13,13,13,13,13,13,101,101,101,101,101,8,8,193,172,90,193,193,192,192,192,90,90,90,172,172,172,172,90,172,193,193,193,193,193,75,8,13,13,101,101,146,146,146,146,146,173,0,0,0,0,0,0,0,0,0,0,173,173,173,173,0,0,0,0,0,0,0,0,0,0,0,0,0,0,0,173,170,135,135,135,135,135,135,135,170,146,146,146,146,146,146,146,146,146,146,146,146,146,146,146,146,173,135,135,135,135,135,135,135,135,0,0,0,0,0,0,0,135,135,135,135,135,135,135,135,135,135,135,135,135,75,75,75,75,75,13,135,75,75,135,13,75,75,75,75,75,75,135,135,135,135,135,135,135,135,135,75,75,75,75,75,75,75,135,135,135,135,135,135,135,135,0,0,8,173,0,0,0,0,0,0,0,0,0,0,0,0,0,0,0,0,0,0,0,0
0,0,0,0,0,0,0,0,0,0,0,0,0,0,0,0,0,173,146,146,146,146,146,146,146,146,101,219,170,146,146,146,146,146,170,0,0,0,219,173,146,146,146,146,146,146,170,101,101,173,173,101,101,13,13,13,173,13,13,13,13,13,13,13,13,13,101,101,101,101,13,101,101,193,193,193,193,193,90,192,192,192,90,90,193,193,193,90,90,172,193,193,193,193,8,193,8,8,13,13,13,13,146,146,146,146,146,0,0,0,0,0,0,0,0,0,0,0,173,0,0,0,0,0,0,0,0,0,0,0,0,0,0,0,0,0,0,0,135,135,135,135,135,135,135,170,146,146,146,146,146,146,146,146,146,146,146,146,146,146,146,170,135,135,135,135,135,135,135,135,135,0,0,0,0,0,0,0,135,135,135,135,135,135,135,135,135,135,135,135,75,75,75,75,75,75,75,135,135,135,13,75,75,75,75,75,75,75,135,135,135,135,135,135,135,135,135,13,75,75,75,75,75,75,135,135,135,135,135,173,173,173,0,0,0,0,0,0,0,0,0,0,0,0,0,0,0,0,0,0,0,0,0,0,0,0
0,0,0,0,0,0,0,0,0,0,0,0,0,0,0,0,0,146,146,146,146,146,146,146,146,146,173,219,219,146,146,146,146,146,146,0,0,0,219,146,146,146,146,146,146,146,101,101,101,101,101,101,13,13,13,101,101,13,13,13,13,13,101,13,13,13,13,101,13,13,101,13,101,101,101,101,8,90,172,192,192,192,193,193,8,8,193,90,172,172,193,193,8,8,193,75,193,8,8,13,101,170,146,146,146,146,146,173,0,0,0,0,0,0,0,0,0,0,0,0,0,0,0,0,0,0,0,0,0,0,0,0,0,0,0,0,0,173,135,135,135,135,135,135,135,170,146,146,146,146,146,146,146,146,146,146,146,146,146,170,170,135,135,135,135,135,135,135,135,135,135,0,0,0,0,0,135,135,135,135,135,135,135,135,135,135,135,135,135,135,135,135,75,75,75,75,75,13,13,75,75,75,75,75,75,75,75,75,135,135,135,135,135,135,135,135,135,135,75,75,75,135,135,135,135,135,135,135,173,0,0,0,0,0,0,0,0,0,0,0,0,0,0,0,0,0,0,0,0,0,0,0,0,0,0,0
0,0,0,0,0,0,0,0,0,0,0,0,0,146,146,0,219,146,146,146,146,146,146,146,146,173,8,8,170,146,146,146,146,146,146,173,172,0,170,146,146,146,146,146,146,146,146,13,13,101,101,13,13,101,101,101,101,13,13,13,13,13,101,101,13,13,13,13,13,101,13,13,101,101,101,193,193,172,172,90,192,192,192,8,8,101,101,193,193,193,193,193,8,8,193,8,193,8,13,13,101,170,146,146,146,146,146,146,219,0,0,0,0,0,0,0,219,0,0,0,0,0,0,0,0,0,0,0,0,0,0,0,0,0,173,173,173,135,135,135,135,135,135,146,170,146,146,146,146,146,146,146,146,146,146,146,146,146,170,146,146,135,135,135,135,135,135,135,135,135,135,0,0,0,0,0,135,135,173,0,135,135,135,135,135,135,135,135,135,135,135,135,75,75,75,75,75,75,75,75,75,75,75,75,75,75,75,75,75,135,135,135,135,135,135,135,135,135,75,75,135,135,135,135,135,135,135,135,135,0,0,0,0,0,0,0,0,0,0,0,0,0,0,0,0,0,0,0,0,0,0,0,0,0,0,0
0,0,0,0,0,0,0,0,0,0,0,0,146,146,146,146,146,146,146,146,146,146,146,146,173,8,8,8,146,146,146,146,146,146,146,146,173,0,173,146,146,146,146,146,146,146,146,101,101,101,101,101,101,101,101,101,13,13,13,13,101,101,13,173,173,101,13,13,101,13,13,101,101,13,101,101,193,193,193,192,192,192,192,193,101,101,101,101,193,193,8,8,8,101,101,101,13,13,101,13,101,101,101,170,146,146,146,146,146,173,219,219,170,171,170,173,173,0,0,0,0,0,0,0,0,0,0,0,0,0,0,0,0,173,135,135,135,135,135,135,135,135,170,146,170,146,146,146,146,146,146,146,146,146,146,146,146,170,146,146,146,173,170,146,173,146,135,135,135,135,135,135,173,0,0,0,0,219,135,135,170,170,135,135,135,135,135,135,135,135,135,135,135,75,75,75,75,75,75,75,75,75,75,75,75,75,75,75,135,135,135,135,135,135,135,135,135,135,135,135,135,135,135,135,135,135,135,135,135,173,0,0,0,0,0,0,0,0,0,0,0,0,0,0,0,0,0,0,0,0,0,0,0,0,0,0
0,0,0,0,0,0,0,0,0,0,170,146,146,146,146,146,146,146,146,146,146,146,146,170,173,8,8,173,146,146,146,146,146,146,146,146,146,173,173,146,146,146,146,146,146,170,101,101,13,101,101,101,101,101,101,101,101,13,13,13,101,13,13,101,173,101,101,101,101,101,101,101,101,13,101,101,8,13,193,193,192,75,75,193,13,101,101,13,13,193,8,8,101,101,101,13,101,13,101,101,13,13,13,101,170,101,146,146,146,146,146,146,146,146,146,146,0,0,0,0,0,0,0,0,0,0,0,0,0,0,0,0,219,173,135,135,135,135,135,135,135,146,146,146,146,146,146,146,146,146,146,146,146,146,146,146,146,146,146,146,146,146,146,146,146,170,146,135,135,135,135,135,173,0,0,0,0,135,135,135,135,135,135,135,135,101,135,135,135,135,135,135,135,75,75,75,75,75,75,75,75,75,75,75,75,75,135,75,75,135,135,135,135,135,135,135,135,135,135,135,135,135,135,135,135,135,135,135,135,173,173,173,0,0,0,0,0,0,0,173,0,0,0,0,0,0,0,0,0,0,0,0,0,0,0,0
0,0,0,0,0,0,0,0,0,0,146,146,146,146,146,146,146,146,146,146,146,146,146,170,173,8,8,13,146,146,146,146,146,146,146,146,170,170,135,146,146,146,146,146,146,101,13,101,13,101,101,101,101,101,101,101,13,13,13,13,13,13,13,13,170,170,173,101,101,101,101,13,13,101,101,101,8,13,8,8,75,13,13,13,13,13,13,13,101,101,8,8,101,101,101,13,13,101,13,13,13,13,13,13,13,101,101,101,146,146,146,146,146,146,146,146,173,0,0,0,0,0,0,0,0,0,0,0,0,0,219,219,173,135,135,135,135,135,135,135,170,146,146,146,146,146,146,146,146,146,146,146,146,146,146,146,146,170,146,146,146,146,146,146,146,146,173,170,170,135,135,135,173,0,0,0,173,135,135,135,135,135,135,135,101,101,101,101,101,101,101,135,13,75,75,135,135,75,75,75,75,75,135,135,75,135,135,135,135,135,135,135,135,135,135,135,135,135,135,135,135,135,135,135,135,135,135,135,135,135,135,173,0,0,0,0,0,0,173,135,135,173,0,0,0,0,0,0,0,0,0,0,0,0,0,0
0,0,0,0,0,0,0,0,0,0,173,146,146,146,146,146,146,146,146,146,146,135,170,101,8,13,13,13,101,101,146,146,146,146,146,170,170,146,146,146,146,146,146,170,101,101,13,13,101,101,101,13,13,173,101,13,13,13,13,13,13,101,101,101,170,173,101,13,101,101,101,13,13,13,101,8,13,101,13,13,13,8,13,13,13,13,13,13,13,13,8,8,8,101,101,13,101,101,13,13,13,13,13,13,13,13,13,13,146,146,146,146,146,146,146,146,146,146,173,0,0,0,0,0,0,0,0,0,173,135,173,135,135,135,135,135,135,135,135,135,146,146,146,146,146,146,146,146,146,146,146,146,146,146,146,146,146,146,146,146,146,146,146,146,146,146,146,146,146,170,135,135,135,0,0,0,173,135,135,135,135,135,135,101,101,13,13,8,13,101,101,13,101,135,135,135,135,135,135,135,135,135,135,135,135,135,135,135,135,135,135,135,135,135,135,135,135,135,135,135,135,135,135,135,135,135,135,135,135,135,135,173,173,173,0,0,0,173,135,135,135,173,0,0,0,0,0,0,0,0,0,0,0,0,0,0
0,0,0,0,0,0,0,0,0,0,146,146,146,146,146,146,146,146,146,146,170,101,101,13,101,13,101,101,13,101,170,146,146,146,173,101,13,146,146,146,146,146,146,170,101,13,13,101,101,13,13,13,173,101,13,13,13,13,13,13,13,173,173,170,146,173,173,101,13,13,13,13,13,101,13,13,101,13,13,13,13,13,101,13,13,13,13,13,13,101,101,8,101,101,13,13,13,101,13,13,13,13,13,13,13,101,101,146,146,146,146,146,146,146,146,146,146,146,0,0,0,0,0,0,0,0,0,0,173,135,135,135,135,135,135,135,135,135,135,146,146,146,146,146,146,146,146,146,146,146,146,146,146,146,146,146,146,146,146,146,146,146,146,146,146,146,146,146,146,170,135,135,135,0,0,0,135,135,135,135,135,135,135,101,13,13,13,13,101,13,13,13,101,135,135,135,135,135,135,135,135,135,135,135,135,135,135,135,135,135,135,135,135,135,135,135,101,135,135,135,135,135,135,135,135,135,135,135,135,135,135,135,135,135,173,170,135,135,135,135,146,146,146,146,173,0,0,0,0,0,0,0,0,0,0,0
0,0,0,0,0,0,0,0,0,0,146,146,146,146,146,146,146,146,146,170,101,13,101,101,101,13,101,101,13,13,101,135,173,101,101,101,13,13,135,170,170,135,135,101,101,101,13,101,13,13,101,101,101,13,13,13,13,13,13,13,13,101,173,146,146,170,173,101,101,13,13,101,101,13,13,101,101,13,101,13,13,13,13,13,13,13,101,101,101,101,101,13,101,13,13,101,101,101,173,13,13,13,13,101,101,146,146,146,146,146,146,146,146,146,146,146,146,170,0,0,0,0,0,0,0,0,0,0,0,135,135,135,135,135,135,135,170,146,146,146,146,146,146,146,146,135,146,146,146,146,146,146,146,146,146,146,146,146,146,146,146,146,146,146,146,146,146,146,170,135,135,135,135,135,173,135,135,135,135,135,135,135,101,13,13,13,13,101,13,13,13,13,13,101,135,135,135,135,135,135,135,135,135,135,135,135,135,135,135,135,135,135,135,135,101,101,13,135,135,135,135,135,135,13,101,101,135,135,135,135,135,135,135,135,135,135,135,135,135,146,146,146,146,146,146,0,0,0,0,0,0,0,0,0,0,0
0,0,0,0,0,0,0,0,0,0,146,146,146,146,146,146,146,146,146,146,101,13,13,13,101,13,101,13,13,13,13,101,101,101,101,101,13,101,101,101,170,170,101,101,101,13,101,101,101,101,101,101,13,13,13,13,101,13,13,101,170,170,146,146,146,146,101,173,101,101,101,101,101,13,13,101,13,101,101,13,13,13,13,13,13,13,101,101,101,101,101,101,101,101,101,101,13,101,13,13,13,13,13,101,146,146,146,146,146,146,146,146,146,146,146,146,146,173,0,0,0,0,0,0,0,0,0,0,0,0,135,135,135,135,135,135,146,146,146,146,146,146,170,135,135,135,170,170,146,146,146,146,146,146,146,146,146,146,146,146,146,146,146,146,146,146,146,170,135,135,135,135,135,135,135,135,135,135,135,135,135,135,101,13,13,13,101,13,13,13,13,13,13,13,101,101,135,135,135,135,135,135,135,135,135,135,135,135,135,135,135,135,135,101,101,13,101,170,135,135,135,135,135,101,101,101,135,135,135,101,101,101,101,135,135,135,135,135,135,146,146,146,146,146,146,0,0,0,0,0,0,0,0,0,0,0
0,0,0,0,0,0,0,0,0,173,146,146,146,146,146,146,146,146,146,146,101,13,13,13,13,13,101,13,13,13,13,13,13,13,101,101,101,101,13,13,13,101,101,13,13,13,101,13,101,101,13,13,13,13,13,13,101,13,13,101,170,135,146,146,146,146,146,170,101,170,101,101,13,13,101,101,101,101,101,13,13,13,13,13,13,101,101,146,146,101,146,101,101,101,101,13,13,101,13,13,13,13,13,101,146,146,146,146,146,146,146,146,146,146,146,146,146,219,0,0,0,0,0,0,0,0,0,0,0,0,135,135,135,135,146,146,146,146,146,146,146,146,146,146,170,146,146,146,170,146,146,146,146,146,146,146,146,146,146,146,146,146,146,146,146,170,170,135,135,135,135,135,135,135,135,135,135,135,135,135,135,135,170,101,101,101,173,13,13,13,13,13,13,13,13,101,101,170,135,135,135,135,135,135,135,135,135,135,135,135,135,135,101,13,101,101,13,13,101,135,135,135,101,101,13,101,101,101,101,101,13,13,101,13,135,135,135,135,146,146,146,146,146,146,146,173,146,0,0,0,0,0,0,0,0,0
0,0,0,0,0,0,0,0,0,0,173,146,146,146,146,146,146,146,146,146,146,101,101,13,13,101,101,101,13,13,13,13,13,13,13,13,101,13,13,13,13,101,101,101,101,13,101,101,101,13,13,13,13,13,101,146,101,146,146,146,146,146,170,146,146,146,146,146,173,173,101,101,101,101,170,170,170,101,101,13,101,13,13,101,101,101,101,146,146,146,146,101,173,101,101,101,101,13,101,101,101,13,13,101,101,146,146,146,146,146,146,146,146,146,146,146,146,146,173,0,0,0,0,171,0,0,0,0,0,0,173,173,135,135,146,146,146,146,146,146,146,146,146,146,146,146,146,146,170,135,146,146,146,146,146,146,146,146,146,146,146,146,146,135,170,135,135,135,135,135,135,135,135,135,135,135,135,135,135,135,135,135,101,101,101,101,13,13,13,13,13,101,101,101,101,173,170,170,170,135,135,135,135,135,135,135,135,135,135,135,101,101,13,101,101,13,13,13,101,101,101,101,101,101,101,101,13,101,101,13,13,13,13,135,135,135,135,146,146,146,146,146,146,146,146,146,146,146,146,0,0,0,0,0,0,0
0,0,0,0,0,0,0,0,0,0,0,0,146,146,170,173,146,146,146,146,146,170,170,13,13,101,101,101,101,101,101,101,13,13,13,13,13,13,13,101,101,13,13,101,13,13,13,101,101,13,13,13,13,13,146,146,101,146,170,146,146,146,146,146,146,146,146,146,170,135,173,173,173,170,170,146,146,173,101,101,173,170,170,101,146,146,146,146,146,146,146,173,173,101,101,13,13,13,13,13,101,13,13,101,101,13,146,146,146,146,146,146,146,146,146,146,146,146,146,0,0,0,219,146,146,0,0,0,0,0,219,173,135,135,135,146,135,146,146,146,146,146,146,146,146,146,146,146,146,146,146,146,146,146,146,146,146,146,146,146,146,146,170,170,170,135,135,135,135,135,135,135,135,135,135,135,135,135,135,135,135,135,101,101,101,13,13,13,13,13,13,101,173,173,135,135,135,135,135,135,135,135,135,135,135,135,135,135,135,101,101,101,101,101,101,13,13,13,13,13,101,13,13,101,101,13,13,13,13,13,13,13,13,13,135,135,135,135,146,146,146,146,146,173,146,146,146,146,146,0,0,0,0,0,0,0
0,0,0,0,0,0,0,0,0,0,0,0,173,171,0,0,170,146,173,170,170,170,101,101,101,13,13,101,173,13,8,13,13,13,13,13,13,101,101,101,13,101,101,101,101,13,101,101,101,13,13,13,146,146,146,146,146,146,146,146,146,146,146,146,146,146,146,146,170,135,135,135,135,135,146,146,146,170,170,146,146,146,170,146,146,146,146,146,146,146,101,146,101,101,101,13,13,13,13,13,101,13,13,13,101,101,13,146,146,146,146,146,146,146,146,146,146,146,146,146,173,146,146,146,146,170,135,173,0,0,0,173,135,135,135,135,135,146,146,146,146,146,146,146,146,146,146,146,146,146,146,146,146,146,146,146,146,146,146,146,146,170,135,135,135,135,170,170,170,135,135,135,135,135,135,135,135,135,135,135,135,135,101,13,13,13,13,13,101,13,101,135,135,135,135,135,135,135,135,135,135,135,135,135,135,135,101,101,101,101,101,101,101,13,13,13,13,13,13,101,101,13,101,101,13,13,13,13,13,13,13,13,13,13,135,135,135,135,135,135,170,170,0,0,0,0,170,0,146,0,0,0,0,0,0,0
0,0,0,0,0,0,0,0,0,0,0,0,0,0,0,0,0,173,173,170,170,170,101,13,13,13,101,13,101,13,101,13,13,13,13,13,13,13,13,13,13,13,13,101,101,101,101,13,13,13,13,101,146,146,146,146,146,146,146,146,146,146,146,146,146,146,146,146,146,135,135,135,135,135,146,146,146,146,146,146,146,146,146,146,146,146,146,146,146,146,146,146,146,101,101,101,13,101,13,101,101,101,13,13,13,101,101,146,146,146,146,146,146,146,146,146,146,146,146,146,146,146,146,146,170,135,135,135,219,0,219,173,135,135,135,135,135,170,170,146,146,146,146,146,146,146,146,146,146,146,146,146,146,146,146,146,146,146,146,146,146,170,135,135,135,135,135,135,135,135,135,135,135,135,135,135,135,135,135,135,101,13,13,13,13,101,101,101,101,101,170,135,135,135,135,135,135,135,135,135,170,135,135,135,135,135,101,101,101,101,13,13,13,13,13,13,13,13,13,13,13,13,13,13,13,13,13,13,13,13,13,101,13,13,101,135,135,135,135,170,0,0,0,0,0,0,0,0,0,0,0,0,0,0,0,0
0,0,0,0,0,0,0,0,0,0,0,0,0,0,0,0,0,0,173,173,170,173,101,101,13,13,101,101,13,101,193,13,13,13,13,13,13,13,13,13,13,13,13,13,13,13,13,101,101,13,101,101,146,146,146,146,146,146,146,146,146,146,146,146,146,146,146,146,170,170,135,135,135,135,146,146,146,146,146,146,146,146,146,146,146,146,170,146,146,146,146,146,146,146,13,13,101,13,101,101,101,101,13,13,13,13,13,101,101,146,146,146,146,146,146,146,135,146,146,146,146,146,146,135,135,135,135,135,135,135,173,0,172,135,135,135,135,135,135,173,146,170,146,146,146,146,146,146,146,146,146,146,146,146,146,146,146,146,146,146,146,170,135,135,135,135,135,135,135,135,135,135,135,135,135,135,135,135,135,170,101,13,13,13,13,101,170,135,173,135,135,135,135,135,135,135,135,135,135,170,170,170,135,135,135,101,101,101,101,101,101,13,13,13,13,13,13,13,13,13,13,13,13,13,13,13,101,101,101,101,101,101,101,101,101,170,135,135,135,0,0,0,0,0,0,0,0,0,0,0,0,0,0,0,0,0
0,0,0,0,0,0,0,0,0,0,0,0,0,0,0,0,0,0,173,135,135,135,173,101,13,101,101,13,101,101,8,13,13,13,13,13,13,13,13,13,101,13,13,13,13,13,13,13,13,101,101,146,146,146,146,146,146,146,146,146,146,146,146,146,135,146,135,135,135,135,135,135,135,135,146,146,146,146,146,146,146,146,146,146,146,146,146,146,146,146,146,146,146,146,146,101,101,101,101,13,13,101,13,13,13,13,13,13,101,170,146,146,146,146,146,146,135,135,135,135,135,170,170,135,135,135,135,135,135,135,173,219,173,135,135,135,135,135,135,135,135,170,146,146,146,146,146,146,170,146,146,146,146,146,146,170,170,146,146,146,146,146,135,135,135,135,135,135,135,135,135,135,135,135,135,135,135,135,135,170,101,13,13,13,101,170,135,135,135,135,135,135,135,135,135,135,135,135,135,170,170,135,170,170,101,101,101,13,13,101,13,13,13,13,13,101,13,13,101,13,13,13,13,13,13,13,101,101,101,101,101,101,101,170,170,135,135,135,135,173,0,0,0,0,0,0,0,0,0,0,0,0,0,0,0,0
0,0,0,0,0,0,0,0,0,0,0,0,0,0,0,0,0,0,173,170,135,135,170,101,101,101,101,13,101,8,8,13,13,13,13,13,13,13,101,13,13,101,101,13,13,13,13,13,13,13,101,146,146,146,146,146,146,146,170,146,146,146,146,146,135,135,135,135,135,135,135,135,135,135,135,146,146,146,146,146,146,146,146,135,146,146,146,146,146,146,146,146,146,146,146,146,101,101,101,13,101,13,13,13,13,13,13,13,101,170,146,146,146,146,146,146,135,135,135,135,135,135,135,135,135,135,135,135,135,135,173,0,0,173,135,135,135,135,135,135,135,135,170,146,146,146,146,146,146,173,146,146,146,170,170,135,135,170,135,146,146,170,135,135,135,135,135,135,135,135,135,135,135,135,135,135,101,101,101,101,13,13,101,101,101,135,135,135,135,135,135,135,135,135,135,170,101,101,101,101,101,101,101,13,13,13,13,13,13,13,13,13,13,13,13,13,13,13,101,13,13,13,13,13,101,101,170,173,101,101,101,170,170,170,170,170,135,135,135,135,170,0,0,0,0,0,0,0,0,0,0,0,0,0,0,0
0,0,0,0,0,0,0,0,0,0,0,0,0,0,0,0,0,219,172,135,135,135,170,101,101,13,13,101,101,8,8,13,13,13,13,13,13,13,13,13,13,13,101,101,101,101,101,13,13,101,101,146,146,135,135,135,135,135,135,170,146,146,146,135,170,170,170,170,135,135,135,135,135,135,135,170,146,146,146,146,146,146,146,135,135,146,146,146,146,146,146,146,146,146,146,146,219,173,0,101,101,101,13,13,13,101,101,173,173,170,170,146,146,146,146,146,135,135,135,135,135,135,135,170,135,135,135,135,135,135,173,173,0,0,135,135,135,135,135,135,135,135,170,146,146,146,146,146,146,146,170,173,173,135,135,135,135,135,135,135,146,135,135,135,135,135,135,135,135,135,135,135,135,135,135,101,101,101,101,101,13,13,13,13,101,135,135,135,135,135,135,135,135,135,135,135,101,13,101,101,101,101,13,13,13,13,13,13,13,13,13,13,13,13,13,13,13,13,13,13,13,101,101,101,101,173,173,0,0,0,0,170,170,170,170,170,135,135,135,135,135,173,0,0,0,0,0,0,0,0,0,0,0,0,0,0
0,0,0,0,0,0,0,0,0,0,0,0,0,0,0,0,0,135,135,135,135,135,173,101,13,13,101,101,101,101,13,13,13,13,13,13,101,101,13,13,13,101,13,101,101,101,101,101,13,13,101,101,135,135,135,135,135,135,135,135,170,146,146,170,146,146,146,146,173,135,135,135,135,135,135,146,146,146,146,146,146,146,146,170,146,146,146,146,146,146,146,146,146,146,146,146,0,0,0,101,101,13,13,13,101,170,170,146,146,146,173,146,146,170,170,170,135,135,135,135,135,135,135,135,135,135,135,135,135,135,173,0,0,173,135,135,135,135,135,135,135,170,146,146,146,146,146,146,146,146,170,135,135,135,135,135,135,135,135,135,135,135,135,135,135,135,135,135,135,135,135,135,135,135,101,101,101,101,101,13,13,13,13,101,101,135,135,135,135,135,135,135,135,135,135,135,170,13,101,13,101,101,13,13,13,13,13,13,13,13,13,13,13,101,101,101,13,13,13,13,13,101,173,170,173,0,0,0,0,0,0,170,170,170,170,170,135,135,135,135,135,135,135,0,0,0,0,0,0,0,0,0,0,0,0,0
0,0,0,0,0,0,0,0,0,0,0,0,0,0,0,0,135,135,135,135,135,135,101,101,13,13,101,101,13,101,13,13,13,13,13,13,13,13,101,13,101,13,13,13,13,13,13,101,13,13,13,13,135,135,135,135,135,135,135,135,135,135,135,146,146,146,146,146,146,135,135,135,135,135,135,135,170,170,170,170,146,170,170,170,146,146,146,146,146,146,146,146,146,146,146,0,0,0,0,0,8,101,101,146,146,146,146,146,146,146,170,170,135,135,135,170,135,135,135,135,135,135,135,135,135,135,135,135,135,173,0,0,0,135,135,135,135,135,135,170,170,146,146,146,146,146,146,146,146,170,135,135,135,135,135,135,135,135,135,135,135,135,135,135,135,170,135,135,135,135,135,135,135,170,101,13,101,101,101,13,13,13,101,135,135,135,135,135,135,135,135,135,135,135,170,170,146,101,101,101,13,13,13,101,101,101,101,101,146,101,101,101,101,101,146,101,13,13,13,101,101,173,173,173,0,0,0,0,0,0,0,0,170,0,170,170,135,135,135,135,135,135,135,0,0,0,0,0,0,0,0,0,0,0,0,0
0,0,0,0,0,0,0,0,0,0,0,0,0,0,219,219,135,135,135,170,101,101,101,101,101,101,101,101,101,13,101,13,13,13,13,13,13,13,13,101,101,13,13,13,13,13,101,101,8,13,13,13,101,101,101,135,135,135,135,135,135,170,146,146,146,146,146,146,146,146,146,170,146,135,135,135,135,135,135,170,135,135,135,170,146,146,146,146,146,146,146,146,146,146,146,0,0,0,0,0,0,173,146,146,146,146,146,146,146,146,146,146,146,135,135,135,135,135,135,135,135,135,135,135,135,135,135,135,135,173,0,0,135,135,135,135,135,135,135,135,146,146,146,146,146,146,146,146,146,146,135,135,135,135,135,135,135,135,135,135,146,146,135,135,135,135,135,135,135,135,135,135,135,135,101,101,13,101,101,13,101,13,101,135,135,135,135,135,135,135,135,135,170,146,170,170,101,146,146,101,101,13,101,146,146,101,146,146,146,146,101,101,101,146,146,146,101,170,101,173,173,0,0,0,0,0,0,0,0,0,0,0,0,0,0,0,135,135,135,135,135,135,173,173,0,0,0,0,0,0,0,0,0,0,0,0
0,0,0,0,0,0,0,0,0,0,0,0,0,0,173,135,135,135,135,101,101,101,101,101,101,101,101,13,13,13,101,101,13,13,13,13,13,13,13,101,101,101,101,13,13,13,101,101,13,13,13,13,13,13,101,101,135,135,135,170,170,146,146,146,146,146,146,146,146,146,146,146,146,146,135,135,135,135,135,135,135,135,135,135,170,146,146,146,146,146,146,146,146,146,146,8,0,0,0,0,219,173,146,146,146,146,146,146,146,146,146,146,146,135,135,135,135,135,135,135,146,146,135,135,135,135,135,135,135,135,219,173,135,135,135,135,135,135,146,135,170,146,146,146,146,146,146,146,146,146,170,135,135,135,135,135,135,135,135,135,8,8,135,135,135,135,135,135,135,135,135,135,135,135,101,101,101,101,13,13,13,13,135,135,135,135,135,135,135,170,146,173,146,146,146,170,170,146,146,146,146,146,146,146,146,146,146,146,146,146,146,146,146,146,146,146,146,146,170,173,0,0,0,0,0,0,0,0,0,0,0,0,0,0,0,0,0,135,135,135,135,135,173,0,0,0,0,0,0,0,0,0,0,0,0,0
0,0,0,0,0,0,0,0,0,0,0,0,0,173,135,135,135,135,135,101,101,13,101,101,101,13,13,13,13,13,101,101,13,13,13,13,13,13,13,101,170,101,101,101,101,13,101,13,101,101,13,13,13,13,13,101,170,173,170,170,146,146,146,146,146,146,146,146,146,146,146,146,146,146,135,170,135,135,135,135,135,135,135,135,170,146,146,146,146,146,146,146,146,146,146,173,0,0,0,0,0,0,0,0,146,146,146,146,146,146,146,146,146,146,135,135,135,135,135,135,146,146,135,135,135,135,135,135,135,135,219,173,135,135,135,135,135,170,170,146,146,146,146,146,146,135,170,146,146,170,135,135,135,135,135,135,135,135,135,135,135,8,135,135,135,135,135,135,135,135,135,135,135,135,170,101,101,13,13,13,13,13,135,135,135,135,135,135,146,146,146,146,146,146,146,171,170,146,146,146,146,146,146,146,146,146,146,146,146,146,146,146,146,146,146,146,146,146,173,0,0,0,0,0,0,0,0,0,0,0,0,0,0,0,0,0,0,135,135,135,135,173,0,0,0,0,0,0,0,0,0,0,0,0,0,0
0,0,0,0,0,0,0,0,0,0,0,0,173,170,135,135,135,135,173,101,13,13,101,13,13,13,13,13,13,13,13,101,13,13,13,13,13,13,13,13,135,101,13,101,101,13,13,13,101,101,101,101,13,13,13,146,146,146,146,170,146,146,146,146,146,135,146,146,146,146,146,146,135,135,135,135,135,135,135,135,135,135,135,135,170,146,146,146,146,146,146,146,146,146,146,146,0,0,0,0,0,0,0,0,173,146,146,146,146,146,146,146,146,146,146,135,135,135,135,135,135,135,135,135,135,135,135,135,135,135,173,135,135,170,135,135,135,146,146,146,146,146,146,170,135,135,135,170,170,135,135,135,146,146,146,146,135,135,75,75,75,135,135,135,135,135,135,135,135,135,135,135,135,135,135,170,101,101,101,101,13,13,135,135,135,135,135,170,146,146,146,146,146,146,170,171,170,135,146,146,146,135,146,146,146,146,146,146,146,146,146,146,146,146,146,146,146,146,173,173,0,0,0,0,0,0,0,0,0,0,0,0,0,0,0,0,0,135,135,135,135,135,0,0,0,0,0,0,0,0,0,0,0,0,0,0
0,0,0,0,0,0,0,0,0,0,0,0,0,0,0,135,135,135,173,101,101,101,13,101,101,13,13,13,13,13,101,13,13,13,13,13,13,13,13,135,135,101,101,101,13,101,13,101,101,101,101,101,13,13,13,146,146,146,146,135,170,146,146,146,135,135,146,146,146,135,135,135,135,135,135,135,135,135,135,135,135,135,135,135,135,135,170,170,146,146,146,146,146,146,146,146,173,0,0,0,0,0,0,0,146,146,146,146,146,146,146,146,146,146,135,135,135,135,135,135,135,135,135,135,135,135,135,135,135,135,135,135,135,135,146,146,146,146,146,146,146,146,146,173,135,135,135,135,170,170,146,146,146,146,146,146,146,75,75,75,75,135,135,135,135,135,135,135,135,135,135,135,135,135,135,135,135,170,101,101,13,13,135,135,135,135,135,135,146,146,146,146,146,135,135,171,170,135,170,146,135,135,146,146,146,146,146,146,146,146,146,146,146,146,146,146,146,146,146,173,173,0,0,0,0,0,0,0,0,0,0,0,0,0,0,0,0,135,135,135,135,135,172,0,0,0,0,0,0,0,0,0,0,0,0,0
0,0,0,0,0,0,0,0,0,0,0,0,0,0,0,0,135,135,135,135,135,173,101,101,101,101,13,13,13,101,13,13,13,13,13,13,13,13,13,13,101,101,101,101,101,101,101,13,101,101,101,101,13,13,13,13,146,146,146,146,146,170,146,135,135,135,135,146,146,170,170,170,135,135,135,135,135,135,135,135,135,135,135,135,135,135,135,146,146,146,146,146,146,146,173,170,101,101,0,0,0,0,0,0,170,146,146,146,146,170,170,135,146,146,135,135,135,135,135,135,135,135,135,135,170,135,135,135,135,135,135,135,135,135,146,146,146,146,146,146,146,146,173,146,135,135,135,146,146,13,170,146,146,146,146,146,146,75,75,75,170,135,135,135,135,135,135,135,135,146,146,135,135,135,135,135,135,135,135,101,101,13,135,135,135,135,135,170,146,146,146,146,146,135,135,170,135,135,135,135,170,146,170,146,146,146,146,146,146,146,146,146,146,146,146,146,146,146,146,173,0,0,0,0,0,0,0,0,0,0,0,0,0,0,0,0,173,135,135,135,135,135,0,0,0,0,0,0,0,0,0,0,0,0,0,0
0,0,0,0,0,0,0,0,0,0,0,0,0,0,0,0,0,135,135,135,135,135,170,173,13,101,101,101,13,101,101,101,13,101,101,13,13,13,101,101,101,101,170,101,101,101,101,101,101,13,13,101,13,13,13,13,13,146,146,146,146,170,135,135,135,173,173,170,170,135,170,170,135,135,135,135,135,135,135,135,135,135,135,135,135,135,135,135,135,135,146,146,146,170,170,170,146,170,170,0,0,0,0,0,0,173,146,146,146,170,135,135,170,135,135,135,135,135,135,146,146,146,146,135,170,135,135,135,135,135,135,135,135,135,135,146,146,146,146,146,146,146,135,135,135,135,135,146,146,75,146,146,146,146,146,146,146,185,75,75,135,135,135,135,135,135,135,135,135,8,146,135,135,135,135,135,135,135,135,135,170,135,135,135,135,135,135,135,170,146,146,146,146,170,135,170,135,170,146,146,146,146,146,146,146,146,146,146,146,146,146,146,146,146,146,146,146,146,173,173,0,0,0,0,0,0,0,0,0,0,0,0,0,0,0,0,135,135,135,135,135,135,135,0,0,0,0,0,0,0,0,0,0,0,0,0
0,0,0,0,0,0,0,0,0,0,0,0,0,0,0,0,0,0,173,135,135,135,135,101,101,101,101,101,101,101,101,101,101,13,13,101,13,101,101,13,13,173,170,101,101,13,101,101,13,13,101,101,13,13,13,13,13,146,146,146,146,170,135,135,101,101,101,173,173,173,170,135,135,135,135,135,135,135,135,135,135,135,135,135,135,135,135,135,135,135,170,170,170,146,135,135,170,170,170,0,0,0,0,0,0,0,219,170,170,135,135,135,135,135,135,135,135,135,135,146,146,146,146,170,146,146,135,135,135,135,135,135,135,135,146,146,146,146,146,146,146,170,135,135,135,135,135,146,146,75,8,170,146,75,146,146,185,185,75,75,135,135,135,135,135,135,135,135,135,135,8,135,135,135,135,135,135,135,135,135,135,146,135,135,135,146,170,173,146,146,146,146,146,170,135,135,146,146,146,146,146,146,146,146,146,146,146,146,146,146,146,146,146,146,146,146,146,146,173,0,0,0,0,0,0,0,0,0,0,0,0,0,0,0,0,0,170,135,135,135,135,135,135,0,0,0,0,0,0,0,0,0,0,0,0,0
0,0,0,0,0,0,0,0,0,0,0,0,0,0,0,0,0,219,135,135,135,135,135,135,170,135,101,101,13,13,101,101,13,13,13,13,13,101,101,13,13,101,170,170,101,101,101,13,13,101,101,13,13,13,13,13,13,13,146,146,146,170,170,170,101,13,101,101,101,101,173,135,135,135,135,135,135,170,135,135,170,135,135,135,135,135,135,135,135,135,135,135,135,135,135,173,219,219,0,0,0,0,0,0,0,0,0,173,135,135,135,135,135,135,135,135,146,170,146,146,146,146,146,146,146,146,170,135,135,135,135,146,146,146,146,146,146,146,146,170,135,135,135,135,135,135,135,13,75,75,170,75,75,75,75,75,75,75,75,135,135,135,135,135,135,135,135,135,135,135,75,135,135,135,135,135,135,135,135,135,135,135,135,135,170,146,146,146,146,146,146,146,146,170,146,146,146,146,146,146,146,146,146,146,146,146,146,146,146,146,146,146,146,170,0,0,0,170,173,0,0,0,0,0,0,0,0,0,0,0,0,0,0,0,0,0,0,0,135,135,135,135,135,135,135,0,0,0,0,0,0,0,0,0,0,0
0,0,0,0,0,0,0,0,0,0,0,0,0,0,0,0,0,0,135,135,135,135,135,135,135,135,135,170,101,101,101,101,101,13,13,101,101,13,101,13,13,13,101,101,101,13,13,101,101,13,101,13,13,13,13,13,13,13,13,146,173,173,101,101,101,101,13,101,101,101,170,135,135,135,135,135,170,146,146,146,146,170,135,135,135,135,135,135,135,135,135,135,135,135,170,0,0,0,0,0,0,0,0,0,0,0,219,170,135,135,135,135,135,135,135,146,146,146,146,146,146,146,146,146,146,146,170,135,135,135,146,146,146,146,146,146,146,146,146,146,135,135,135,146,135,146,146,75,75,170,170,135,75,185,185,185,75,75,75,135,135,135,135,135,135,135,135,135,75,75,170,135,135,135,135,135,135,135,170,170,135,135,170,135,170,146,146,146,146,146,146,146,146,146,146,170,146,146,146,146,146,146,146,146,146,146,146,146,146,146,146,146,170,173,0,0,0,0,0,0,0,0,0,0,0,0,0,0,0,0,0,0,0,0,0,0,0,0,0,0,135,135,135,135,135,135,173,0,0,0,0,0,0,0,0,0
0,0,0,0,0,0,0,0,0,0,0,0,0,0,173,135,173,135,135,135,135,135,135,135,146,146,146,146,146,146,146,135,170,101,101,101,101,101,101,101,101,101,101,101,101,101,101,101,101,101,101,13,13,13,13,13,13,13,13,13,101,101,13,13,13,101,13,13,13,170,170,170,135,135,135,135,170,146,146,146,146,146,146,146,135,135,135,135,135,135,135,135,135,135,170,8,0,0,0,0,0,0,0,0,0,0,171,135,135,135,135,135,135,135,135,146,146,146,146,146,146,146,146,146,146,146,170,135,146,146,146,146,146,146,146,146,146,146,146,146,146,146,146,146,146,146,146,75,75,170,135,135,75,75,185,185,75,75,135,135,135,135,135,135,135,135,8,8,75,170,135,135,135,135,135,135,135,170,135,135,135,135,135,135,146,146,146,146,146,101,146,146,146,146,146,146,146,170,146,146,146,146,146,146,146,146,146,146,146,146,146,173,0,0,0,0,0,0,0,0,0,0,0,0,0,0,0,0,0,0,0,0,0,0,0,0,0,0,0,0,173,135,135,135,135,173,0,0,0,0,0,0,0,0,0,0
0,0,0,0,0,0,0,0,0,0,0,0,0,0,135,135,135,135,135,135,135,135,135,135,146,146,146,146,146,146,146,146,170,170,173,101,13,101,101,13,13,13,101,101,101,101,101,101,13,13,13,13,13,13,13,13,13,13,13,101,101,13,13,101,13,13,101,101,13,170,170,170,135,135,135,170,146,146,146,146,146,146,146,146,173,135,135,135,135,135,135,135,135,135,170,170,0,0,0,0,0,0,0,173,173,171,135,135,135,135,135,135,135,135,135,146,146,146,146,146,146,146,146,146,146,146,146,146,146,146,146,146,146,146,146,146,146,146,146,146,146,146,146,146,146,146,75,75,75,170,135,146,170,170,75,185,185,75,135,135,135,135,135,135,135,135,135,75,75,170,135,135,135,135,135,135,170,135,135,135,135,135,135,135,170,170,170,146,146,146,146,146,146,146,146,146,170,170,146,146,146,146,146,146,146,146,146,146,146,170,173,0,0,0,0,0,0,0,0,0,0,0,0,0,0,0,0,0,0,0,0,0,0,0,0,0,0,0,0,0,173,135,135,135,135,135,0,0,0,0,0,0,0,0,0,0
0,0,0,0,0,0,0,0,0,0,0,0,0,0,135,135,135,135,135,135,135,135,135,146,146,146,146,146,146,146,146,146,146,170,101,101,101,101,13,13,13,101,101,101,193,101,101,13,13,13,13,13,13,13,13,13,101,101,101,101,13,13,101,101,13,13,13,13,13,101,173,170,135,135,135,170,146,146,146,146,146,146,146,146,170,135,135,135,135,135,135,135,135,135,135,170,173,0,0,0,0,219,135,135,135,135,135,135,135,135,135,135,135,135,146,146,146,146,146,146,146,146,146,146,146,146,146,146,146,146,146,146,146,146,146,146,170,146,146,146,146,146,146,146,146,75,75,75,75,135,135,146,170,170,185,185,185,170,135,135,135,135,135,135,135,135,135,75,75,75,135,135,135,135,135,135,135,135,135,135,135,135,135,135,135,135,170,146,146,146,146,146,146,146,146,146,146,146,146,146,146,146,146,146,146,146,146,146,173,0,0,0,0,0,0,0,0,0,0,0,0,0,0,0,0,0,0,0,0,0,0,0,0,0,0,0,0,0,0,173,135,135,135,135,135,135,0,0,0,0,0,0,0,0,0,0
0,0,0,0,0,0,0,0,0,0,0,0,173,135,135,135,135,135,135,135,135,135,135,146,146,146,146,146,146,146,146,146,135,101,101,101,101,101,101,101,101,101,101,101,101,13,13,13,13,13,13,13,13,13,13,13,101,101,101,101,101,101,101,13,13,13,13,13,13,146,146,146,170,170,146,146,146,146,146,146,146,146,170,170,135,135,135,135,135,135,135,135,135,135,135,170,135,0,0,0,173,173,135,135,135,135,135,135,135,135,135,135,135,135,146,146,146,146,170,146,146,146,146,146,146,146,135,170,146,146,146,146,146,146,146,146,146,146,146,146,146,146,146,146,75,75,75,170,170,135,170,170,185,185,185,75,170,135,135,135,135,135,135,135,135,135,75,75,75,135,135,135,135,135,135,135,135,135,135,135,135,135,135,135,135,135,135,170,146,146,146,146,146,170,146,146,146,146,146,146,146,146,146,146,146,146,146,146,173,0,0,0,0,0,0,0,0,0,0,0,0,0,0,0,0,0,0,0,0,0,0,0,0,0,0,0,0,0,0,173,135,135,135,135,135,173,0,0,0,0,0,0,0,0,0,0
0,0,0,0,0,0,0,0,0,173,135,135,135,135,135,135,135,135,135,135,135,146,146,146,146,146,146,146,146,146,170,135,135,101,101,101,13,101,101,173,193,8,101,193,13,13,13,13,13,13,13,13,13,13,13,101,13,13,101,101,101,101,101,13,13,13,13,13,13,170,146,135,146,146,146,146,146,146,146,146,146,146,170,135,135,135,135,135,135,135,135,135,135,135,135,135,135,135,0,173,135,135,135,135,135,135,135,135,135,135,135,135,135,135,135,135,135,135,135,146,170,146,146,146,146,146,146,170,146,146,146,146,146,170,146,146,146,146,146,146,146,146,146,146,146,75,75,75,75,185,75,170,185,185,185,170,135,135,135,135,135,135,135,135,135,135,170,185,135,135,135,135,135,135,135,135,135,135,135,135,135,135,135,135,135,135,135,170,146,146,146,146,146,170,146,146,146,146,146,146,146,146,146,146,146,146,146,146,170,0,0,0,0,0,0,0,0,0,0,0,0,0,0,0,0,0,0,0,0,0,0,0,0,0,0,0,0,0,0,0,135,135,135,135,0,0,0,0,0,0,0,0,0,0,0,0
0,0,0,0,0,0,0,0,0,0,173,173,173,173,173,135,135,135,135,170,146,146,146,146,146,146,146,146,146,146,146,135,101,101,13,101,101,101,173,13,13,13,13,13,13,13,13,13,13,13,13,13,13,13,173,101,13,13,101,101,101,101,101,13,13,13,13,101,146,135,135,170,146,146,146,101,146,146,146,146,146,146,173,135,135,135,135,135,135,135,135,135,135,135,135,135,135,135,135,135,135,135,135,135,135,135,135,135,135,135,135,135,135,135,135,135,135,135,135,135,135,170,170,146,146,146,135,135,135,135,146,146,146,170,146,146,146,146,146,146,146,146,75,75,75,75,185,185,185,185,185,185,185,185,75,8,135,135,135,135,135,135,135,75,135,135,75,185,75,135,135,135,135,135,135,135,135,135,135,135,170,170,170,135,135,146,146,146,170,146,146,170,146,173,173,135,146,146,146,170,146,146,146,146,146,146,173,0,173,0,0,0,0,0,0,0,0,0,0,0,0,0,0,0,0,0,0,0,0,0,0,0,0,0,0,0,0,0,0,0,0,135,135,173,0,0,0,0,0,0,0,0,0,0,0,0
0,0,0,0,0,0,0,0,0,0,0,0,0,173,173,135,135,135,135,135,146,146,146,146,146,146,146,146,146,146,170,101,101,101,101,101,101,101,101,13,13,13,13,13,13,13,13,13,13,13,101,13,13,13,170,173,101,101,13,101,101,101,13,13,13,13,13,13,170,135,135,170,146,146,146,146,146,146,146,146,146,146,170,135,135,135,135,135,135,135,135,135,135,135,135,135,135,135,135,135,135,135,135,135,135,135,135,135,135,135,135,135,135,135,135,135,135,135,135,135,135,135,135,135,135,135,135,135,135,135,146,146,146,170,146,146,146,146,146,146,146,75,75,170,170,75,185,185,185,185,185,185,185,185,185,185,75,135,135,135,135,135,75,75,75,75,75,75,75,135,135,135,135,135,135,135,135,170,135,135,135,135,135,170,170,146,146,146,146,170,170,135,135,135,135,135,135,146,135,135,170,146,146,146,146,146,0,0,0,0,0,0,0,0,0,0,0,0,0,0,0,0,0,0,0,0,0,0,0,0,0,0,0,0,0,0,0,0,0,0,0,173,173,0,0,0,0,0,0,0,0,0,0,0,0,0
0,0,0,0,0,0,0,0,0,0,0,0,0,0,0,173,135,135,135,135,135,135,146,146,146,146,146,170,170,135,101,101,101,101,101,101,101,101,101,101,8,13,13,13,13,13,13,13,13,13,101,13,13,170,135,135,173,101,101,101,101,101,101,13,13,13,13,13,170,170,170,170,146,146,146,146,146,146,146,146,146,170,135,135,135,135,135,135,135,135,135,135,135,135,135,135,135,135,135,135,135,135,135,135,135,135,135,135,135,135,135,135,135,135,135,135,135,135,135,135,135,135,135,135,135,135,135,135,135,135,170,170,170,135,135,146,146,146,146,146,146,75,185,135,170,170,170,185,185,185,185,185,185,185,185,185,170,135,135,135,135,135,135,75,75,75,170,135,135,135,135,135,135,135,135,135,135,135,135,135,135,135,135,170,146,146,146,146,173,135,135,135,135,135,135,135,135,135,135,135,135,135,146,146,0,0,0,0,0,0,0,0,0,0,0,0,0,0,0,0,0,0,0,0,0,0,0,0,0,0,0,0,0,0,0,0,0,0,0,0,0,0,0,0,0,0,0,0,0,0,0,0,0,0,0,0
0,0,0,0,0,0,0,0,0,0,0,0,0,0,0,0,135,135,135,135,135,135,146,146,146,146,173,101,101,101,101,101,101,101,101,101,13,13,101,101,13,13,13,13,13,13,101,13,13,101,146,146,170,170,135,135,173,101,101,101,101,13,101,13,13,13,13,13,146,146,170,146,146,146,146,146,146,146,146,146,146,170,135,135,135,135,135,170,135,135,135,135,135,135,135,135,135,135,135,135,135,135,135,135,135,135,135,135,135,135,135,135,135,135,135,135,135,135,135,135,135,135,135,135,135,135,135,135,135,135,135,135,135,135,135,135,170,146,146,146,75,75,75,170,135,170,170,75,185,185,185,185,185,185,185,185,75,170,170,170,135,135,135,75,75,75,135,135,135,135,135,135,135,135,135,135,135,135,135,135,135,135,135,170,146,146,146,135,170,135,135,135,135,135,135,135,135,135,135,135,173,173,173,173,0,0,0,0,0,0,0,0,0,0,0,0,0,0,0,0,0,0,0,0,0,0,0,0,0,0,0,0,0,0,0,0,0,0,0,0,0,0,0,0,0,0,0,0,0,0,0,0,0,0,0,0
0,0,0,0,0,0,0,0,0,0,0,0,0,0,0,0,135,135,135,135,135,170,170,146,135,135,101,13,101,101,101,101,101,101,101,101,13,13,101,101,8,13,13,13,101,13,13,13,101,101,170,170,135,135,135,135,135,101,101,101,13,13,101,101,101,13,13,13,146,146,146,146,146,146,146,146,146,146,146,146,146,170,135,135,135,135,135,170,135,135,135,135,135,135,135,135,135,135,135,135,135,135,135,135,135,135,135,135,135,135,135,135,135,135,135,135,135,135,135,135,135,135,135,135,135,135,135,135,135,135,135,135,135,135,135,135,135,146,146,170,170,75,75,75,170,75,75,170,185,185,185,185,185,185,185,185,75,75,170,170,75,170,170,185,185,75,135,135,135,135,135,135,135,135,135,135,135,135,135,135,135,135,135,170,173,170,170,173,170,135,135,135,135,135,135,135,135,135,135,173,0,0,0,0,173,0,0,0,0,0,0,0,0,0,0,0,0,0,0,0,0,0,0,0,0,0,0,0,0,0,0,0,0,0,0,0,0,0,0,0,0,0,0,0,0,0,0,0,0,0,0,0,0,0,0,0
0,0,0,0,0,0,0,0,0,0,0,0,0,0,0,219,135,135,135,135,135,135,135,135,135,135,173,101,13,101,101,101,101,101,101,13,13,101,101,13,8,8,13,13,101,13,101,13,101,170,135,135,135,135,135,135,135,135,170,13,13,101,13,101,13,13,13,13,146,146,146,146,146,146,146,146,146,146,146,146,170,135,135,135,135,135,146,146,146,135,135,135,135,135,135,135,135,135,135,135,135,135,135,135,8,135,135,135,135,135,135,135,8,135,135,135,135,135,135,135,135,135,75,135,135,135,135,135,135,135,135,135,135,135,135,135,135,135,135,135,170,185,185,185,185,185,185,185,185,185,185,185,185,185,185,185,185,185,75,75,75,75,75,185,75,75,135,135,135,135,135,135,135,135,135,135,135,135,135,135,135,135,135,135,135,135,135,135,135,135,135,135,135,135,135,135,135,135,135,173,0,0,0,0,0,0,0,0,0,0,0,0,0,0,0,0,0,0,0,0,0,0,0,0,0,0,0,0,0,0,0,0,0,0,0,0,0,0,0,0,0,0,0,0,0,0,0,0,0,0,0,0,0,0,0,0
0,0,0,0,0,0,0,0,0,0,0,0,0,0,0,0,135,135,135,135,135,135,135,135,135,170,173,101,101,101,101,101,13,13,101,13,13,101,101,13,101,8,13,13,13,13,13,101,170,170,135,135,135,135,135,135,135,135,135,101,101,101,13,101,13,13,13,13,146,146,146,146,146,146,146,146,146,146,146,146,135,135,135,135,170,146,146,146,146,135,135,135,135,135,135,135,135,135,135,135,135,135,135,135,8,8,8,135,135,75,75,75,75,135,135,135,135,135,135,135,75,75,75,135,135,135,135,135,135,75,75,135,135,135,135,135,135,135,170,170,185,185,185,185,185,185,185,185,185,185,185,185,185,185,185,185,185,185,185,185,185,185,185,75,170,135,135,135,135,135,135,146,135,135,135,135,135,135,135,135,135,135,135,135,135,135,135,135,135,135,135,135,135,135,135,135,135,135,135,173,0,0,0,0,0,0,0,0,0,0,0,0,0,0,0,0,0,0,0,0,0,0,0,0,0,0,0,0,0,0,0,0,0,0,0,0,0,0,0,0,0,0,0,0,0,0,0,0,0,0,0,0,0,0,0,0
0,0,0,0,0,0,0,0,0,0,0,0,0,0,0,0,219,135,135,135,135,135,135,170,146,170,170,101,13,13,13,13,13,101,101,13,13,13,13,101,101,13,13,13,13,13,173,173,170,170,170,135,135,135,135,135,135,135,135,101,101,13,101,13,13,101,101,13,13,13,146,146,146,146,146,146,146,146,146,170,135,135,135,135,146,146,146,146,146,135,135,135,135,135,135,135,135,135,135,135,135,135,135,135,135,135,8,8,8,75,75,170,170,135,135,135,135,135,135,75,75,75,75,75,75,170,75,75,75,75,135,135,135,135,135,135,135,75,75,185,185,185,185,185,185,185,185,185,185,185,185,185,185,185,185,185,185,185,185,185,185,170,170,146,135,135,135,135,135,146,146,146,146,146,135,135,135,135,135,135,135,135,135,135,135,135,135,135,135,135,135,135,135,135,135,135,135,173,0,0,0,0,0,0,0,0,0,0,0,0,0,0,0,0,0,0,0,0,0,0,0,0,0,0,0,0,0,0,0,0,0,0,0,0,0,0,0,0,0,0,0,0,0,0,0,0,0,0,0,0,0,0,0,0,0,0
0,0,0,0,0,0,0,0,0,0,0,0,0,0,0,0,0,173,135,135,135,135,135,170,135,135,170,101,101,101,101,13,13,101,13,13,13,13,13,101,101,13,13,13,13,101,101,101,173,170,135,135,135,135,135,135,135,135,101,101,13,13,13,13,13,13,13,13,13,13,146,146,146,146,146,146,146,146,146,146,170,135,135,135,146,146,135,146,135,135,135,135,135,135,135,135,135,135,135,135,135,135,135,135,135,135,135,135,135,75,75,170,170,170,75,170,135,135,75,75,75,75,75,75,185,185,185,185,185,75,135,135,135,135,135,135,170,75,185,185,185,185,185,185,185,185,185,185,185,185,185,185,185,185,185,185,185,185,185,185,185,75,170,135,135,135,135,135,135,146,146,146,146,146,135,135,135,135,135,135,135,135,135,135,135,135,135,135,135,135,135,135,170,170,135,135,135,0,0,0,0,0,0,0,0,0,0,0,0,0,0,0,0,0,0,0,0,0,0,0,0,0,0,0,0,0,0,0,0,0,0,0,0,0,0,0,0,0,0,0,0,0,0,0,0,0,0,0,0,0,0,0,0,0,0,0
0,0,0,0,0,0,0,0,0,0,0,0,0,0,0,0,0,173,135,135,135,135,135,135,135,135,170,173,170,173,101,101,101,13,101,13,13,13,13,101,101,13,101,13,13,13,101,101,173,135,135,135,135,135,135,135,135,173,101,101,13,13,13,13,13,13,13,13,13,13,13,13,146,146,146,146,146,170,170,170,135,135,170,146,146,146,146,135,135,135,135,135,135,146,146,135,135,135,135,135,135,146,146,135,135,135,135,135,8,75,75,75,75,75,75,75,75,75,75,75,75,75,75,185,185,185,185,185,185,75,170,170,75,170,170,170,170,8,185,185,185,185,185,185,185,185,185,185,185,185,185,185,185,185,185,185,185,185,185,185,185,170,135,135,135,135,135,135,146,146,146,146,146,146,135,135,135,135,135,135,135,135,135,135,135,135,135,135,135,135,135,135,173,173,135,135,0,0,0,0,0,0,0,0,0,0,0,0,0,0,0,0,0,0,0,0,0,0,0,0,0,0,0,0,0,0,0,0,0,0,0,0,0,0,0,0,0,0,0,0,0,0,0,0,0,0,0,0,0,0,0,0,0,0,0,0
0,0,0,0,0,0,0,0,0,0,0,0,0,0,173,0,173,135,135,135,135,135,135,135,135,135,135,135,135,135,101,173,173,101,13,13,13,13,13,13,101,13,13,13,13,13,13,135,135,170,135,135,135,135,135,135,135,170,101,13,13,13,13,13,13,13,13,13,13,13,13,13,13,13,146,146,146,146,146,146,146,170,146,146,146,146,146,135,135,135,135,135,135,135,146,146,170,135,146,135,146,146,146,146,135,135,135,135,170,8,75,75,75,75,75,75,75,75,75,75,75,185,75,185,185,185,185,185,185,185,185,170,185,185,185,185,185,185,185,185,185,185,185,185,185,185,185,185,185,185,185,185,185,185,185,185,185,185,185,185,185,185,75,135,135,135,135,146,146,146,146,146,146,146,135,135,135,135,135,135,135,135,135,135,135,135,135,135,135,135,135,170,219,173,173,0,0,0,0,0,0,0,0,0,0,0,0,0,0,0,0,0,0,0,0,0,0,0,0,0,0,0,0,0,0,0,0,0,0,0,0,0,0,0,0,0,0,0,0,0,0,0,0,0,0,0,0,0,0,0,0,0,0,0,0,0
0,0,0,0,0,0,0,0,0,0,0,0,0,0,135,135,135,135,135,135,135,135,135,135,135,135,135,135,135,135,135,135,170,101,101,13,13,13,13,101,13,13,13,13,13,13,146,135,135,135,135,135,135,135,135,135,135,135,101,101,101,135,135,135,101,101,101,13,13,101,13,13,101,13,13,13,146,146,146,146,146,146,146,146,146,146,146,170,135,135,135,135,135,135,135,146,146,135,146,146,135,146,135,135,135,135,135,170,170,75,75,75,75,75,8,75,75,75,75,75,75,75,8,185,185,185,185,185,185,185,185,185,185,185,185,185,185,185,185,185,185,185,185,185,185,185,185,185,185,185,185,185,185,185,185,185,185,185,185,185,185,185,170,135,135,146,135,170,146,146,146,146,146,146,135,135,135,135,135,135,135,135,135,135,135,135,135,135,135,135,0,0,0,170,173,0,0,0,0,0,0,0,0,0,0,0,0,0,0,0,0,0,0,0,0,0,0,0,0,0,0,0,0,0,0,0,0,0,0,0,0,0,0,0,0,0,0,0,0,0,0,0,0,0,0,0,0,0,0,0,0,0,0,0,0,0
0,0,0,0,0,0,0,0,0,0,0,0,173,135,135,135,135,135,135,135,135,135,135,135,135,135,135,135,135,135,135,135,170,170,173,101,13,13,101,13,13,13,101,13,13,170,146,170,135,135,135,135,135,135,135,135,135,170,101,170,135,135,135,135,101,101,101,13,101,13,13,13,13,13,13,13,146,146,146,146,146,146,146,146,146,135,135,135,135,135,135,135,146,146,146,146,146,135,146,146,135,135,135,135,135,135,135,170,75,75,146,146,8,146,146,146,8,146,75,75,170,170,170,170,185,185,185,185,185,185,185,185,185,185,185,185,185,185,185,185,75,185,185,185,185,185,185,185,185,185,185,185,185,185,185,185,185,185,185,185,185,185,75,170,135,170,170,75,146,146,75,146,146,135,135,135,135,135,135,135,135,135,135,135,135,135,135,135,135,173,0,0,0,173,0,0,0,0,0,0,0,0,0,0,0,0,0,0,0,0,0,0,0,0,0,0,0,0,0,0,0,0,0,0,0,0,0,0,0,0,0,0,0,0,0,0,0,0,0,0,0,0,0,0,0,0,0,0,0,0,0,0,0,0,0,0
0,0,0,0,0,0,0,0,0,0,0,0,173,0,0,173,135,135,135,135,135,135,135,135,135,135,135,135,135,135,135,135,135,135,170,101,13,13,101,101,101,13,13,13,101,170,135,135,135,135,135,135,135,135,135,135,135,135,135,135,135,135,135,135,135,101,13,13,101,13,101,13,13,13,13,13,13,146,146,146,146,146,146,146,146,170,170,135,135,135,146,146,146,146,146,146,170,135,135,135,135,146,135,135,135,135,146,146,146,146,146,146,146,146,146,146,146,146,135,135,135,135,170,170,75,170,185,185,185,185,185,185,185,185,185,185,185,185,185,185,185,185,185,185,185,185,185,185,185,185,185,185,185,185,185,185,185,185,185,185,185,185,185,75,75,75,185,185,75,75,75,146,75,8,135,135,135,135,135,135,135,135,135,135,135,135,173,135,0,0,0,0,0,8,8,0,0,0,0,0,0,0,0,0,0,0,173,101,173,0,0,0,0,0,0,0,0,0,0,0,0,0,0,0,0,0,0,0,0,0,0,0,0,0,0,0,0,0,0,0,0,0,0,0,0,0,0,0,0,0,0,0,0,0,0,0
0,0,0,0,0,0,0,0,0,0,0,0,0,0,0,0,135,135,135,135,135,135,135,135,135,135,135,135,135,135,135,135,135,135,135,101,101,101,101,101,101,13,13,101,101,135,135,135,135,135,135,135,135,135,135,135,135,135,135,135,135,135,135,135,101,101,101,101,101,101,101,101,13,13,13,13,13,13,146,146,146,146,146,146,146,146,146,170,135,146,146,146,146,146,146,146,146,135,135,135,135,135,170,135,135,135,146,146,146,146,146,146,146,146,146,146,146,146,135,135,135,135,135,170,170,170,185,185,185,185,185,185,185,185,185,185,185,185,185,185,185,185,185,185,185,185,185,185,185,185,185,185,185,185,185,185,185,185,185,185,185,185,185,185,185,185,185,185,170,75,170,75,75,171,135,135,135,135,135,135,135,170,135,135,135,135,173,0,0,0,0,0,0,101,101,101,8,219,171,101,101,0,0,0,0,0,101,13,13,0,0,0,0,0,0,0,0,0,0,0,0,0,0,0,0,0,0,0,0,0,0,0,0,0,0,0,0,0,0,0,0,0,0,0,0,0,0,0,0,0,0,0,0,0,0,0
0,0,0,0,0,0,0,0,0,0,0,0,0,0,0,0,0,135,173,0,173,135,135,135,135,135,135,135,135,135,135,170,170,170,101,101,101,13,13,101,13,13,13,101,135,135,135,135,135,135,135,135,135,135,135,135,135,135,135,135,135,135,135,135,170,101,101,101,101,13,101,13,13,13,13,13,13,146,146,146,146,146,146,146,146,146,146,146,135,146,146,146,146,146,146,146,146,146,135,135,135,135,135,135,135,135,146,146,146,146,146,146,146,146,146,146,146,146,135,135,135,135,135,135,170,170,185,185,185,185,185,185,185,185,185,185,185,185,185,185,185,185,185,185,185,185,185,185,185,185,185,185,185,185,185,185,185,185,185,185,185,185,185,185,185,185,185,75,170,170,135,135,135,75,135,135,135,135,170,170,146,146,173,135,135,170,0,0,0,0,0,0,0,101,101,13,13,101,101,101,101,101,101,0,0,101,101,13,13,8,173,0,0,0,0,0,0,0,0,0,0,0,0,0,0,0,0,0,0,0,0,0,0,0,0,0,0,0,0,0,0,0,0,0,0,0,0,0,0,0,0,0,0,0,0,0
0,0,0,0,0,0,0,0,0,0,0,0,0,0,0,0,0,0,0,0,0,173,135,135,135,135,135,135,135,135,135,170,170,170,101,101,101,13,13,101,13,13,13,101,170,135,135,135,135,135,135,135,135,135,135,135,135,135,135,135,135,135,135,135,135,173,173,101,101,13,13,13,13,13,13,13,146,146,146,146,146,146,146,146,146,146,146,170,146,146,146,146,146,146,146,146,146,146,135,135,135,135,135,135,135,135,146,146,146,146,146,146,146,146,146,146,146,146,146,135,135,135,135,170,75,75,170,185,185,185,170,185,185,185,185,185,185,185,185,185,185,185,185,185,185,185,185,185,185,185,185,185,185,185,185,185,185,185,185,185,185,185,185,185,185,185,75,170,170,135,135,135,135,75,135,135,135,135,170,146,146,146,173,219,170,170,0,0,0,0,0,0,173,101,13,101,13,13,101,101,101,101,101,101,101,101,13,13,13,8,101,173,0,0,0,0,0,0,0,0,0,0,0,0,0,0,0,0,0,0,0,0,0,0,0,0,0,0,0,0,0,0,0,0,0,0,0,0,0,0,0,0,0,0,0,0
0,0,0,0,0,0,0,0,0,0,0,0,0,0,0,0,0,0,0,0,0,0,135,135,135,135,135,135,135,135,135,170,170,170,101,101,101,101,101,13,13,101,13,101,135,135,135,135,135,135,135,135,135,135,135,135,135,135,135,135,135,135,135,135,135,135,170,173,101,13,13,13,13,13,13,13,13,146,146,146,146,146,146,146,146,146,170,146,146,146,146,146,146,146,146,146,146,170,135,135,135,135,135,135,135,135,170,170,146,146,146,146,146,146,146,146,146,146,135,135,135,135,135,135,135,135,135,135,75,170,170,170,170,185,185,185,185,185,185,185,185,185,185,185,185,185,185,185,185,185,185,185,185,185,185,185,185,185,185,185,185,185,185,185,185,185,170,170,170,135,135,135,8,8,135,135,135,135,170,146,146,146,173,170,170,8,0,0,0,0,0,173,101,101,101,101,13,13,13,101,13,13,101,101,101,13,13,13,13,13,13,101,0,0,0,0,0,0,0,0,0,0,0,0,0,0,0,0,0,0,0,0,0,0,0,0,0,0,0,0,0,0,0,0,0,0,0,0,0,0,0,0,0,0,0,0
0,0,0,0,0,0,0,0,0,0,0,0,0,0,0,0,0,0,0,0,0,0,0,173,135,135,135,135,135,135,135,170,170,170,101,170,173,101,101,101,101,13,101,101,135,135,135,135,135,135,135,135,135,135,135,135,135,135,135,170,135,135,135,135,135,135,170,170,173,173,101,101,13,13,13,13,13,101,170,146,146,146,146,146,146,146,170,146,146,146,146,146,146,146,146,146,146,146,135,135,135,135,135,135,135,135,135,135,170,170,170,146,146,146,170,170,170,135,135,135,135,135,135,135,135,135,135,146,146,146,146,170,170,185,185,185,185,185,185,185,185,185,185,185,185,185,185,185,185,185,185,185,185,185,185,185,185,185,185,185,185,185,185,185,75,75,170,170,170,135,135,135,135,135,146,135,135,135,146,146,146,146,146,146,173,0,0,0,0,0,173,101,101,101,13,13,101,13,13,101,101,13,13,13,13,13,13,13,13,13,13,173,0,0,0,0,0,0,0,0,0,0,0,0,0,0,0,0,0,0,0,0,0,0,0,0,0,0,0,0,0,0,0,0,0,0,0,0,0,0,0,0,0,0,0,0
0,0,0,0,0,0,0,0,0,0,0,0,0,0,0,0,0,0,0,0,0,0,0,0,135,135,135,135,135,135,170,170,101,101,173,170,170,173,173,170,135,101,101,101,170,135,135,135,135,135,135,135,135,135,135,146,146,135,170,135,170,135,135,135,135,135,135,170,101,173,101,13,13,13,101,101,101,101,170,146,146,146,146,146,146,170,146,146,146,146,146,146,146,146,146,146,146,170,135,135,135,135,135,135,135,135,135,170,170,135,135,135,135,135,170,170,170,135,135,135,135,135,135,135,135,135,146,146,146,146,146,170,170,185,185,185,185,185,185,185,185,185,185,185,185,185,185,185,185,185,185,185,185,185,185,185,185,185,185,185,185,185,185,185,75,75,146,146,146,135,135,135,135,135,135,146,135,146,146,146,146,146,146,146,173,0,0,0,0,173,135,101,101,13,13,101,101,13,13,13,13,13,13,13,13,13,13,13,101,13,13,8,0,0,0,0,0,0,0,0,0,0,0,0,0,0,0,0,0,0,0,0,0,0,0,0,0,0,0,0,0,0,0,0,0,0,0,0,0,0,0,0,0,0,0,0
0,0,0,0,0,0,0,0,0,0,0,0,0,0,0,0,0,0,0,0,0,0,0,0,135,135,135,135,135,173,0,173,8,173,173,170,170,170,170,170,135,101,101,101,135,135,135,135,135,135,135,135,135,135,146,146,146,146,146,173,170,135,135,135,135,135,170,173,101,101,101,13,101,101,13,13,13,101,146,146,146,146,146,146,146,170,146,146,146,146,146,146,146,146,146,146,170,146,170,170,135,135,135,135,135,135,170,146,146,135,135,135,135,135,135,170,170,135,135,135,135,135,135,135,135,135,146,146,146,146,170,75,185,185,185,185,185,185,185,185,185,185,185,185,185,185,185,185,185,185,185,185,185,185,185,185,185,185,185,185,185,185,185,185,75,146,146,146,146,135,135,135,135,135,135,170,146,146,146,146,146,146,146,146,173,0,0,0,219,170,146,101,101,13,101,101,101,13,13,13,13,13,13,13,13,13,101,0,0,0,0,0,0,0,0,0,0,0,0,0,0,0,0,0,0,0,0,0,0,0,0,0,0,0,0,0,0,0,0,0,0,0,0,0,0,0,0,0,0,0,0,0,0,0,0,0
0,0,0,0,0,0,0,0,0,0,0,0,0,0,0,0,0,0,0,0,0,0,0,0,173,173,173,170,170,0,0,0,0,0,0,170,170,135,135,135,135,135,135,135,135,135,135,135,135,135,135,146,146,146,146,146,146,146,146,173,135,135,135,135,135,135,170,173,101,13,101,101,101,13,13,13,13,13,135,146,146,146,146,146,146,146,146,170,146,146,146,146,146,146,146,146,146,146,146,135,135,135,135,135,135,135,146,146,146,170,135,135,135,135,135,135,135,135,135,135,135,135,135,135,135,75,135,135,146,170,170,170,185,185,185,185,185,185,185,185,185,0,0,0,0,0,185,185,185,185,185,185,185,185,185,185,185,185,185,185,185,185,185,185,146,146,146,146,146,135,135,135,170,170,135,170,146,146,146,146,146,146,146,146,170,173,0,0,219,170,170,170,101,101,101,101,13,13,13,13,13,13,13,13,13,13,101,0,0,0,0,0,0,0,0,0,0,0,0,0,0,0,0,0,0,0,0,0,0,0,0,0,0,0,0,0,0,0,0,0,0,0,0,0,0,0,0,0,0,0,0,0,0,0,0,0
0,0,0,0,0,0,0,0,0,0,0,0,0,0,0,0,0,0,0,0,0,0,0,0,0,0,0,0,173,0,0,0,0,0,0,219,173,135,135,135,135,135,135,135,135,135,135,135,135,135,135,146,146,146,146,146,146,146,146,173,135,135,135,135,135,135,135,173,173,101,101,101,101,13,13,13,13,13,170,170,146,146,146,146,146,146,146,146,170,170,146,146,146,146,146,146,146,146,135,135,135,135,135,135,135,135,146,146,146,146,146,135,135,135,135,135,135,135,135,135,135,135,75,135,75,185,146,146,146,75,170,185,185,185,185,185,185,185,185,185,0,0,0,0,0,0,185,185,185,185,185,185,185,185,185,185,185,185,185,185,185,185,185,185,75,146,146,146,146,170,135,135,146,146,146,170,170,170,146,146,146,146,146,146,146,170,173,0,173,173,170,101,101,101,101,13,13,13,13,13,13,13,13,13,13,101,173,0,0,0,0,0,0,0,0,0,0,0,0,0,0,0,0,0,0,0,0,0,0,0,0,0,0,0,0,0,0,0,0,0,0,0,0,0,0,0,0,0,0,0,0,0,0,0,0,0
0,0,0,0,0,0,0,0,0,0,0,0,0,0,0,0,0,0,0,0,0,0,0,0,0,0,0,0,0,0,0,0,0,0,0,0,173,135,135,135,135,135,135,135,135,135,135,135,135,135,135,146,170,146,146,146,146,170,173,173,135,135,135,135,135,135,135,173,101,101,101,101,13,13,13,101,13,146,170,170,146,146,146,146,146,146,146,146,146,135,170,146,170,146,146,146,146,135,135,135,135,135,135,170,170,146,146,146,146,146,146,146,135,170,135,135,135,135,135,135,135,135,185,185,185,185,185,185,75,185,185,185,185,185,185,185,185,185,185,0,0,0,0,0,0,0,0,185,185,185,185,185,185,185,185,185,185,185,185,185,185,185,185,75,146,146,146,146,146,146,170,146,146,146,146,146,170,170,146,146,146,146,146,146,146,170,173,173,173,146,170,101,101,13,13,101,13,13,13,13,13,13,13,13,101,173,170,0,0,0,0,0,0,0,0,0,0,0,0,0,0,0,0,0,0,0,0,0,0,0,0,0,0,0,0,0,0,0,0,0,0,0,0,0,0,0,0,0,0,0,0,0,0,0,0,0
0,0,0,0,0,0,0,0,0,0,0,0,0,0,0,0,0,0,0,0,0,0,0,0,0,0,0,0,0,0,0,0,0,0,0,173,173,173,173,135,135,135,135,135,135,135,135,135,135,135,135,146,170,146,146,146,146,170,173,135,135,135,135,135,135,173,101,101,101,101,13,13,13,13,13,170,170,101,170,135,170,135,146,146,146,146,146,146,146,135,135,135,135,135,135,135,135,135,135,135,135,135,135,146,146,146,146,146,146,146,146,146,146,170,135,135,135,135,135,135,135,75,185,185,185,185,185,185,185,185,185,185,185,185,185,185,185,0,0,0,0,0,0,0,0,0,0,0,0,0,0,185,185,185,185,185,185,185,185,185,185,185,146,146,146,146,146,146,146,146,146,146,146,146,146,146,146,146,146,146,146,146,146,146,146,146,173,146,146,146,170,170,173,13,101,101,13,13,13,13,13,13,13,173,101,171,173,0,0,0,0,0,0,0,0,0,0,0,0,0,0,0,0,0,0,0,0,0,0,0,0,0,0,0,0,0,0,0,0,0,0,0,0,0,173,170,173,0,0,0,0,0,0,0,0,0
0,0,0,0,0,0,0,0,0,0,0,0,0,0,0,0,0,0,0,0,0,0,0,0,0,0,0,0,0,0,0,0,0,0,0,0,0,173,173,135,135,135,135,135,135,135,135,135,135,135,135,135,135,135,170,146,146,173,135,135,135,135,173,101,101,101,101,101,101,13,13,13,13,13,13,13,146,146,146,170,170,146,170,146,146,146,146,146,146,135,135,135,135,135,135,135,135,135,135,135,135,135,146,146,146,146,146,146,146,146,146,146,146,135,135,135,135,135,135,135,75,185,185,185,185,185,185,185,185,185,185,185,185,185,185,185,185,0,0,0,0,0,0,0,0,0,0,0,0,0,185,185,185,185,185,185,185,185,185,185,185,75,146,146,146,146,146,146,146,146,146,146,146,146,146,146,146,146,146,146,146,146,146,146,146,170,170,146,146,146,101,101,101,101,101,13,101,13,101,13,13,13,101,101,101,101,0,0,0,0,0,0,0,0,0,0,0,0,0,0,0,0,0,0,0,0,0,0,0,0,0,0,0,0,0,0,170,0,0,0,0,0,0,135,135,135,170,0,0,0,0,0,0,0,0,0
0,0,0,0,0,0,0,0,0,0,0,0,0,0,0,0,0,0,0,0,0,0,0,0,0,0,0,0,0,0,0,0,0,0,0,0,0,173,173,135,135,135,135,135,135,135,135,135,135,135,135,135,135,135,135,135,170,135,135,135,173,101,101,13,101,101,101,101,101,13,13,13,13,13,13,13,146,146,146,146,146,170,170,146,146,146,146,146,146,146,135,135,135,135,135,135,135,135,135,135,135,135,170,146,146,146,146,146,146,146,146,146,146,135,135,135,135,135,135,135,170,185,185,185,185,185,185,185,185,185,185,185,185,185,185,185,185,0,0,0,0,0,0,0,0,0,0,0,0,0,185,185,185,185,185,185,185,185,185,185,185,75,146,146,146,146,146,146,146,146,146,146,146,146,146,146,146,146,146,146,146,146,146,146,146,146,146,146,146,146,101,101,101,101,101,101,13,101,13,13,13,101,13,101,101,101,219,0,0,0,0,0,0,0,0,0,0,0,0,0,0,0,0,0,0,0,0,0,0,0,0,0,0,0,0,170,135,135,170,0,0,135,135,135,135,0,0,0,0,0,0,0,0,0,0,0
0,0,0,0,0,0,0,0,0,0,0,0,0,0,0,0,0,0,0,0,0,0,0,0,0,0,0,0,0,0,0,0,0,0,0,0,0,173,173,135,135,135,135,135,135,135,135,135,135,135,135,135,135,135,135,135,135,135,135,135,173,101,101,13,101,13,101,101,13,13,13,13,170,13,13,146,146,146,146,146,146,146,146,146,170,146,146,146,146,146,146,146,135,135,135,135,135,135,135,135,135,135,146,146,146,146,146,146,146,8,8,8,75,135,135,75,75,135,135,135,170,185,185,185,185,185,185,185,185,185,185,185,185,185,185,185,185,0,0,0,0,0,0,0,0,0,0,0,0,0,185,185,185,185,185,185,185,185,185,185,185,146,146,146,146,146,146,146,146,135,146,146,146,146,146,146,146,170,146,146,146,146,146,146,146,146,146,146,146,101,13,13,101,13,13,13,101,101,101,101,13,101,101,13,101,173,219,0,101,173,0,0,0,0,0,0,0,0,0,173,173,170,0,0,0,0,0,0,0,0,0,0,0,0,0,173,170,135,135,135,135,135,135,135,135,0,0,0,0,0,0,0,0,0,0,0
0,0,0,0,0,0,0,0,0,0,0,0,0,0,0,0,0,0,0,0,0,0,0,0,0,0,0,0,0,0,0,0,0,0,0,0,0,0,173,135,135,135,135,135,135,135,135,135,135,135,135,135,135,135,135,135,135,135,135,135,173,101,101,13,13,13,101,13,13,13,13,13,170,146,146,146,146,146,146,146,146,146,146,146,170,146,146,146,146,146,146,146,146,135,135,135,135,135,135,135,135,135,146,146,146,146,146,146,146,135,135,135,75,75,75,75,75,135,75,75,185,185,185,185,185,185,185,185,185,185,185,185,185,185,185,185,185,185,185,0,0,0,0,0,0,0,0,0,0,0,185,185,185,185,185,185,185,185,185,185,185,185,75,146,146,146,146,146,146,135,135,146,146,146,170,146,146,146,146,146,146,146,146,146,146,146,146,146,146,101,101,101,13,13,13,101,101,101,101,13,13,13,101,101,101,101,173,101,13,13,101,173,0,0,0,0,0,0,0,173,101,170,219,0,0,0,0,0,0,0,0,0,0,0,0,173,170,135,135,135,135,135,135,135,0,0,0,0,0,0,0,0,0,0,0,0
0,0,0,0,0,0,0,0,0,0,0,0,0,0,0,0,0,0,0,0,0,0,0,0,0,0,0,0,0,0,0,0,0,0,0,0,0,0,173,135,135,135,135,135,135,135,135,135,135,135,135,135,135,135,135,135,135,135,135,135,101,101,101,13,101,101,101,13,13,13,13,13,101,146,146,146,146,146,146,146,146,146,146,146,170,146,146,146,146,146,146,146,146,135,135,135,135,135,135,135,135,170,146,146,146,146,146,146,146,75,135,135,135,170,75,170,75,75,75,75,185,185,185,185,185,185,185,185,185,185,185,185,185,185,185,185,185,185,185,0,0,0,0,0,0,0,0,0,0,185,185,185,185,185,185,185,185,185,185,185,185,185,75,146,146,146,146,146,135,135,135,135,135,135,135,170,146,146,146,146,146,146,170,146,146,146,146,146,146,170,101,101,13,101,101,101,101,101,101,13,13,13,101,101,101,101,101,101,13,13,13,101,101,0,0,0,0,0,173,173,13,13,101,173,0,0,0,0,0,0,0,0,0,0,0,0,0,135,135,135,135,135,135,135,173,0,0,0,0,0,0,0,0,0,0,0
0,0,0,0,0,0,0,0,0,0,0,0,0,0,0,0,0,0,0,0,0,0,0,0,0,0,0,0,0,0,0,0,0,0,0,0,0,173,135,135,135,135,135,135,135,135,135,135,135,135,135,135,135,135,135,135,135,135,135,173,101,101,101,13,101,13,13,13,13,13,13,170,173,146,146,146,146,146,146,146,146,146,146,170,170,170,170,146,146,146,146,146,135,135,135,135,135,135,135,135,135,146,146,8,146,146,146,8,75,135,135,135,135,135,135,170,170,75,170,170,75,185,173,185,185,185,185,185,185,185,185,185,185,185,185,185,185,185,185,0,0,0,0,0,0,0,0,0,0,185,185,185,185,185,185,185,185,185,185,185,185,185,75,146,146,146,146,146,146,135,135,135,135,135,170,146,146,146,146,146,146,146,146,146,146,170,170,101,101,170,101,13,13,101,101,101,101,173,13,13,13,101,13,101,101,101,13,13,13,13,13,13,101,173,0,0,219,101,101,101,13,13,13,13,219,0,0,0,0,0,0,0,0,0,0,0,0,135,135,135,135,135,135,135,135,0,0,0,0,0,0,0,0,0,0,0
0,0,0,0,0,0,0,0,0,0,0,0,0,0,0,0,0,0,0,0,0,0,0,0,0,0,0,0,0,0,0,0,0,0,0,219,173,173,135,135,135,135,135,135,135,135,135,135,135,135,135,135,135,135,135,135,135,135,135,173,101,101,101,101,13,13,13,13,101,101,170,170,173,146,146,146,146,146,146,135,135,135,135,135,135,135,170,170,170,135,135,135,146,146,146,146,146,135,146,146,135,146,146,75,8,8,8,8,135,135,135,135,135,135,135,135,135,135,135,170,101,101,101,185,185,185,185,185,8,75,185,173,173,185,185,185,185,185,185,185,0,0,0,0,0,0,0,185,185,185,185,185,185,185,185,185,185,185,185,185,185,185,146,146,146,146,146,146,146,146,135,135,135,135,170,146,146,146,146,146,146,146,146,170,170,146,135,170,101,101,101,101,101,13,13,101,13,13,13,13,13,13,13,101,13,13,13,13,13,13,13,13,13,101,173,173,173,101,101,101,13,13,13,13,101,0,0,0,0,0,0,0,0,0,0,0,0,0,135,135,135,135,135,135,173,0,0,0,0,0,0,0,0,0,0,0
0,0,0,0,0,0,0,0,0,0,0,0,0,0,0,0,0,0,0,0,0,0,0,0,0,0,0,0,0,0,0,0,0,0,173,173,135,135,135,135,135,135,135,135,135,135,135,135,135,135,75,75,135,135,135,135,135,135,135,170,13,13,13,13,13,13,13,101,101,173,146,146,146,146,146,146,146,146,135,135,135,135,135,135,135,170,170,135,170,170,146,146,146,146,146,146,146,146,146,146,146,146,146,8,135,135,135,135,135,135,135,135,135,135,135,135,135,135,135,170,101,185,185,185,185,185,170,170,170,170,170,0,0,173,185,185,185,185,185,185,185,185,185,185,0,185,185,185,185,185,185,185,185,185,185,185,185,185,185,185,185,75,75,146,146,146,146,146,146,146,135,135,135,135,170,170,170,146,146,170,146,146,170,170,135,135,135,170,101,13,13,101,13,13,101,101,13,13,13,13,13,13,13,13,13,13,13,13,13,13,13,13,13,13,13,101,101,101,13,13,13,13,13,101,170,170,0,0,0,0,0,0,0,0,0,0,0,170,135,135,135,135,135,135,173,0,0,0,0,0,0,0,0,0,0,0
0,0,0,0,0,0,0,0,0,0,0,0,0,0,0,0,0,0,0,0,0,0,0,0,0,0,0,0,0,0,0,0,0,0,173,135,135,135,135,135,135,135,135,135,135,135,75,75,75,75,75,75,75,135,135,135,135,170,170,101,101,13,13,13,13,13,101,101,170,170,146,146,146,146,146,146,146,146,135,135,135,135,135,170,170,170,146,146,146,146,146,146,146,146,146,146,146,146,146,8,8,75,75,75,135,135,135,135,135,135,135,135,135,135,135,135,135,135,8,75,75,185,185,185,185,75,170,170,135,135,170,0,0,75,185,185,185,185,185,185,185,185,185,185,185,185,185,185,185,185,185,185,185,185,185,185,185,185,185,185,185,185,185,75,146,146,146,146,146,146,135,135,135,135,135,135,135,135,135,135,146,146,135,135,135,135,135,170,101,13,13,13,101,101,101,13,13,13,13,13,13,13,13,13,13,13,13,13,13,13,13,13,13,13,101,101,101,101,13,13,13,13,13,101,170,0,0,0,0,0,0,0,0,0,0,0,0,0,170,135,135,135,135,135,135,135,173,173,0,0,0,0,0,0,0,0
0,0,0,0,0,0,0,0,0,0,0,0,0,0,0,0,0,0,0,0,0,0,0,0,0,0,0,0,0,0,0,0,0,173,173,135,135,135,135,135,135,135,135,135,135,135,75,75,75,75,13,75,75,135,135,135,135,135,170,101,101,101,13,13,13,101,101,170,170,135,170,146,146,146,146,170,135,135,135,135,135,135,135,135,170,146,146,146,146,146,146,146,146,146,146,146,146,146,75,75,146,75,75,75,135,135,135,135,135,135,135,135,146,146,146,146,170,170,75,75,185,185,185,185,101,101,170,170,135,135,0,0,170,75,185,185,185,185,185,185,185,185,185,185,185,185,185,185,185,185,185,185,185,185,185,185,185,185,185,185,185,185,185,75,75,8,146,146,146,135,135,135,135,135,135,135,135,135,135,135,135,135,135,135,135,135,135,170,173,101,13,101,101,101,101,13,13,13,13,13,13,13,101,13,13,13,13,13,13,13,101,13,13,101,13,13,101,101,13,13,13,13,13,101,101,0,0,0,0,0,0,0,0,0,0,0,0,0,0,0,170,135,135,135,135,135,135,135,0,0,0,0,0,0,0,0
0,0,0,0,0,0,0,0,0,0,0,0,0,0,0,0,0,0,0,0,0,0,0,0,0,0,0,0,0,0,0,219,219,173,135,135,135,135,135,135,135,13,13,13,135,135,75,75,135,13,75,75,75,135,135,135,135,170,170,13,101,101,101,13,101,101,101,170,135,135,135,135,170,146,146,135,135,135,135,135,135,135,135,135,170,146,146,146,146,146,146,146,146,146,146,146,146,146,75,146,146,146,146,146,8,8,135,135,135,135,135,146,146,146,146,146,146,146,170,75,185,185,185,185,75,146,146,146,170,0,0,135,135,135,75,185,185,185,185,185,185,185,185,185,185,185,185,185,185,185,185,185,185,185,185,185,185,185,185,185,185,185,185,185,75,75,75,75,75,75,135,8,135,135,135,135,135,135,135,135,135,135,135,135,135,135,135,135,170,101,101,101,101,101,13,13,13,13,13,13,13,101,101,13,13,101,101,101,101,101,13,13,101,101,13,13,101,13,13,13,13,13,13,13,13,101,0,0,0,0,0,0,0,0,0,0,0,0,0,0,0,135,135,135,135,135,135,135,0,0,0,0,0,0,0,0
0,0,0,0,0,0,0,0,0,0,0,0,0,0,0,0,0,0,0,0,0,0,0,0,0,0,173,135,173,173,173,135,135,135,135,135,135,135,135,13,75,75,75,75,135,75,75,75,135,13,75,75,75,75,135,135,170,170,170,101,101,101,101,13,13,101,101,170,135,135,135,135,135,146,146,135,135,135,135,135,135,135,135,135,135,170,146,146,146,146,146,146,146,146,146,146,146,146,146,146,170,146,146,8,75,170,135,135,135,135,146,146,146,146,146,146,146,146,146,146,146,146,146,146,146,146,146,146,170,173,0,0,135,135,75,75,135,170,185,185,185,185,185,185,185,185,185,185,185,185,185,185,185,185,185,185,185,185,185,185,185,185,185,185,75,75,75,8,135,170,75,75,75,170,135,135,135,135,135,135,135,135,135,135,135,135,135,135,135,101,101,101,13,13,101,13,13,13,13,13,13,101,101,13,13,13,101,101,13,13,13,13,13,101,101,101,13,13,13,13,13,13,13,13,13,170,170,0,0,0,0,0,0,0,0,0,0,0,0,0,0,135,135,135,135,135,146,170,173,0,0,0,0,0,0,0
0,0,0,0,0,0,0,0,0,0,0,0,0,0,0,0,0,0,0,0,0,0,0,0,0,0,135,135,135,135,135,135,135,135,135,135,135,135,135,135,75,75,75,75,75,75,75,75,13,75,75,75,75,75,135,135,135,135,170,170,101,101,101,13,101,101,101,170,135,135,135,135,135,135,135,135,135,135,135,135,135,135,135,135,135,173,101,146,146,146,146,146,146,146,146,146,146,146,146,146,146,146,146,8,8,170,146,146,146,146,146,146,146,146,146,146,146,146,146,146,146,146,146,146,146,146,146,146,146,135,219,0,0,170,135,135,135,170,185,185,185,185,185,185,185,185,185,185,185,185,185,185,185,185,170,170,185,185,185,185,185,185,8,146,146,146,146,135,135,135,135,170,75,170,146,146,170,170,135,135,135,135,135,135,135,170,170,170,135,101,101,101,101,101,13,101,13,13,13,101,101,13,13,13,13,101,101,13,13,13,101,101,13,13,13,13,13,13,13,13,13,13,13,13,13,170,173,0,0,0,0,0,0,0,0,0,0,0,0,0,173,135,135,135,135,135,146,146,173,0,0,0,0,0,0,0
0,0,0,0,0,0,0,0,0,0,0,0,0,0,0,0,0,0,0,0,0,0,0,0,0,219,173,135,135,135,135,135,135,135,135,135,135,135,135,13,75,75,75,75,75,75,75,75,13,75,75,75,75,135,135,135,135,135,135,135,170,101,101,101,101,173,170,135,135,135,135,135,135,135,135,135,101,173,135,135,135,135,135,135,135,146,146,146,146,146,146,146,146,146,146,146,146,146,146,146,146,146,146,146,8,8,146,146,146,146,146,146,146,146,146,146,146,146,146,146,146,146,146,146,146,146,146,146,135,135,135,170,0,219,135,135,135,75,185,185,185,185,185,185,185,185,185,185,185,185,75,170,75,135,135,135,185,185,185,185,185,185,75,146,146,146,146,146,135,146,146,135,75,170,146,146,170,170,135,135,170,170,135,135,135,135,135,135,135,135,101,173,101,13,13,13,13,13,13,101,101,101,101,13,13,101,13,13,101,13,13,13,13,13,13,13,13,13,13,13,13,173,173,101,13,101,0,0,0,0,0,0,0,0,0,0,0,0,0,0,173,135,135,135,146,146,146,173,0,0,0,0,0,0,0,0
0,0,0,0,0,0,0,0,0,0,0,0,0,0,0,0,0,0,0,0,0,0,0,0,0,0,135,135,135,135,135,135,135,135,135,75,135,135,135,75,75,75,75,75,75,75,75,135,75,75,75,75,75,75,135,135,135,135,135,135,135,135,173,101,101,173,170,170,135,135,135,135,135,135,101,101,101,101,170,135,135,170,135,135,170,146,146,146,146,146,146,146,146,146,146,146,146,146,146,146,146,146,146,146,8,8,146,146,146,146,146,146,146,146,146,146,146,146,146,146,146,146,146,146,146,146,146,135,135,135,135,135,0,173,135,135,135,75,75,75,75,170,185,185,185,185,185,185,185,185,75,170,135,135,135,135,185,185,185,185,185,185,75,146,146,146,146,146,146,146,146,146,75,75,146,170,146,146,146,170,170,170,135,135,135,135,135,135,135,135,135,170,173,13,101,101,13,13,101,101,170,101,13,13,13,13,13,13,13,101,13,13,13,13,13,13,13,13,13,13,101,173,0,219,101,101,0,0,0,0,0,0,0,0,0,0,0,0,0,0,0,0,146,146,146,146,173,0,0,0,0,0,0,0,0,0
0,0,0,0,0,0,0,0,0,0,0,0,0,0,0,0,0,0,0,0,0,0,0,0,0,173,135,135,135,135,135,135,135,135,75,75,75,75,13,75,75,75,75,75,75,75,75,75,75,13,75,75,75,75,75,75,135,135,135,135,135,135,135,173,101,173,170,170,135,135,135,135,135,170,13,101,8,193,8,170,170,8,173,170,146,146,146,146,146,146,146,146,146,146,146,146,146,146,146,146,146,146,146,75,75,75,146,146,146,146,146,146,146,146,146,146,146,146,146,146,146,146,146,146,146,135,135,135,135,135,135,0,219,135,135,135,135,135,135,170,170,170,185,185,185,185,185,185,185,75,75,135,135,135,135,135,185,185,185,185,185,75,75,8,146,170,146,146,146,146,146,146,75,75,101,101,101,170,170,146,170,170,170,135,135,135,135,135,135,135,135,146,170,173,101,13,13,13,101,170,170,101,101,101,101,13,13,13,13,101,101,101,13,13,13,13,13,13,13,101,173,0,0,0,0,0,0,0,0,0,0,0,0,0,0,0,0,0,0,0,0,0,146,146,146,146,0,0,0,0,0,0,0,0,0,0
0,0,0,0,0,0,0,0,0,0,0,0,0,0,0,0,0,0,0,0,0,0,0,0,135,135,135,135,135,135,135,135,75,75,75,75,75,75,75,75,75,75,75,75,13,13,75,75,75,75,75,75,75,75,75,135,135,135,135,135,135,135,135,170,173,170,135,135,135,135,135,135,135,173,101,101,193,193,193,193,193,8,13,101,170,146,146,146,146,146,146,146,146,146,146,146,146,146,146,146,146,146,146,75,75,75,75,75,146,146,146,146,146,146,146,146,146,146,146,146,146,146,146,146,135,135,135,135,135,135,135,0,219,135,135,135,135,135,135,146,135,135,170,185,185,185,185,185,75,75,135,135,135,135,135,135,75,185,185,185,185,75,75,75,170,170,170,75,75,75,8,75,75,75,75,75,75,75,135,135,135,135,170,135,135,135,135,135,135,135,170,170,173,101,101,101,13,13,13,170,170,170,173,170,173,101,101,101,101,13,13,13,13,13,13,13,13,13,101,173,173,0,0,0,0,0,0,0,0,0,0,0,0,0,0,0,0,0,0,0,0,0,146,146,146,146,0,0,0,0,0,0,0,0,0,0
0,0,0,0,0,0,0,0,0,0,0,0,0,0,0,0,0,0,0,0,0,0,173,173,135,135,135,135,135,135,135,75,75,75,75,75,75,75,75,75,75,75,75,75,75,75,75,75,75,75,75,75,75,75,75,135,135,135,135,135,135,135,173,173,173,173,135,135,135,135,170,170,101,101,101,8,8,8,193,193,193,8,13,13,101,173,170,170,146,170,146,146,170,146,146,146,146,146,146,146,146,146,146,8,75,146,75,146,8,8,146,146,146,146,146,146,146,146,135,135,135,135,135,170,135,135,135,135,135,135,135,0,0,135,135,135,135,135,135,135,135,75,185,185,185,185,75,75,135,135,135,135,135,135,135,135,135,75,75,185,185,8,170,75,75,75,75,75,170,170,75,75,75,75,75,170,135,135,75,135,135,135,170,135,135,135,135,135,135,135,135,135,101,101,101,101,13,13,13,101,170,170,135,135,170,170,101,101,13,13,13,101,13,13,13,13,13,13,101,173,0,0,0,0,0,0,0,0,0,0,0,0,0,0,0,0,0,0,0,0,170,146,146,146,146,146,173,0,0,0,0,0,0,0,0,0
0,0,0,0,0,0,0,0,0,0,0,0,0,0,0,0,0,0,0,0,0,173,135,135,135,135,135,135,135,135,75,75,75,75,75,75,75,75,75,75,75,13,75,135,75,75,75,75,75,75,75,75,75,135,135,135,135,135,135,135,135,135,173,173,170,170,135,101,173,170,170,101,101,101,101,8,13,101,193,193,193,13,13,13,13,101,135,135,170,135,146,170,170,146,146,146,146,146,146,146,146,146,146,146,146,146,146,146,146,8,146,146,146,146,146,146,146,146,135,135,135,135,135,135,135,135,135,135,135,135,135,0,0,0,170,170,135,135,135,135,135,75,185,185,185,75,170,170,135,135,135,135,135,135,135,135,135,170,75,75,75,8,170,8,75,75,75,75,170,135,135,135,8,135,75,135,135,135,8,135,170,135,146,170,170,135,135,135,135,135,135,135,170,101,101,101,13,13,13,13,170,135,135,135,135,135,135,101,101,13,13,13,13,13,13,13,13,13,101,101,173,0,0,0,0,0,0,0,0,0,0,0,0,0,0,0,0,0,0,0,146,146,146,146,146,146,146,173,0,0,0,0,0,0,0,0
0,0,0,0,0,0,0,0,0,0,0,0,0,0,0,0,0,0,0,0,0,173,135,135,135,135,135,135,135,135,135,75,75,75,75,75,75,75,75,75,75,135,75,75,75,13,75,75,75,75,75,75,135,135,135,135,135,135,135,135,135,135,173,101,101,101,101,101,13,13,173,13,13,101,13,13,101,101,101,8,193,13,13,13,13,173,135,135,135,135,135,135,135,170,135,135,170,146,146,146,146,170,146,146,146,146,146,146,146,146,146,146,146,146,135,135,146,135,135,135,135,135,135,135,135,135,135,135,135,135,135,173,0,0,0,219,173,135,170,170,75,75,170,75,75,75,146,146,146,135,135,135,135,135,135,135,8,75,75,75,8,8,170,170,8,170,170,75,170,146,135,135,135,135,135,135,135,135,135,135,170,170,146,146,170,173,135,135,135,135,135,135,135,170,101,101,13,13,13,13,170,135,135,135,135,135,135,101,101,101,101,13,13,13,13,13,13,101,101,101,101,0,0,0,0,0,0,0,0,0,0,0,0,0,0,0,0,0,0,0,146,146,146,146,146,146,146,146,0,0,0,0,0,0,0,0
0,0,0,0,0,0,0,0,0,0,0,0,0,0,0,0,0,0,0,0,173,135,135,135,135,135,135,135,135,135,135,135,135,75,75,75,75,75,75,75,75,75,75,75,75,75,75,75,75,75,75,75,75,135,135,135,135,135,135,170,135,135,173,101,101,101,101,13,13,101,13,13,101,101,13,13,101,101,13,101,13,13,13,13,101,101,173,135,135,135,135,135,135,135,135,135,170,146,146,146,146,146,146,146,146,146,146,146,146,146,146,146,146,146,135,135,135,135,135,135,135,135,135,135,135,135,135,135,135,135,135,0,0,0,0,0,135,135,135,135,135,170,135,135,75,75,146,146,146,146,135,135,135,135,135,135,135,171,170,75,170,170,170,170,170,170,170,170,135,135,135,135,135,135,135,135,135,135,135,135,135,170,170,170,135,135,173,135,135,135,135,135,135,101,13,13,101,13,13,170,170,135,135,135,135,135,170,173,170,170,101,13,13,13,101,13,13,13,173,170,173,173,0,0,0,0,0,0,0,0,0,0,0,0,0,0,0,0,0,0,146,146,146,146,146,146,146,146,0,0,0,0,0,0,0,0
0,0,0,0,0,0,0,0,0,0,0,0,0,0,0,0,0,0,0,0,173,135,135,135,135,135,135,135,135,135,135,135,135,75,75,75,75,75,75,75,75,75,75,75,75,75,75,75,75,75,75,75,75,75,75,75,135,135,101,101,101,101,173,101,101,13,13,13,13,13,13,13,101,13,13,13,101,13,101,13,193,13,13,101,13,101,101,135,135,135,135,135,135,135,135,135,135,170,146,170,146,170,146,146,146,146,146,146,146,146,146,146,146,135,135,135,135,135,135,135,135,135,135,135,135,135,135,135,135,135,170,0,0,0,0,0,173,170,135,135,135,135,135,135,75,75,170,146,146,135,135,135,135,135,135,135,135,170,170,8,8,170,170,170,170,170,170,170,135,135,170,170,135,135,135,135,135,135,135,135,135,135,135,135,135,135,135,173,135,135,135,135,135,101,101,101,101,13,13,170,135,135,135,135,135,135,135,135,135,170,13,101,101,13,101,101,101,101,101,101,101,173,0,0,0,0,0,0,0,0,0,0,0,0,0,0,0,0,0,146,146,146,0,219,146,146,0,146,146,0,0,0,0,0,0,0
0,0,0,0,0,0,0,0,0,0,0,0,0,0,0,0,0,0,0,173,135,135,135,135,135,135,135,135,135,135,135,135,135,75,75,75,75,75,75,75,75,75,75,75,75,13,75,75,75,75,75,75,75,75,75,75,135,173,101,13,101,101,101,101,101,101,13,13,13,13,101,13,13,13,13,101,13,101,101,13,13,13,13,13,13,13,101,170,135,135,135,135,135,135,135,135,135,135,135,135,135,135,146,146,146,146,146,146,146,146,146,146,146,135,135,135,135,135,135,135,135,135,135,135,135,135,135,135,135,135,135,0,0,0,0,0,0,0,135,135,135,135,135,135,75,170,170,146,146,146,135,135,135,135,135,135,135,135,170,135,8,170,170,170,146,170,170,146,146,135,135,135,135,135,135,135,135,135,135,135,135,135,135,135,135,135,135,173,135,135,135,135,135,135,170,170,101,101,101,135,135,135,135,135,135,135,135,135,135,135,170,101,101,101,101,101,101,101,13,13,13,101,170,170,0,0,0,0,0,0,0,0,0,0,0,0,0,0,0,170,146,146,146,219,0,0,0,0,0,0,0,0,0,0,0,0
0,0,0,0,0,0,0,0,0,0,0,0,0,0,0,0,0,0,0,173,135,135,135,135,135,135,135,135,75,75,75,135,135,75,75,75,75,75,75,75,75,75,75,75,75,75,75,75,75,75,75,75,75,75,75,75,170,170,101,101,13,101,101,13,101,13,13,13,13,13,101,13,101,13,101,13,101,101,13,101,101,13,13,13,13,13,101,173,135,135,135,135,135,135,135,135,135,135,135,146,146,146,146,146,146,146,146,146,170,135,135,135,146,146,146,135,135,135,135,135,135,135,135,135,135,135,135,135,173,135,173,219,0,0,0,0,0,0,173,135,135,135,135,135,75,170,170,146,135,170,146,135,135,135,135,135,135,135,135,135,135,135,170,146,146,146,146,146,146,146,135,135,135,135,146,135,135,146,135,135,135,135,135,135,135,135,135,135,135,135,135,135,135,135,135,135,135,170,135,135,135,135,135,135,135,135,135,135,135,135,135,135,135,170,170,101,13,101,13,13,13,101,170,170,173,0,0,0,0,0,0,0,0,0,0,0,0,0,0,0,146,146,146,146,171,0,0,0,0,0,0,0,0,0,0,0
0,0,0,0,0,0,0,0,0,0,0,0,0,0,0,0,0,0,172,173,135,135,135,135,135,135,135,135,75,75,75,75,75,75,75,75,75,75,75,75,75,75,75,13,75,75,75,75,75,75,75,75,75,75,75,75,75,135,170,101,101,101,13,13,13,13,13,101,101,101,101,101,101,101,101,101,13,13,13,13,101,13,13,13,13,13,13,173,135,135,135,135,135,135,135,135,135,135,135,135,146,146,146,146,146,146,146,146,170,135,135,135,135,135,146,135,135,135,135,135,135,135,135,135,135,135,135,173,219,173,0,0,0,0,0,0,0,173,135,135,135,135,135,135,75,75,135,135,135,135,146,146,135,146,135,135,135,135,135,135,135,135,170,146,146,146,146,146,146,146,135,135,135,146,146,146,146,146,146,135,135,135,135,135,135,135,135,135,135,135,135,135,135,135,135,135,135,135,135,135,135,135,135,170,170,170,135,135,135,135,135,135,135,135,170,101,13,13,13,13,13,101,170,170,173,0,0,0,0,0,0,0,0,0,0,0,0,0,0,219,146,146,146,146,0,0,0,0,0,0,0,0,0,0,0,0
0,0,0,0,0,0,0,0,0,0,0,0,0,0,0,0,0,0,173,135,135,135,135,135,135,135,135,135,75,75,75,75,75,75,75,75,75,75,75,75,75,75,75,75,75,75,75,75,75,75,75,75,75,75,75,75,75,135,170,101,101,13,13,13,101,13,13,101,101,101,173,173,173,173,101,101,101,101,101,101,13,13,13,13,13,13,13,101,135,146,135,135,135,135,135,135,135,135,135,135,135,135,135,170,170,146,146,146,146,135,135,135,135,135,146,135,135,135,135,135,135,135,135,135,135,135,135,173,0,0,0,0,0,0,0,0,0,135,135,135,135,135,135,135,170,75,135,135,135,135,135,146,135,135,135,135,135,135,135,135,135,135,135,170,146,146,146,146,146,135,135,135,135,146,146,146,146,146,146,135,135,135,135,135,135,135,173,135,135,170,170,135,135,135,135,135,135,135,135,170,170,170,170,170,146,170,146,170,170,170,135,135,135,135,170,101,13,101,13,13,13,101,173,101,170,173,0,0,0,0,0,0,0,0,0,0,0,0,0,146,146,146,146,0,0,0,0,0,0,0,0,0,0,0,0,0
0,0,0,0,0,0,0,0,0,0,0,0,0,0,0,0,0,0,173,135,135,135,135,135,135,135,135,135,75,75,75,75,75,75,75,75,75,75,75,75,75,75,13,75,75,75,75,75,75,75,75,75,75,75,75,75,135,135,101,13,13,13,13,101,13,13,101,101,173,173,173,0,173,170,170,101,101,101,101,101,13,13,13,13,13,101,173,173,146,146,170,170,173,170,135,135,135,135,135,135,135,135,135,135,135,146,146,146,135,170,135,135,135,146,146,135,135,135,135,135,135,135,135,135,135,135,135,173,0,0,0,0,0,0,0,0,0,173,135,135,135,135,135,135,135,135,8,135,135,135,135,135,135,170,146,135,135,135,135,135,135,135,135,135,146,146,146,146,146,146,146,135,135,146,146,146,146,146,146,135,135,135,135,135,135,135,135,135,135,135,135,170,135,135,135,135,135,135,135,135,135,135,146,146,170,146,146,146,173,173,170,135,170,170,170,170,101,13,13,13,101,173,101,101,170,173,173,0,0,219,0,0,0,0,0,0,0,0,0,170,0,0,0,0,0,0,0,0,0,0,0,0,0,0,0,0
0,0,0,0,0,0,0,0,0,0,0,0,0,0,0,0,0,0,219,135,135,135,135,135,135,135,135,135,75,75,75,75,75,75,75,75,75,75,75,75,75,75,75,75,75,75,75,75,75,75,75,75,75,75,75,75,135,135,135,101,13,13,101,101,101,13,101,173,173,0,0,0,219,173,173,101,101,101,101,101,13,13,13,13,13,13,101,173,146,146,146,173,173,146,146,173,135,135,135,135,135,135,135,135,135,146,146,173,170,135,135,135,135,135,135,135,135,135,135,135,135,135,135,135,135,135,135,0,0,0,0,0,0,0,0,0,173,135,135,135,170,170,170,170,135,135,135,135,135,135,135,135,170,146,146,146,135,135,135,135,135,135,135,135,146,170,146,146,146,146,146,146,146,146,146,146,146,146,146,135,135,135,135,135,135,135,135,135,135,135,135,135,135,135,135,135,135,135,135,135,135,170,135,135,135,135,146,146,146,146,135,170,170,170,170,170,101,13,13,13,101,173,170,101,173,219,170,170,170,170,0,0,0,0,0,0,0,0,0,0,0,0,0,0,0,0,0,0,0,0,0,0,0,0,0,0
0,0,0,0,0,0,0,0,0,0,0,0,0,0,0,0,0,0,219,173,135,135,135,135,75,75,75,75,75,75,75,75,75,101,75,13,75,75,75,75,75,75,75,75,75,75,75,75,75,75,75,75,75,75,75,75,135,135,135,135,170,170,8,173,173,101,173,173,0,0,0,0,0,173,173,101,101,13,13,101,13,13,13,13,13,13,101,173,146,146,146,146,146,146,146,173,170,170,135,170,135,135,135,135,135,135,146,173,135,135,135,135,135,135,135,135,135,135,135,135,135,135,135,135,135,135,135,135,135,173,0,0,0,0,0,0,0,219,135,170,170,170,135,135,135,135,135,135,135,135,170,146,146,146,146,146,146,135,135,135,135,135,135,135,146,146,146,146,146,146,146,146,146,146,146,146,135,135,146,135,170,146,135,135,135,135,135,135,135,135,135,135,135,135,135,135,135,135,135,135,135,135,135,135,135,135,135,146,146,146,135,135,135,135,135,135,101,13,13,13,101,101,173,173,171,219,170,170,170,0,0,0,0,0,0,0,0,0,0,0,0,0,0,0,0,0,0,0,0,0,0,0,0,0,0,0
0,0,0,0,0,0,0,0,0,0,0,0,0,0,0,0,0,173,173,135,135,135,135,75,75,75,75,75,75,75,75,75,75,75,75,75,13,75,75,75,75,75,75,75,75,75,75,75,75,75,75,75,75,75,75,75,75,75,135,135,75,75,75,75,173,173,173,0,0,0,0,0,0,173,173,101,101,101,101,13,13,13,13,13,101,101,101,146,146,146,146,146,146,146,146,146,170,170,170,170,170,135,135,135,135,146,146,170,135,135,135,135,135,135,135,135,135,135,135,135,135,135,146,135,135,135,135,135,135,135,173,0,0,0,0,0,0,0,0,0,170,170,135,135,135,135,135,135,135,135,146,146,146,146,146,146,170,135,135,135,135,135,135,135,170,146,146,146,146,146,146,146,146,146,170,135,146,146,146,146,146,170,135,135,135,135,135,135,135,135,135,135,135,135,135,135,135,135,135,135,135,135,135,135,135,135,146,135,135,135,135,135,135,135,135,135,135,101,13,101,13,13,101,170,219,0,0,0,0,0,0,0,0,0,0,0,0,0,0,0,0,0,0,0,0,0,0,0,0,0,0,0,0,0,0,0
0,0,0,0,0,0,0,0,0,0,0,0,0,0,0,0,0,135,135,135,135,135,135,75,75,75,75,75,75,75,13,75,75,75,75,75,13,75,75,75,75,13,75,75,75,75,13,13,13,75,75,75,75,75,75,75,75,75,101,75,75,75,75,75,75,173,173,0,0,0,0,0,173,8,101,101,13,13,101,13,13,101,13,13,13,173,146,146,146,146,146,146,146,146,146,146,173,135,135,135,135,135,135,135,135,135,170,135,135,135,135,135,135,135,135,135,135,135,135,135,135,135,135,135,135,135,135,135,135,135,173,0,0,0,0,0,0,0,0,0,0,135,135,135,135,135,135,135,135,135,170,146,146,146,146,146,146,170,135,135,135,135,135,146,146,146,146,146,146,146,146,146,146,146,146,146,146,146,146,146,146,146,135,135,135,135,135,135,135,135,135,135,135,135,135,135,135,135,135,135,135,135,135,135,135,135,146,135,135,135,135,135,135,135,135,135,135,101,13,101,13,13,13,101,101,219,0,0,0,0,0,0,0,0,0,0,0,0,0,0,0,0,0,0,0,0,0,0,0,0,0,0,0,0,0,0
0,0,0,0,0,0,0,0,0,0,0,0,0,0,0,0,173,135,135,135,135,135,135,75,75,75,75,75,75,75,75,75,75,75,75,75,75,75,75,75,75,13,13,13,13,13,13,75,75,13,13,13,75,75,75,75,75,75,75,75,75,75,75,75,75,173,173,0,0,0,0,0,0,173,8,13,13,101,13,13,13,13,13,13,13,101,146,146,146,146,146,146,146,146,146,146,170,170,135,135,135,135,135,135,135,135,135,135,135,135,135,135,135,135,135,135,135,135,135,135,135,135,135,135,135,135,135,135,135,135,173,173,219,0,0,0,0,0,0,0,0,135,135,135,135,135,135,135,135,135,146,146,146,146,146,146,146,135,135,135,135,135,146,146,146,146,146,146,146,146,170,146,146,146,146,146,146,146,146,146,146,146,170,146,170,135,135,135,135,135,135,135,135,135,135,135,135,135,135,135,135,135,135,135,135,135,135,135,135,135,0,135,135,135,135,135,135,101,101,101,101,13,13,101,101,101,173,0,0,0,0,0,0,0,0,0,0,0,0,0,0,0,0,0,0,0,0,0,0,0,0,0,0,0,0,0
0,0,0,0,0,0,0,0,0,0,0,0,0,0,0,0,219,135,135,135,135,135,135,135,75,75,75,75,75,75,75,75,75,75,75,75,75,75,13,13,135,135,135,135,13,13,75,75,75,75,75,75,75,75,75,75,75,75,75,75,75,75,75,75,173,219,0,0,0,0,0,0,0,173,101,13,101,13,13,13,13,13,13,13,13,13,101,146,146,146,146,146,146,146,146,146,146,170,170,170,135,135,135,135,135,135,135,135,135,135,135,135,135,135,135,135,135,135,135,135,135,135,135,135,135,135,135,135,135,135,135,135,135,0,0,0,0,0,0,0,0,135,135,135,135,135,146,170,146,146,146,146,146,146,146,146,135,135,170,170,135,170,146,146,146,146,146,146,146,146,170,146,146,146,146,146,146,146,146,146,146,146,146,146,146,135,135,135,135,135,135,135,135,135,135,135,135,135,135,135,135,135,135,135,135,0,170,135,135,170,0,0,135,135,135,135,135,170,101,101,101,13,13,101,13,101,101,0,0,0,0,0,0,0,0,0,0,0,0,0,0,0,0,0,0,0,0,0,0,0,0,0,0,0,0,0
0,0,0,0,0,0,0,0,0,0,0,0,0,0,0,170,173,135,135,135,135,135,135,135,135,135,135,135,75,75,75,75,75,75,75,75,75,75,13,135,135,13,13,135,135,13,75,75,75,75,75,75,75,75,75,75,75,75,75,75,75,75,75,75,8,173,0,0,0,0,0,0,0,173,101,101,101,13,13,13,13,13,13,13,13,13,13,146,146,146,146,146,146,146,146,146,146,170,135,135,135,135,135,135,135,135,135,135,135,135,135,135,135,135,135,135,135,135,135,135,135,135,135,135,135,135,135,135,135,135,135,135,135,0,0,0,0,0,0,0,0,170,135,135,135,146,146,146,146,146,146,146,146,146,146,146,135,146,146,146,146,146,146,146,146,146,146,146,146,146,146,146,146,146,146,146,146,146,146,146,146,146,146,146,146,146,170,135,135,135,135,135,135,135,135,135,135,135,135,135,170,135,135,135,0,0,0,173,135,170,170,171,135,135,135,135,135,135,101,101,13,13,101,13,13,13,101,101,173,219,173,219,0,0,0,0,0,0,0,0,0,0,0,0,0,0,0,0,0,0,0,0,0,0,0,0
0,0,0,0,0,0,0,0,0,0,0,0,0,0,0,135,135,170,173,135,135,135,135,135,135,135,135,135,135,75,75,75,75,75,75,75,75,13,13,135,13,75,75,13,135,13,75,75,75,75,75,75,75,75,75,75,75,75,75,75,75,75,75,75,75,173,173,0,0,0,0,0,0,173,101,101,13,13,13,13,13,101,101,13,13,13,13,146,146,146,146,146,146,146,146,146,170,170,135,135,135,170,135,135,135,135,135,135,135,135,135,135,135,135,135,135,135,135,135,135,135,135,135,135,135,135,135,0,0,0,173,0,135,0,0,0,0,0,0,0,0,135,135,135,170,146,146,146,170,146,146,146,146,146,146,146,170,146,146,146,146,146,146,146,146,146,146,146,146,146,146,146,146,170,146,146,146,146,146,146,146,146,146,146,146,146,170,135,135,135,135,135,135,135,135,135,135,135,135,135,135,135,135,0,0,0,0,135,135,135,170,0,0,135,135,135,135,135,135,101,13,101,101,13,13,13,13,13,101,101,170,170,170,219,0,0,0,0,0,0,0,0,0,0,0,0,0,0,0,0,0,0,0,0,0,0
0,0,0,0,0,0,0,0,0,0,0,0,0,0,0,0,0,173,219,173,135,135,135,135,135,135,135,135,135,135,75,75,75,75,75,75,75,75,75,135,13,75,75,75,135,135,75,75,75,75,75,75,75,75,75,75,75,75,75,75,75,219,219,173,173,0,0,0,0,0,0,0,0,0,219,173,101,13,13,13,13,13,101,13,13,13,13,101,101,146,146,146,146,146,146,170,135,135,135,135,135,135,135,135,135,135,135,135,135,135,135,135,135,135,135,135,135,135,135,135,135,135,135,135,135,135,173,0,0,0,0,0,170,0,0,0,0,0,0,0,219,135,135,135,170,170,146,146,146,170,170,146,146,146,146,146,170,146,146,146,146,146,146,146,146,146,146,146,146,146,146,146,146,170,170,146,146,146,146,146,146,146,146,146,146,146,135,135,135,135,135,135,135,135,135,135,135,135,135,135,135,135,135,0,0,0,135,135,135,135,135,8,219,135,135,135,135,170,101,101,101,101,13,13,13,101,13,13,13,13,101,170,170,170,170,173,0,219,0,0,0,0,0,0,0,0,0,0,0,0,0,0,0,0,0,0
0,0,0,0,0,0,0,0,0,0,0,0,0,0,0,0,0,0,0,0,219,173,135,135,135,135,135,135,135,75,75,75,75,75,75,75,75,75,13,13,135,75,75,75,135,13,13,13,75,75,75,75,75,75,75,75,75,75,75,75,0,0,0,0,0,0,0,0,0,0,0,0,0,0,0,171,173,101,101,101,101,13,101,101,13,13,13,101,101,13,101,146,146,146,146,170,135,135,135,135,135,135,135,135,135,170,135,135,135,135,135,135,135,135,135,135,135,135,135,135,135,135,135,135,135,173,0,0,0,0,0,0,8,0,0,0,0,0,0,0,0,135,135,135,135,170,146,146,146,146,146,146,146,146,146,146,146,146,146,146,146,146,146,146,146,146,146,146,146,146,146,146,146,146,146,146,146,146,146,146,173,170,146,146,173,170,135,135,135,135,135,135,135,135,135,135,135,135,135,135,135,135,135,170,0,0,135,135,135,135,135,0,0,135,135,135,135,170,101,101,101,101,13,101,101,13,13,13,13,13,101,173,135,146,135,0,0,173,0,0,0,0,0,0,0,0,0,0,0,0,0,0,0,0,0,0
0,0,0,0,0,0,0,0,0,0,0,0,0,0,0,0,0,0,0,0,0,173,135,135,135,135,135,135,135,75,75,75,75,75,75,75,75,75,75,13,135,135,135,135,13,13,13,75,75,75,75,75,75,75,75,75,75,75,0,0,0,0,0,0,0,0,0,0,0,0,0,0,0,0,0,0,173,101,101,13,101,101,101,13,13,13,13,13,13,13,13,146,146,146,146,170,135,135,135,135,135,135,135,135,135,170,135,135,135,135,135,135,135,135,135,135,135,135,135,135,135,135,135,135,135,173,0,0,0,0,0,170,170,170,170,0,0,0,0,173,173,173,135,135,135,170,135,135,135,146,146,146,146,146,146,146,146,146,146,146,146,146,146,146,146,146,146,146,146,146,146,146,146,146,146,146,146,170,135,170,135,135,170,170,135,135,135,135,135,135,135,135,135,135,135,135,135,135,135,135,135,135,135,135,135,135,135,135,135,135,135,170,0,135,135,135,135,135,170,101,101,101,13,101,101,13,13,13,13,101,101,170,135,170,0,0,0,171,170,171,0,0,0,0,0,0,0,0,0,0,0,0,0,0,0,0
0,0,0,0,0,0,0,0,0,0,0,0,0,0,0,0,0,0,0,0,0,173,135,135,135,135,135,135,135,75,75,75,75,75,75,75,75,75,75,13,13,75,135,135,13,13,13,75,13,75,75,75,75,75,75,75,75,75,219,0,0,0,0,0,0,0,0,0,0,0,0,0,0,0,0,0,173,101,13,101,101,101,101,13,13,13,13,13,13,13,146,146,146,146,170,135,135,135,135,135,135,135,135,135,135,135,135,135,135,135,135,135,135,135,135,135,135,135,135,135,135,135,173,0,0,0,0,0,0,219,170,135,170,170,135,219,0,0,135,135,135,171,0,170,170,135,135,135,135,146,146,146,146,146,146,146,170,170,146,135,146,146,146,146,146,146,146,146,146,146,146,146,146,146,173,170,135,135,135,135,135,135,135,135,135,135,135,135,135,135,135,135,135,135,135,135,135,135,135,135,135,135,135,135,135,135,135,135,135,135,135,135,135,135,135,135,135,135,135,170,101,101,101,13,101,13,13,13,13,101,101,135,135,170,0,0,0,0,0,0,0,0,0,0,0,0,0,0,0,0,0,0,0,0,0,0
0,0,0,0,0,0,0,0,0,0,0,0,0,0,0,0,0,0,0,0,173,173,135,135,135,135,135,135,75,75,75,75,75,13,75,75,75,75,75,75,75,75,75,135,13,13,13,75,75,75,75,75,75,75,75,75,75,0,0,0,0,0,0,0,0,0,0,0,0,0,0,0,0,0,0,0,173,101,101,101,101,13,13,13,13,13,13,13,13,13,13,146,146,170,135,135,135,135,135,135,135,135,135,135,135,135,135,135,135,135,135,135,135,135,135,135,135,135,135,135,135,173,0,0,0,0,0,0,219,173,170,135,170,135,135,135,173,173,135,135,135,135,0,173,0,135,135,135,135,146,146,146,146,146,146,146,146,135,135,135,146,170,146,146,146,146,146,146,146,146,146,146,146,146,170,135,135,135,135,135,135,135,135,135,135,135,135,135,135,135,135,135,135,135,135,135,135,135,135,135,135,135,135,135,135,135,135,135,135,135,135,135,135,135,135,135,135,170,170,170,101,101,101,13,13,13,13,13,13,13,13,170,135,135,170,219,0,0,0,0,0,0,0,0,0,0,0,0,0,0,0,0,0,0,0,0
0,0,0,0,0,0,0,0,0,0,0,0,0,0,0,0,0,0,0,0,135,135,135,135,135,135,135,135,75,75,75,75,75,75,75,75,75,75,75,75,75,75,13,135,75,13,75,13,75,75,75,75,75,75,75,75,219,0,0,8,75,75,0,0,0,0,0,0,0,0,0,0,0,0,0,219,173,101,13,13,13,13,13,13,13,13,13,13,13,13,13,13,170,135,135,135,135,135,135,135,135,135,135,135,135,135,135,135,135,135,135,135,135,135,135,135,135,135,135,135,135,173,0,0,0,0,0,173,135,135,135,135,135,135,135,135,135,135,135,135,135,135,0,0,0,173,135,135,135,135,135,135,146,146,146,146,170,135,135,135,135,170,146,146,146,146,146,146,146,146,146,146,146,146,170,135,135,135,135,135,135,135,135,135,135,135,135,135,135,135,135,135,135,135,135,135,135,135,135,135,135,135,135,135,135,135,135,135,135,135,135,135,135,135,135,135,170,101,101,101,101,101,13,101,13,13,13,13,13,13,13,101,135,135,135,135,170,0,0,0,0,0,0,0,0,0,0,0,0,0,0,0,0,0,0,0
0,0,0,0,0,0,0,0,0,0,0,0,0,0,0,0,0,0,0,173,135,135,135,135,135,135,135,75,75,75,75,75,75,13,75,75,75,75,75,75,75,13,13,13,135,13,75,75,75,75,75,75,75,75,75,75,75,75,219,75,75,75,0,0,0,0,0,0,0,0,0,0,0,0,173,173,101,101,101,13,13,13,170,170,101,13,13,13,13,13,13,13,170,135,135,135,135,135,135,135,135,135,135,135,135,135,135,135,135,135,135,135,135,135,135,135,135,135,135,135,135,173,0,0,0,0,173,135,135,135,135,135,135,135,135,135,135,135,135,135,135,135,173,0,0,173,135,135,135,135,135,135,135,135,135,135,135,135,135,135,135,146,146,146,146,146,146,146,146,146,146,146,146,146,170,173,135,135,135,135,135,135,135,135,135,135,135,135,135,135,135,135,135,135,135,135,135,135,135,135,135,135,135,135,135,135,135,135,135,135,135,135,135,135,135,170,170,170,101,101,13,13,13,13,13,13,13,13,13,13,13,13,101,170,135,135,135,170,173,173,0,0,0,0,0,0,0,0,0,0,0,0,0,0,0,0
0,0,0,0,0,0,0,0,0,0,0,0,0,0,0,0,0,0,0,173,135,135,135,135,135,75,75,75,75,75,75,75,75,75,75,75,75,75,75,75,75,13,75,75,13,75,75,75,75,75,75,13,75,75,75,75,75,75,75,75,75,75,8,8,173,0,0,0,0,0,0,0,219,173,173,101,13,13,13,13,101,173,135,135,135,101,101,13,13,13,101,101,135,135,135,135,135,135,135,135,135,135,135,135,135,135,135,135,135,135,135,135,135,135,135,135,135,135,135,135,173,0,0,0,0,0,0,135,135,135,135,135,135,135,135,135,135,135,135,135,135,173,0,0,0,0,173,135,135,135,135,135,135,135,135,135,135,135,135,135,135,146,146,146,146,146,146,146,146,170,146,146,170,170,173,170,135,135,135,135,135,135,135,135,135,135,135,135,135,173,173,170,135,135,135,135,135,135,135,135,135,135,135,135,135,135,135,135,135,135,135,135,135,135,170,173,170,170,170,170,101,101,13,13,13,13,13,13,13,13,13,13,13,101,170,135,146,170,173,170,0,0,0,0,0,0,0,0,0,0,0,0,0,0,0,0
0,0,0,0,0,0,0,0,0,0,0,0,0,0,0,0,0,0,0,0,173,135,135,135,135,135,135,75,75,75,75,75,75,75,75,75,75,75,75,75,75,75,75,75,13,135,75,75,75,75,75,75,75,75,75,75,75,75,75,75,75,75,75,75,75,75,75,173,0,0,0,173,173,170,170,101,13,101,101,13,170,135,135,135,135,101,13,13,13,101,170,135,135,135,135,135,135,135,135,135,135,135,135,135,135,135,135,135,135,135,135,135,135,135,135,135,135,135,135,135,173,0,0,0,0,0,0,135,135,135,135,135,135,135,135,135,135,135,135,135,135,135,0,0,0,0,0,135,135,135,135,135,135,135,135,135,135,135,135,135,135,173,170,170,146,146,146,146,146,135,135,135,135,135,170,135,135,135,135,135,135,135,135,135,135,135,173,0,173,173,173,173,135,135,135,135,135,135,135,135,135,135,135,135,135,135,135,135,135,135,135,135,173,0,173,0,0,170,135,135,135,101,101,13,13,13,13,13,101,101,13,13,13,13,101,101,170,135,135,135,0,0,0,0,0,0,0,0,0,0,0,0,0,0,0,0
0,0,0,0,0,0,0,0,0,0,0,0,0,0,0,0,0,0,0,173,135,135,135,135,135,135,135,75,75,75,75,75,75,75,75,75,75,75,75,75,75,75,75,75,13,13,75,75,75,75,75,75,75,75,75,75,75,75,75,75,75,75,75,75,75,75,8,0,0,0,0,173,173,173,170,146,170,173,101,101,135,135,135,135,170,101,101,13,13,170,135,135,135,135,135,135,135,135,135,135,135,135,135,135,135,135,135,135,135,135,135,135,135,135,135,135,135,135,135,135,173,170,173,0,0,0,0,173,135,135,135,135,135,135,135,135,135,135,135,135,135,135,219,0,0,0,0,173,135,135,135,135,135,135,135,135,135,135,135,135,135,135,135,135,135,135,170,135,135,135,135,135,135,135,135,135,135,135,135,135,135,135,135,135,135,170,0,0,0,173,173,173,170,135,135,135,135,135,135,135,135,135,135,135,135,135,135,135,170,170,135,135,0,0,0,0,0,173,170,135,135,170,101,101,101,135,101,135,135,13,13,13,13,13,13,101,170,135,170,0,0,0,0,0,0,0,0,0,0,0,0,0,0,0,0,0
0,0,0,0,0,0,0,0,0,0,0,0,0,0,0,0,0,0,173,135,135,135,135,135,135,135,75,75,75,75,75,75,75,75,75,75,75,75,13,75,75,75,75,75,75,75,75,75,75,75,75,75,75,75,75,75,75,75,75,75,75,75,75,75,75,75,8,0,0,0,0,0,0,0,173,146,170,135,135,135,135,135,135,135,135,173,170,101,170,135,135,135,135,135,135,135,135,135,135,135,135,135,135,135,135,135,135,135,135,135,135,135,135,135,135,135,135,135,173,135,170,135,135,135,173,0,0,0,0,219,170,13,101,173,135,135,135,135,135,135,135,0,0,0,0,0,0,135,135,135,135,135,135,135,135,135,135,135,135,135,135,135,135,135,135,135,135,135,135,135,135,135,135,135,135,135,135,135,135,135,135,135,135,135,173,219,0,0,0,0,0,0,170,135,135,135,135,135,135,135,135,135,135,135,135,135,173,135,173,0,173,173,0,0,0,0,0,173,170,170,135,135,170,170,135,135,135,135,135,135,101,101,13,13,13,101,135,135,173,0,0,0,0,0,0,0,0,0,0,0,0,0,0,0,0,0
0,0,0,0,0,0,0,0,0,0,0,0,0,0,0,0,0,0,173,135,135,135,135,135,135,135,75,75,75,75,75,75,75,75,75,75,75,75,75,75,75,75,75,75,13,75,75,75,75,75,75,75,75,75,75,75,75,75,75,75,75,75,75,75,75,75,173,0,0,0,0,0,0,0,0,173,135,135,135,135,135,135,135,135,135,135,135,135,135,135,135,135,135,135,135,135,135,170,135,135,135,135,135,135,135,135,135,135,135,135,135,135,135,135,135,135,135,135,173,173,135,135,135,135,135,0,0,0,173,173,101,101,13,173,135,135,135,135,135,135,173,173,0,0,173,135,135,135,135,135,135,135,135,135,135,135,135,135,135,135,135,135,135,135,135,135,135,135,135,135,135,135,135,135,135,135,135,135,135,135,135,135,135,135,0,0,0,0,0,0,0,0,219,170,135,135,135,135,135,135,135,135,135,135,135,173,0,0,0,0,0,0,0,0,0,0,0,173,170,170,135,135,135,135,135,135,135,135,135,135,101,101,101,13,13,101,170,170,173,0,0,0,0,0,0,0,0,0,0,0,0,0,0,0,0,0
0,0,0,0,0,0,0,0,0,0,0,0,0,0,0,0,0,219,135,135,135,135,135,75,75,75,75,75,75,75,75,75,75,75,13,75,75,75,75,75,75,75,75,75,75,75,75,75,75,75,75,75,75,75,75,75,75,75,75,75,75,75,75,173,173,0,0,0,0,0,0,0,0,0,0,173,135,135,135,135,135,135,135,135,135,135,135,135,135,135,135,135,135,135,135,135,135,135,135,135,135,135,135,135,135,135,135,135,135,135,135,135,135,135,135,135,135,135,135,135,135,135,135,135,135,173,0,173,135,135,101,101,13,13,101,135,135,135,135,173,173,135,173,173,135,135,135,135,135,135,135,135,135,135,135,135,135,135,135,135,135,135,135,135,135,135,135,135,135,135,135,135,135,135,135,135,135,135,135,135,135,135,135,173,0,0,0,0,0,0,0,0,0,0,135,135,135,170,135,135,135,135,135,135,135,0,0,0,0,0,0,0,0,0,0,0,0,0,0,170,135,135,135,135,135,135,135,135,135,135,135,170,101,13,13,13,170,170,170,0,0,0,0,0,0,0,0,0,0,0,0,0,0,0,0,0
0,0,0,0,0,0,0,0,0,0,0,0,0,173,0,0,173,173,135,135,135,135,135,75,75,75,75,75,75,75,75,75,75,75,135,75,75,75,75,75,75,75,75,75,75,13,75,75,75,75,75,75,75,75,75,75,75,75,75,75,75,75,75,173,0,0,0,0,0,0,0,0,0,0,0,173,135,135,135,135,135,135,135,135,135,135,135,135,135,135,135,135,135,135,135,135,173,170,135,135,135,135,135,135,135,135,135,135,135,135,135,135,135,135,135,135,135,135,135,135,135,135,135,135,135,135,135,135,135,135,101,13,13,13,13,135,135,135,135,135,135,135,135,135,135,135,135,135,135,135,135,135,135,135,135,135,135,135,135,135,135,135,135,135,135,135,135,135,135,135,135,135,135,135,135,135,135,135,135,135,135,135,173,173,0,0,0,0,0,0,0,0,0,0,0,0,0,135,135,135,135,135,0,0,0,0,0,0,0,0,0,0,0,0,0,0,0,0,0,0,0,173,135,135,135,135,135,135,135,135,135,135,101,101,13,101,135,135,135,135,0,0,0,0,0,0,0,0,0,0,0,0,0,0,0,0
0,0,0,0,0,0,0,0,0,0,0,0,173,135,135,135,135,135,135,135,135,135,135,135,75,75,75,75,75,75,75,75,75,75,75,75,75,75,75,75,75,75,75,13,75,75,13,75,75,75,75,75,75,75,75,75,75,75,75,75,75,75,173,0,0,0,0,0,0,0,0,0,0,0,219,173,170,146,146,135,135,135,135,135,135,135,135,135,135,135,135,135,135,135,135,135,173,173,135,135,135,135,146,146,170,135,135,135,135,135,135,135,135,135,135,135,135,135,135,135,135,135,135,135,135,135,135,135,135,135,101,13,13,13,13,135,135,135,135,135,135,135,135,135,135,135,135,135,135,135,135,135,135,135,135,135,135,135,135,135,135,135,135,135,135,173,135,135,135,135,135,135,135,135,135,135,173,135,135,135,135,135,173,0,0,0,0,0,0,0,0,0,0,0,0,0,0,0,135,135,135,173,0,0,0,0,0,0,0,0,0,0,0,0,0,0,0,0,0,0,0,0,0,135,173,0,170,135,135,135,135,135,170,101,13,101,135,135,135,135,0,0,0,0,0,0,0,0,0,0,0,0,0,0,0,0
0,0,0,0,0,0,0,0,0,0,0,0,0,135,135,135,135,135,135,135,135,135,135,135,75,75,75,75,75,75,75,75,75,13,75,75,75,75,75,75,75,75,75,75,75,75,135,13,75,75,75,75,75,13,75,75,75,13,75,75,75,75,173,219,0,0,0,0,0,0,0,0,0,0,173,146,146,146,146,170,135,135,135,135,135,135,135,135,135,135,135,135,135,135,135,135,135,135,170,135,135,146,146,146,146,170,135,135,135,135,135,135,135,135,135,135,135,135,135,135,135,135,135,135,135,135,135,135,101,101,13,101,101,170,101,135,135,135,135,135,135,135,135,135,135,135,135,135,135,135,135,135,135,135,135,135,135,135,135,135,135,135,135,135,173,0,170,173,170,173,135,135,135,173,0,0,0,173,173,173,135,135,173,0,0,0,0,0,0,0,0,0,0,0,0,0,0,0,135,135,135,0,0,0,0,0,0,0,0,0,0,0,0,0,0,0,0,0,0,0,0,0,0,0,0,0,0,0,135,135,135,135,101,101,101,13,101,101,135,135,135,170,0,0,0,0,0,0,0,0,0,0,0,0,0,0
0,0,0,0,0,0,0,0,0,0,0,0,173,135,135,135,135,135,135,75,75,75,75,75,75,75,75,75,75,75,75,75,75,13,75,75,75,75,75,75,75,75,75,75,75,75,135,75,13,75,75,75,75,75,75,75,75,75,75,75,75,75,173,173,0,0,0,0,0,0,0,0,0,0,173,146,146,146,146,146,135,135,135,135,135,135,135,135,135,135,135,135,135,135,135,135,135,135,170,146,146,146,146,146,146,146,135,135,135,135,135,135,135,135,135,135,135,135,101,101,101,101,135,135,170,135,135,135,101,13,13,101,135,135,135,135,135,135,135,135,135,135,135,135,135,135,135,135,135,135,135,135,135,135,135,135,135,135,135,135,135,135,135,135,0,0,171,0,0,173,170,135,173,0,0,0,0,0,0,0,173,135,170,0,0,0,0,0,0,0,0,0,0,0,0,0,0,0,173,135,0,0,0,0,0,0,0,0,0,0,0,0,0,0,0,0,0,0,0,0,0,0,0,0,0,0,0,0,135,135,135,170,101,13,13,13,13,101,135,135,135,173,0,0,0,0,0,0,0,0,0,0,0,0,0,0
0,0,0,0,0,0,0,0,0,0,0,173,135,135,135,135,135,135,135,135,75,75,75,75,75,75,75,75,75,13,75,75,75,135,75,75,75,75,75,75,75,13,75,75,75,75,75,75,75,75,75,75,75,75,75,75,75,75,75,75,75,75,75,173,0,0,0,0,0,0,0,0,0,0,173,146,146,146,146,135,135,135,135,135,135,135,135,135,135,135,135,135,135,135,135,135,135,135,146,146,146,146,146,146,146,146,135,135,135,135,135,135,135,135,135,135,135,101,101,101,13,13,101,170,101,101,101,101,101,13,101,13,135,135,135,135,135,135,135,135,135,135,135,135,135,135,135,135,135,135,135,135,135,135,135,135,135,135,135,135,135,135,173,0,0,0,0,0,0,0,173,173,0,0,0,0,0,0,0,0,0,173,0,0,0,0,0,0,0,0,0,0,0,0,0,0,0,0,0,173,0,0,0,0,0,0,0,0,0,0,0,0,0,0,0,0,0,0,0,0,0,0,0,0,0,0,0,0,0,135,135,135,101,13,101,13,101,135,135,135,135,135,0,0,0,0,0,0,0,0,0,0,0,0,0,0
0,0,0,0,0,0,0,0,0,0,0,135,135,135,135,135,135,135,135,135,75,75,75,75,75,75,75,75,75,75,75,75,75,75,75,75,75,75,75,75,75,75,75,75,75,75,75,75,75,75,75,75,75,75,75,75,75,75,75,75,75,8,8,173,0,0,0,0,0,0,0,0,0,146,146,146,146,146,146,146,135,135,135,135,135,135,135,135,135,135,135,135,135,135,135,135,170,146,146,146,146,146,146,146,146,135,135,135,135,135,135,135,135,135,135,135,170,101,13,101,13,13,13,101,13,13,101,13,13,13,170,135,135,135,135,135,135,135,135,135,135,135,135,135,135,135,135,135,101,135,135,135,135,135,135,135,135,135,135,135,135,173,173,0,0,0,0,0,0,0,0,0,0,0,0,0,0,0,0,0,0,0,0,0,0,0,0,0,0,0,0,0,0,0,0,0,0,0,0,0,0,0,0,0,0,0,0,0,0,0,0,0,0,0,0,0,0,0,0,0,0,0,0,0,0,0,0,0,173,135,135,135,135,135,170,13,101,135,135,135,135,135,170,0,0,0,0,0,0,0,0,0,0,0,0,0
0,0,0,0,0,0,0,0,0,0,0,135,135,135,135,135,135,135,135,135,75,75,75,75,75,75,75,75,75,75,75,75,75,75,75,75,75,75,75,75,75,75,75,75,75,75,75,75,75,75,75,75,75,75,75,75,75,75,75,173,0,0,0,0,0,0,0,0,0,0,0,0,173,146,146,146,146,146,146,146,135,135,135,135,135,135,135,135,135,135,135,135,135,135,135,135,146,146,146,146,146,146,146,146,135,135,135,135,135,135,135,135,135,135,135,135,135,170,101,101,13,13,101,101,101,101,101,101,13,101,135,135,135,135,170,170,135,135,135,135,135,135,135,135,135,135,101,13,13,13,135,135,135,135,135,135,135,135,135,135,135,173,173,0,0,0,0,0,0,0,0,0,0,0,0,0,0,0,0,0,0,0,0,0,0,0,0,0,0,0,0,0,0,0,0,0,0,0,0,0,0,0,0,0,0,0,0,0,0,0,0,0,0,0,0,0,0,0,0,0,0,0,0,0,0,0,0,0,173,135,135,135,135,135,135,170,135,135,135,135,135,0,0,0,0,0,0,0,0,0,0,0,0,0,0,0
0,0,0,0,0,0,0,0,0,0,0,135,135,135,135,135,135,75,75,75,75,75,75,75,75,75,135,13,13,75,75,75,75,75,75,75,75,75,75,75,75,75,75,75,75,75,75,75,13,75,75,75,75,75,75,75,75,173,0,0,0,0,0,0,0,0,0,0,0,0,0,0,146,146,146,146,146,146,146,146,146,170,135,135,135,135,135,135,135,135,135,135,135,135,135,170,146,146,146,146,146,146,146,146,135,135,135,135,135,135,135,135,135,135,135,135,135,170,101,13,13,13,13,13,13,101,101,13,13,13,170,135,135,135,135,135,135,135,135,135,135,135,135,135,101,101,101,13,13,13,13,135,135,135,135,135,135,135,0,0,0,173,0,0,0,0,0,0,0,0,0,0,0,0,0,0,0,0,0,0,0,0,0,0,0,0,0,0,0,0,0,0,0,0,0,0,0,0,0,0,0,0,0,0,0,0,0,0,0,0,0,0,0,0,0,0,0,0,0,0,0,0,0,0,0,0,0,0,0,135,135,135,135,135,135,135,135,135,135,135,0,0,0,0,0,0,0,0,0,0,0,0,0,0,0,0
0,0,0,0,0,0,0,0,0,0,0,135,135,135,135,135,135,135,75,75,75,75,75,75,75,75,75,75,75,75,75,75,75,75,75,75,75,135,75,75,75,75,75,75,75,75,75,75,75,75,75,75,75,75,75,75,75,173,0,0,0,0,0,0,0,0,0,0,0,0,0,0,173,146,146,146,146,146,146,146,146,146,170,135,146,173,135,135,135,135,135,135,135,135,135,135,146,146,146,146,146,146,146,146,146,170,135,135,135,135,135,135,135,135,135,135,135,101,101,101,101,13,13,13,13,13,13,13,13,13,170,135,135,135,135,135,135,135,135,135,135,135,13,101,101,13,13,13,13,13,13,146,135,135,135,135,135,0,0,0,0,0,0,0,0,0,0,0,0,0,0,0,0,0,0,0,0,0,0,0,0,0,0,0,0,0,0,0,0,0,0,8,8,8,8,8,0,0,0,0,0,0,0,0,0,0,0,0,0,0,0,0,0,0,0,0,0,0,0,0,0,0,0,0,0,0,0,0,173,135,135,135,135,135,135,135,135,135,135,170,0,0,0,0,0,0,0,0,0,0,0,0,0,0,0,0
0,0,0,0,0,0,0,0,0,0,0,135,135,135,135,135,135,135,75,75,75,75,75,75,75,75,75,75,75,75,75,75,75,75,75,135,135,135,135,75,75,75,75,75,75,75,75,75,75,75,75,75,75,75,75,75,8,0,0,0,0,0,0,0,0,0,0,0,0,0,0,0,173,146,146,146,146,146,146,146,146,146,146,146,146,146,146,135,135,135,135,135,135,135,135,135,135,135,146,146,146,146,146,146,146,135,135,135,135,135,135,135,135,135,173,101,101,101,101,13,13,13,13,13,13,13,101,13,13,101,170,135,135,135,135,135,135,135,135,135,135,170,101,13,101,13,13,13,13,13,13,135,135,135,135,135,173,0,0,0,0,0,0,0,0,0,0,0,0,0,0,0,0,0,0,0,0,0,0,0,0,0,0,0,0,0,0,0,0,0,0,8,101,8,8,8,8,0,0,0,0,0,0,0,0,0,0,0,0,0,0,0,0,0,0,0,0,0,0,0,0,0,0,0,0,0,0,173,170,135,135,135,135,135,135,135,135,135,135,0,0,0,0,0,0,0,0,0,0,0,0,0,0,0,0,0
0,0,0,0,0,0,0,0,0,0,0,0,135,135,135,135,135,135,75,75,75,75,75,75,75,75,75,75,75,75,75,75,75,135,135,135,135,135,135,135,135,135,135,135,75,75,75,75,75,75,173,173,8,8,8,8,0,0,0,0,0,0,0,0,0,0,0,0,0,0,0,0,170,146,146,146,146,146,146,146,146,146,146,146,146,146,146,135,135,135,135,135,135,135,135,135,135,135,135,146,146,146,146,146,146,135,135,135,135,135,135,135,135,135,101,101,101,101,13,13,13,13,101,13,13,13,13,101,13,101,101,135,135,135,135,135,135,135,135,135,135,101,101,13,101,13,13,13,13,13,170,135,135,135,135,135,135,135,171,0,0,0,0,0,0,0,0,0,0,0,0,0,0,0,0,0,0,0,0,0,0,0,0,0,0,0,0,0,0,0,101,101,101,13,13,8,8,0,0,0,0,0,0,0,0,0,0,0,0,0,0,0,0,0,0,0,0,0,0,0,0,0,0,0,0,0,173,135,135,135,135,135,135,135,135,135,170,173,0,0,0,0,0,0,0,0,0,0,0,0,0,0,0,0,0,0
0,0,0,0,0,0,0,0,0,0,0,173,135,135,135,135,135,135,135,135,135,75,75,75,75,75,75,75,75,75,75,75,75,135,135,135,135,135,135,135,135,135,135,135,8,75,75,8,75,8,0,0,0,8,8,0,0,0,0,0,0,0,0,0,0,0,0,0,0,0,0,0,173,146,146,146,146,146,146,146,146,146,146,146,146,146,146,135,135,135,135,135,135,135,135,135,135,135,135,146,146,146,146,146,146,146,146,135,135,135,135,135,135,135,173,173,173,101,101,101,101,101,101,13,13,13,13,13,101,101,101,135,135,135,135,135,135,135,135,135,101,101,13,101,101,13,13,13,13,13,170,135,135,135,135,135,135,173,0,0,0,0,0,0,0,0,0,0,0,0,0,0,0,0,0,0,0,0,0,0,0,0,0,0,0,0,0,219,101,101,101,101,13,13,13,8,8,173,173,0,173,8,0,0,0,0,0,0,0,0,0,0,0,0,0,0,0,0,0,0,0,0,0,0,0,0,173,135,135,135,135,135,135,135,135,135,173,0,0,0,0,0,0,0,0,0,0,0,0,0,0,0,0,0,0,0
0,0,0,0,0,0,0,0,0,0,0,0,135,135,135,135,135,135,135,135,135,135,75,75,75,75,75,75,75,75,75,75,75,135,135,135,135,173,0,0,173,135,135,135,8,75,8,8,173,0,0,0,0,0,0,0,0,0,0,0,0,0,0,0,0,0,0,0,0,0,0,0,173,146,146,146,146,146,146,146,146,146,146,146,146,146,170,135,135,135,135,135,135,135,135,135,135,135,146,146,146,146,146,146,146,146,135,135,135,135,135,135,135,135,135,135,135,135,170,173,101,101,13,13,13,13,101,13,13,101,101,170,135,135,135,135,135,101,101,101,101,13,101,13,13,13,13,13,13,13,135,135,135,135,135,135,135,173,0,0,0,0,0,0,0,0,0,0,0,0,0,0,0,0,0,0,0,0,0,0,0,0,0,0,0,0,101,101,101,101,101,13,13,13,13,13,13,170,170,101,101,101,0,0,0,0,0,0,0,0,0,0,0,0,0,0,0,0,0,0,0,0,0,0,0,173,170,135,135,135,135,135,135,135,135,135,135,0,0,0,0,0,0,0,0,0,0,0,0,0,0,0,0,0,0,0
0,0,0,0,0,0,0,0,0,0,0,173,135,135,135,135,135,135,135,135,135,135,75,135,75,75,75,75,75,75,75,75,135,135,135,135,135,173,0,0,0,0,173,173,173,0,0,0,0,0,0,0,0,0,0,0,0,0,0,0,0,0,0,0,0,0,0,0,0,0,0,173,146,146,146,146,146,146,146,146,146,146,146,146,146,170,135,135,135,135,135,135,135,135,135,135,135,135,146,146,146,146,146,146,146,146,170,135,135,135,135,135,135,135,135,135,135,135,170,101,101,13,13,13,13,101,101,101,13,13,101,101,101,101,135,135,101,13,13,101,101,101,13,13,13,13,13,13,13,13,135,135,135,135,135,135,135,0,0,0,0,0,0,0,0,0,0,0,0,0,0,0,0,0,0,0,0,0,0,0,0,0,0,172,8,101,101,101,101,101,13,13,13,13,13,13,13,13,170,101,0,0,0,0,0,0,0,0,0,0,0,0,0,0,0,0,0,0,0,0,0,0,0,0,0,0,0,135,135,135,135,135,135,135,135,135,219,0,0,0,0,0,0,0,0,0,0,0,0,0,0,0,0,0,0,0
0,0,0,0,0,0,0,0,0,0,173,135,135,135,135,135,135,135,135,135,135,135,135,135,135,135,75,75,135,135,75,135,135,135,135,135,135,0,0,0,0,0,0,173,0,0,0,0,0,0,0,0,0,0,0,0,0,0,0,0,0,173,173,135,135,135,173,0,0,0,0,173,146,146,146,146,146,146,146,146,146,146,146,146,146,146,170,135,135,135,135,135,135,135,135,135,135,146,146,146,146,146,146,146,146,135,135,135,135,135,135,135,135,135,135,135,135,173,101,101,13,13,13,101,13,101,170,170,101,13,13,13,101,101,101,101,101,13,101,101,13,13,13,13,13,13,13,13,13,135,135,135,135,135,135,135,173,0,0,0,0,0,0,0,0,0,0,0,0,0,0,0,0,0,0,0,0,0,0,0,0,0,0,8,101,101,101,101,13,13,13,13,101,101,13,13,13,8,173,0,0,0,0,0,0,0,0,0,0,0,0,0,0,0,0,0,0,0,0,0,0,0,0,0,0,0,0,0,170,135,135,135,135,135,219,0,0,0,0,0,0,0,0,0,0,0,0,0,0,0,0,0,0,0,0,0
0,0,0,0,0,0,0,0,0,0,0,173,135,135,135,135,135,135,135,135,135,135,135,135,135,135,75,135,135,135,135,135,135,135,173,0,0,0,0,0,0,0,0,0,0,0,0,0,0,0,0,0,0,0,0,0,0,0,219,0,173,135,135,135,135,135,135,173,173,173,173,146,146,146,146,146,146,146,146,146,146,146,146,146,146,146,146,135,135,135,135,135,135,135,135,135,135,135,170,170,146,146,135,135,135,135,135,135,135,135,135,135,135,135,135,135,135,170,101,13,13,13,101,101,101,170,135,13,13,101,101,13,13,13,101,101,13,13,13,13,13,13,13,13,13,13,13,13,101,135,135,135,135,135,135,135,135,173,173,0,0,0,0,0,0,0,0,0,0,0,0,0,0,0,0,0,0,0,0,0,0,0,0,171,173,101,101,13,101,13,13,13,8,13,13,13,13,173,0,0,0,0,0,0,0,0,0,0,0,0,0,0,0,0,0,0,0,0,0,0,0,0,0,0,0,0,0,0,0,173,135,135,135,135,0,0,0,0,0,0,0,0,0,0,0,0,0,0,0,0,0,0,0,0,0,0
0,0,0,0,0,0,0,0,0,0,0,0,135,135,135,135,135,135,135,135,135,135,135,135,135,135,135,135,135,135,135,135,135,135,0,0,0,0,0,0,0,0,0,0,0,0,0,0,0,0,0,0,0,0,0,0,0,0,173,173,135,135,135,135,135,135,135,135,146,146,146,146,146,146,146,146,146,146,146,146,146,146,146,146,146,146,146,170,135,135,135,135,135,135,135,135,135,135,135,135,170,146,135,135,135,135,135,135,135,135,135,135,135,135,135,135,135,135,170,13,13,13,101,170,101,170,135,170,101,101,101,101,101,101,101,13,146,13,13,13,13,13,13,13,13,170,13,135,135,135,135,135,135,135,135,135,135,173,173,173,0,0,0,0,0,0,0,0,0,0,0,0,0,0,0,0,0,0,0,0,0,0,0,0,173,101,101,101,101,13,13,101,13,13,13,13,101,173,0,0,0,0,0,0,0,0,0,0,0,0,0,0,0,0,0,0,0,0,0,0,0,0,0,0,0,0,0,0,0,0,135,135,135,173,0,0,0,0,0,0,0,0,0,0,0,0,0,0,0,0,0,0,0,0,0,0
0,0,0,0,0,0,0,0,0,0,0,0,173,173,135,135,135,135,135,135,135,135,135,135,135,135,135,135,135,135,135,135,135,173,0,0,0,0,0,0,0,0,0,0,0,0,0,0,0,0,0,0,0,0,0,0,0,0,0,219,135,135,135,135,135,135,135,146,146,146,146,146,146,146,146,146,146,146,146,146,146,146,146,146,146,170,170,135,135,135,135,135,135,135,135,173,170,135,135,135,135,135,135,135,135,135,135,135,135,135,135,135,135,135,135,135,135,170,101,13,101,101,135,135,135,135,170,135,135,135,101,101,101,173,101,101,146,13,13,13,101,101,13,13,13,135,135,135,135,135,135,135,135,135,135,135,135,135,135,135,135,0,0,0,0,0,0,0,0,0,0,0,0,0,0,0,0,0,0,0,0,0,0,0,173,173,101,101,13,101,193,8,13,13,13,13,0,0,0,0,0,0,0,0,0,0,173,0,0,0,0,0,0,0,0,0,0,0,0,0,0,0,0,0,0,0,0,0,0,173,135,135,135,135,0,0,0,0,0,0,0,0,0,0,0,0,0,0,0,0,0,0,0,0,0,0
0,0,0,0,0,0,0,0,0,0,0,0,0,173,173,173,135,135,135,135,135,135,135,135,135,135,135,135,135,135,135,135,135,173,0,0,0,0,0,0,0,0,0,0,0,0,0,0,0,0,0,0,0,0,0,0,0,173,0,173,135,135,135,135,135,135,135,135,146,146,146,146,146,146,146,146,146,146,146,146,146,146,146,146,146,170,146,135,135,135,135,135,135,135,135,135,135,135,135,170,135,135,135,135,135,135,135,135,135,135,135,135,135,135,135,135,135,170,101,101,170,135,135,135,135,135,135,135,135,135,135,135,135,135,173,101,101,13,101,101,135,135,170,135,135,135,135,135,135,135,135,135,135,135,146,135,135,135,135,135,135,172,0,0,0,0,0,0,0,0,0,0,0,0,0,0,0,0,0,0,0,0,0,0,0,8,101,101,101,101,193,8,13,13,13,101,0,0,0,0,0,8,101,0,173,101,101,101,101,0,0,0,0,0,0,0,0,0,0,0,0,0,0,0,0,0,0,173,135,135,135,135,135,135,135,135,135,0,0,0,0,0,0,0,0,0,0,0,0,0,0,0,0,0,0,0
0,0,0,0,0,0,0,0,0,0,0,0,0,173,173,0,173,135,135,173,135,135,135,135,135,135,135,135,135,135,135,135,135,0,0,0,0,0,0,0,0,0,0,0,0,0,0,0,0,0,0,0,0,0,0,0,219,173,173,135,135,135,135,135,135,135,135,135,135,170,146,146,146,146,146,146,146,146,146,146,146,146,146,146,146,170,135,135,135,135,135,135,135,135,135,135,135,135,135,135,135,135,135,135,135,135,135,135,135,135,135,135,135,135,135,135,135,135,135,135,135,135,135,135,135,135,135,135,135,135,135,135,135,135,135,173,101,13,101,135,135,135,135,135,135,135,135,135,135,135,135,135,146,146,146,170,135,135,135,135,135,173,0,0,0,0,0,0,0,0,0,0,0,0,0,0,0,0,0,0,0,0,0,0,0,173,101,101,101,193,193,8,13,13,13,171,0,0,0,0,171,101,101,13,101,101,101,101,101,101,0,0,0,0,0,0,0,0,0,0,0,0,0,0,0,0,0,170,135,135,173,170,0,173,135,135,135,135,0,0,0,0,0,0,0,0,0,0,0,0,0,0,0,0,0,0
0,0,0,0,0,0,0,0,0,0,0,0,0,0,0,0,0,0,0,0,173,173,135,135,135,135,135,135,135,135,135,135,135,0,0,0,0,0,0,0,0,0,0,0,0,0,0,0,0,0,0,135,135,173,0,0,173,135,135,135,135,135,135,135,135,135,135,135,135,135,135,135,146,146,146,146,146,146,146,146,146,170,135,135,146,135,135,135,135,135,135,135,135,135,135,135,135,135,135,135,135,135,135,135,135,135,135,135,170,135,135,135,135,135,135,135,135,135,135,135,135,135,135,135,135,135,135,135,135,135,135,135,135,135,135,101,101,101,101,173,135,135,135,135,135,135,135,135,135,135,135,135,146,146,146,146,146,135,135,135,135,173,0,0,0,0,0,0,0,0,0,0,0,0,0,0,0,0,0,0,0,0,0,0,171,101,101,101,193,193,90,192,193,13,13,8,173,173,173,101,101,101,101,13,101,101,101,13,101,101,101,101,101,0,0,0,0,0,0,0,0,0,0,0,0,0,0,170,170,170,0,0,0,0,135,135,135,0,0,0,0,0,0,0,0,0,0,0,0,0,0,0,0,0,0,0
0,0,0,0,0,0,0,0,0,0,0,0,0,0,0,0,0,0,0,0,0,0,173,135,135,135,135,135,135,135,135,135,135,173,0,0,0,0,0,0,0,0,0,0,0,0,0,173,0,0,173,135,135,135,173,170,135,135,135,135,135,135,135,135,135,135,135,135,135,135,135,146,146,146,146,146,146,146,146,146,170,135,135,135,135,170,135,135,135,135,135,135,135,135,135,135,135,135,135,135,170,170,135,135,135,146,146,146,146,170,135,135,135,135,135,135,135,135,135,135,135,135,135,135,135,135,135,135,135,135,135,135,135,135,135,170,173,173,135,135,135,135,135,135,135,135,135,135,135,135,135,135,135,146,146,146,146,135,135,135,173,0,0,0,0,0,0,0,0,0,0,0,0,0,0,0,0,0,173,8,8,173,173,173,173,101,101,193,8,193,193,193,75,8,13,13,13,101,101,101,101,101,13,13,101,101,13,13,101,13,13,13,101,173,0,0,0,0,0,0,0,0,0,0,0,0,0,0,0,0,0,0,0,0,135,135,0,0,0,0,0,0,0,0,0,0,0,0,0,0,0,0,0,0,0,0
0,0,0,0,0,0,0,0,0,0,0,0,0,0,0,0,0,0,0,0,0,0,0,173,135,135,135,135,135,135,135,135,173,0,0,0,0,0,0,0,0,0,0,0,0,173,173,135,135,173,135,135,135,135,135,135,135,135,135,135,135,146,135,135,135,135,135,135,135,135,146,146,146,146,146,146,146,146,146,146,135,135,135,135,170,135,135,135,135,135,135,135,135,135,135,135,135,135,135,146,146,146,170,170,173,146,146,146,146,170,135,135,135,135,135,135,135,135,135,135,135,135,135,135,135,135,135,135,135,135,135,135,135,135,135,135,135,135,135,135,135,135,135,135,135,135,135,135,135,135,135,135,135,146,146,146,146,135,135,173,0,0,0,0,0,0,0,0,0,0,0,0,0,0,0,0,0,0,8,8,101,101,101,101,101,101,101,8,193,13,13,13,13,13,13,13,13,101,101,8,8,193,8,8,8,13,13,101,13,13,13,13,101,101,173,0,0,0,0,0,146,170,0,0,0,0,0,0,0,0,0,0,0,0,0,0,0,0,0,0,0,0,0,0,0,0,0,0,0,0,0,0,0,0,0,0
0,0,0,0,0,0,0,0,0,0,0,0,0,0,0,0,0,0,0,0,0,0,0,135,135,135,135,135,135,135,135,135,0,0,0,0,0,0,0,0,0,0,0,173,173,135,135,135,135,135,135,135,135,135,135,135,135,135,135,135,135,146,146,135,135,135,135,135,135,135,170,146,146,146,146,170,135,170,170,135,135,135,135,173,135,135,135,135,135,135,135,135,135,135,170,135,135,135,135,146,146,146,146,146,146,146,146,146,146,146,146,146,135,135,135,135,135,135,135,135,135,135,135,135,135,135,135,135,135,135,135,135,135,135,135,135,135,135,135,135,135,135,135,135,135,135,135,135,135,135,135,170,146,146,146,135,135,135,135,173,0,0,0,0,0,0,0,0,0,0,0,0,0,0,0,0,0,0,171,8,13,101,101,13,101,101,193,8,13,13,13,13,13,13,13,13,101,193,193,8,193,172,90,8,8,8,193,193,8,13,13,13,13,13,13,173,0,0,173,146,146,146,146,0,0,0,0,0,0,0,0,0,0,0,0,0,0,0,0,0,0,0,0,0,0,0,0,0,0,0,0,0,0,0,0,0
0,0,0,0,0,0,0,0,0,0,0,0,0,0,0,0,0,0,0,0,0,0,173,135,135,135,135,135,135,135,135,173,0,0,0,0,0,0,0,0,0,0,0,219,173,135,135,135,135,135,135,135,135,135,135,135,135,135,146,146,146,146,146,135,135,135,135,135,135,170,135,135,135,146,146,135,135,135,135,135,135,135,135,135,135,135,135,135,135,135,135,135,135,135,135,135,135,135,135,146,146,146,146,146,146,146,146,146,146,146,146,146,146,135,135,135,135,135,135,135,135,135,135,135,135,135,135,135,135,135,135,173,135,135,135,135,135,135,135,135,135,135,135,135,135,135,135,135,135,135,135,146,146,146,146,135,135,135,135,173,0,0,0,0,0,0,0,0,0,0,0,0,0,0,0,0,0,0,0,0,173,101,101,101,101,8,8,13,13,13,13,101,101,13,13,13,13,193,193,90,172,172,192,192,172,90,75,193,8,8,8,13,13,13,13,173,0,0,173,146,146,146,146,173,0,0,0,0,0,0,0,0,0,0,0,0,0,0,0,0,0,0,0,0,0,0,0,0,0,0,0,0,0,0,0,0
0,0,0,0,0,0,0,0,0,0,0,0,0,0,0,0,0,0,0,173,173,173,135,135,135,135,135,135,135,173,0,0,0,0,0,0,0,0,0,0,0,0,0,219,135,135,135,135,135,135,135,135,135,135,135,135,135,135,146,146,146,146,146,146,135,135,135,135,135,170,135,135,135,135,146,135,135,135,135,135,135,135,135,135,135,135,135,135,135,135,135,135,135,135,135,135,135,146,170,146,146,146,146,146,146,146,146,146,146,146,146,146,146,146,135,135,135,135,135,135,135,135,135,135,135,135,135,135,135,173,173,0,173,173,135,135,135,135,135,135,135,135,135,135,135,135,135,135,146,146,146,146,146,146,146,146,146,135,135,135,173,0,0,0,0,0,0,0,0,0,0,0,0,0,0,0,0,0,0,0,173,101,101,13,101,8,193,75,13,13,173,173,8,173,173,101,101,101,193,172,172,172,192,192,192,192,192,75,8,8,8,13,13,13,13,101,173,170,170,146,146,146,146,173,0,0,0,0,0,0,0,0,0,0,0,0,0,0,0,0,0,0,0,0,0,0,0,0,0,0,0,0,0,0,0,0
0,0,0,0,0,0,0,0,0,0,0,0,0,0,0,0,0,0,173,135,135,135,135,135,135,135,135,135,173,0,0,0,0,0,0,0,0,0,0,0,0,0,0,135,135,135,135,135,135,135,135,135,135,135,135,135,135,135,146,146,146,146,146,146,146,170,146,146,170,146,135,135,135,135,135,135,135,135,135,135,135,135,135,135,135,135,135,135,135,135,135,135,135,135,135,135,135,135,173,146,146,146,146,146,146,146,146,146,146,146,146,146,146,146,135,135,135,135,135,135,135,135,135,135,135,135,135,135,173,0,0,0,0,0,0,135,135,135,135,170,135,135,135,135,135,135,146,146,146,146,146,146,146,146,146,146,146,135,135,135,135,173,219,0,0,0,0,0,0,0,0,0,0,0,0,0,0,0,0,0,173,101,101,101,193,8,8,8,8,8,0,219,8,0,0,8,101,101,193,90,172,90,192,192,192,8,8,8,8,8,8,193,13,13,13,13,101,101,146,146,146,146,146,173,0,0,0,0,0,0,0,0,0,0,0,0,0,0,0,0,0,0,0,0,0,0,0,0,0,0,0,0,0,0,0,0
0,0,0,0,0,0,0,0,0,0,0,0,0,0,0,0,0,0,135,135,135,135,135,135,135,135,135,135,0,0,0,0,0,0,0,0,0,0,0,0,0,0,0,173,135,135,135,135,135,135,135,135,135,135,135,135,170,146,146,146,146,146,146,146,146,146,146,146,146,146,135,135,135,135,135,135,135,135,135,135,135,135,135,135,135,135,135,135,135,135,135,135,135,135,135,135,135,135,135,170,146,146,146,146,146,146,146,146,146,146,146,146,146,146,135,135,135,135,135,135,135,135,135,135,135,135,135,0,0,0,0,0,0,0,0,173,170,135,173,135,135,135,135,135,135,170,146,146,146,146,146,146,146,146,146,146,135,135,135,135,173,173,219,0,0,0,0,0,0,0,0,0,0,0,0,0,0,0,0,173,101,101,101,8,193,8,8,13,13,8,0,0,0,0,0,173,101,101,193,90,193,90,192,192,13,13,13,13,13,13,193,193,193,13,13,13,101,101,146,146,146,146,146,146,173,0,0,0,0,0,0,0,0,0,0,0,0,0,0,0,0,0,0,0,0,0,0,0,0,0,0,0,0,0,0,0
0,0,0,0,0,0,0,0,0,0,0,0,0,0,0,0,0,0,135,135,135,135,135,173,0,0,135,170,173,0,0,0,0,0,0,0,0,0,0,0,0,0,0,0,173,135,135,135,135,135,135,135,135,135,135,135,146,146,146,146,146,146,146,146,146,146,146,146,146,135,135,135,135,135,135,135,135,135,135,135,135,135,135,135,135,135,135,135,135,135,135,135,135,135,135,135,135,135,135,135,170,146,146,146,146,146,146,146,146,146,146,146,146,146,146,135,135,135,135,135,135,135,135,135,135,135,135,0,0,0,0,0,0,0,0,0,0,0,0,170,170,173,135,135,135,135,146,146,146,146,146,146,146,146,135,135,135,135,135,173,0,0,0,0,0,0,0,0,0,0,0,0,0,0,0,0,0,0,0,173,101,101,101,8,193,8,13,8,173,173,0,0,0,0,0,173,101,8,193,193,193,193,8,13,13,13,13,13,13,13,13,193,193,13,13,13,13,13,173,146,146,146,146,146,146,0,0,0,0,0,0,0,0,0,0,0,0,0,0,0,0,0,0,0,0,0,0,0,0,0,0,0,0,0,0,0
0,0,0,0,0,0,0,0,0,0,0,0,0,0,0,0,0,0,173,135,135,135,173,0,0,0,0,0,0,0,0,0,0,0,0,0,0,0,0,0,0,0,0,0,173,135,135,135,135,135,135,135,135,135,135,146,146,146,146,146,146,146,146,146,146,135,170,146,146,170,135,135,135,135,135,135,170,135,135,135,135,135,135,135,135,135,135,135,135,135,135,135,135,135,135,135,135,135,135,135,173,146,146,146,146,146,146,146,146,146,170,135,170,146,146,135,135,135,135,135,135,135,135,135,135,135,173,171,0,0,0,0,0,0,0,0,0,0,0,0,173,173,173,170,170,170,146,146,146,146,146,146,146,146,170,135,135,135,173,173,0,0,0,0,0,0,0,0,0,0,0,0,0,0,170,0,0,0,173,101,101,101,101,13,8,13,13,8,0,0,0,0,0,0,0,8,101,13,101,8,13,13,13,13,13,13,13,13,13,13,13,101,8,8,13,13,13,13,101,146,146,146,146,146,0,0,0,0,0,0,0,0,0,0,0,0,0,0,0,0,0,0,0,0,0,0,0,0,0,0,0,0,0,0,0,0
0,0,0,0,0,0,0,0,0,0,0,0,0,0,0,0,0,173,135,135,135,135,0,0,0,0,0,0,0,0,0,0,0,0,0,0,0,0,0,0,0,0,0,0,173,135,135,135,135,135,135,135,135,135,146,146,146,146,146,146,146,170,135,135,135,135,135,170,170,135,135,135,135,135,135,135,135,135,135,135,135,135,135,135,135,135,135,135,135,135,135,135,135,135,135,135,135,135,135,135,170,146,170,146,146,146,146,146,146,146,135,135,135,146,135,135,135,135,135,135,135,135,135,135,135,135,173,0,0,0,0,0,0,0,0,0,0,0,0,0,0,0,173,173,173,146,146,146,146,146,146,146,146,146,170,135,135,135,173,0,0,0,0,0,0,0,0,0,0,0,0,0,171,170,170,219,0,173,173,101,101,101,13,101,101,193,13,173,0,0,0,0,0,0,219,173,101,101,101,13,13,13,13,13,13,13,101,13,13,13,101,13,13,8,13,13,101,13,13,146,146,146,170,173,0,0,0,0,0,0,0,0,0,0,0,0,0,0,0,0,0,0,0,0,0,0,0,0,0,0,0,0,0,0,0,0
0,0,0,0,0,0,0,0,0,0,0,0,0,0,0,0,172,135,135,135,0,0,0,0,0,0,0,0,0,0,0,0,0,0,0,0,0,0,0,0,0,0,0,0,173,135,135,135,135,135,135,135,135,146,146,146,146,146,146,146,146,146,135,135,135,135,135,135,135,135,135,135,135,135,135,135,135,135,135,135,135,135,135,135,135,135,135,135,135,135,135,135,135,135,135,135,135,135,135,135,135,135,135,146,146,146,146,146,146,170,135,146,146,135,135,135,135,135,135,135,135,135,135,135,135,135,173,0,0,0,0,0,0,0,0,0,0,0,0,0,0,0,0,173,173,173,146,146,146,146,146,146,146,146,146,146,135,135,135,0,0,0,0,0,0,0,0,0,0,0,0,0,173,170,101,101,146,146,170,101,13,13,13,101,101,193,13,13,173,0,0,0,0,0,219,8,8,13,13,13,13,13,101,101,101,101,101,101,13,101,101,101,13,101,13,13,13,13,13,146,146,146,173,0,0,0,0,0,0,0,0,0,0,0,170,170,0,0,0,0,0,0,0,0,0,0,0,0,0,0,0,0,0,0,0,0
0,0,0,0,0,0,0,0,0,0,0,0,0,0,0,0,173,135,135,135,0,0,0,0,0,0,0,0,0,0,0,0,0,0,0,0,0,0,0,0,0,0,0,173,135,135,135,135,135,135,135,135,146,146,146,146,146,146,146,146,146,170,135,135,135,135,135,135,135,135,135,135,135,135,135,135,135,135,135,135,135,135,135,135,135,135,135,135,135,135,135,135,135,135,135,135,135,135,146,135,135,135,146,146,146,146,146,146,135,135,135,135,135,135,135,135,135,135,135,135,135,135,135,135,135,135,173,0,0,0,0,0,0,0,0,0,0,0,0,0,0,0,0,0,0,0,0,173,146,146,146,146,146,146,146,146,146,146,146,0,219,173,173,0,0,0,0,0,0,0,0,0,0,170,101,101,146,146,146,13,13,13,101,101,101,13,13,13,101,0,0,0,0,0,0,8,8,8,13,8,8,8,219,0,173,101,101,8,13,101,101,13,101,101,193,13,13,13,13,146,146,146,146,0,0,0,0,0,0,0,0,0,0,0,170,170,170,0,0,0,0,0,0,0,0,0,0,0,0,0,0,0,0,0,0,0
0,0,0,0,0,0,0,0,0,0,0,0,0,0,0,0,170,135,135,135,0,0,0,0,0,0,0,0,0,0,0,0,0,0,0,0,0,0,0,0,0,0,173,135,135,135,135,135,135,135,146,146,146,146,146,146,146,146,146,146,146,146,135,135,135,135,135,135,135,135,135,135,135,135,135,135,135,135,135,135,135,135,135,135,135,135,135,135,135,135,135,135,135,135,135,135,135,135,135,135,135,146,146,146,146,146,146,146,135,135,135,135,135,135,135,135,135,146,135,135,135,135,135,135,170,0,0,0,0,0,0,0,0,0,0,0,0,0,0,0,0,0,0,0,0,0,0,219,170,146,146,146,146,146,146,146,146,146,146,170,135,135,135,173,173,0,0,0,0,0,0,0,0,173,170,170,170,173,170,101,101,101,13,101,13,13,13,13,8,0,0,0,0,0,0,0,0,8,8,173,8,173,0,0,0,0,219,173,101,101,13,13,101,101,13,13,13,13,13,146,146,146,146,170,0,0,0,0,0,0,0,0,0,170,170,146,170,0,0,0,0,0,0,0,0,0,0,0,0,0,0,0,0,0,0,0
0,0,0,0,0,0,0,0,0,0,0,0,0,0,0,0,0,173,173,0,0,0,0,0,0,0,0,0,0,0,0,0,0,173,135,135,0,0,0,0,173,135,135,135,135,135,135,135,135,135,146,146,146,146,146,146,170,146,146,146,146,146,146,146,135,135,135,135,135,135,135,135,135,135,135,135,135,135,135,135,135,135,135,135,135,135,135,135,170,135,135,170,135,135,135,135,135,135,135,135,170,146,146,146,146,146,146,170,135,135,135,135,135,135,135,135,135,135,135,135,135,135,135,135,0,0,0,0,0,0,0,0,0,0,0,0,0,0,0,0,0,0,0,0,0,0,0,173,173,146,146,146,146,146,146,146,146,146,146,146,135,135,135,135,173,0,0,0,0,0,0,0,0,0,170,173,173,0,0,173,101,101,101,13,13,13,13,101,173,0,0,0,0,0,0,0,0,0,0,0,0,0,0,0,0,0,0,173,101,101,13,13,101,101,193,13,13,13,101,146,146,146,146,146,173,0,0,0,0,0,0,0,0,0,0,170,146,170,0,0,0,0,0,0,0,0,0,0,0,0,0,0,0,0,0,0
0,0,0,0,0,0,0,0,0,0,0,0,0,0,0,0,0,0,0,0,0,0,0,0,0,0,0,0,0,0,0,0,0,173,135,135,135,173,173,173,135,135,135,135,135,135,135,135,135,135,135,135,135,146,146,146,146,146,146,146,146,146,146,135,135,135,135,135,135,135,135,135,135,135,135,135,135,135,135,135,135,135,135,135,135,135,170,170,135,135,170,101,101,135,135,135,135,135,135,135,135,170,146,146,135,170,170,135,170,135,135,135,135,135,135,135,135,135,135,135,135,135,135,135,0,0,0,0,0,0,0,0,0,0,0,0,0,0,0,0,0,0,0,0,0,0,0,0,170,146,146,146,146,146,146,146,146,146,146,146,135,135,135,135,135,173,0,0,0,0,0,0,0,0,0,0,0,0,0,0,173,101,101,13,13,13,101,101,0,0,0,0,0,0,0,0,0,0,0,0,0,0,0,0,0,0,0,173,101,101,101,13,101,193,193,13,13,13,13,146,146,146,146,146,173,0,0,0,0,0,0,0,0,0,0,0,146,146,146,0,0,0,0,0,0,0,0,0,0,0,0,0,0,0,0,0
0,0,0,0,0,0,0,0,0,0,0,0,0,0,0,0,0,0,0,0,0,0,0,0,0,0,0,0,0,0,0,0,0,173,135,135,135,135,135,135,135,135,135,135,135,135,135,135,135,135,135,135,135,170,146,146,146,146,146,146,146,146,146,146,170,135,135,135,135,135,135,135,135,135,135,135,135,135,135,135,135,135,135,135,135,135,173,135,135,135,101,101,101,173,170,170,135,135,135,135,135,135,135,135,135,135,135,135,170,170,135,135,135,135,146,146,135,135,135,135,135,135,135,135,173,0,0,0,0,0,0,0,0,0,0,0,0,0,0,0,0,0,0,0,0,0,173,173,146,146,146,146,146,146,146,146,146,146,146,170,135,135,135,135,135,219,0,0,0,0,0,0,0,0,0,0,0,0,0,0,173,173,101,101,173,101,101,8,0,0,0,0,0,0,0,0,0,0,0,0,0,0,0,0,219,0,0,173,173,101,101,13,101,193,193,13,13,13,13,146,146,146,173,0,0,0,0,0,0,0,0,0,0,0,0,0,146,146,146,0,0,0,0,0,0,0,0,0,0,0,0,0,0,0,0,0
0,0,0,0,0,0,0,0,0,0,0,0,0,0,0,0,0,0,0,0,0,0,0,0,0,0,0,0,0,0,0,173,173,135,135,135,135,135,135,135,135,135,135,135,135,135,135,135,135,135,135,135,135,146,146,146,146,146,146,146,146,146,146,146,146,170,135,135,135,135,135,135,135,135,135,135,135,135,135,135,135,135,135,135,135,135,170,135,101,101,101,101,13,101,170,170,170,135,135,135,135,135,135,135,135,135,0,170,171,170,135,135,135,146,146,146,146,146,135,135,135,135,135,135,135,135,173,0,0,0,0,0,0,0,0,0,0,0,0,0,0,0,0,0,0,219,146,146,146,146,146,146,146,146,146,146,146,146,170,135,135,135,135,135,135,173,0,0,0,0,0,0,0,0,0,0,0,0,0,0,0,0,0,0,0,0,0,0,0,0,0,0,0,0,0,0,0,0,0,0,0,0,0,0,170,173,173,173,101,101,13,13,13,13,8,193,13,13,13,146,146,146,173,0,0,0,0,0,0,0,0,0,0,0,0,173,146,146,146,0,0,0,0,0,0,0,0,0,0,0,0,0,0,0,0,0
0,0,0,0,0,0,0,0,0,0,0,0,0,0,0,0,0,0,0,0,0,0,0,0,0,0,0,173,0,0,173,170,135,135,135,135,135,135,135,135,135,135,135,135,135,135,135,135,135,135,135,170,146,146,146,146,146,146,146,146,146,146,146,146,146,146,146,135,135,135,135,135,135,135,135,135,135,135,135,135,135,135,135,135,135,173,173,101,101,101,101,13,13,101,173,135,170,135,135,135,135,135,135,135,135,0,170,170,135,135,135,135,146,146,146,146,146,146,146,146,135,135,135,135,135,135,135,173,219,0,0,0,0,0,0,0,0,0,0,0,0,0,0,173,219,173,170,146,146,146,146,146,146,146,146,146,146,170,135,135,135,135,135,135,135,135,173,173,173,0,0,0,0,0,0,0,0,0,0,0,0,0,0,0,0,0,0,0,0,0,0,0,0,0,0,0,0,0,0,0,0,0,0,170,146,146,146,146,173,101,13,13,13,101,101,8,8,13,13,13,146,173,0,0,0,0,0,0,0,0,0,0,0,0,0,146,146,146,146,146,0,146,0,0,0,170,8,170,146,172,0,0,0,0,0,0
0,0,0,0,0,0,0,0,0,0,0,0,0,0,0,0,0,0,0,0,0,0,0,0,170,173,173,170,135,173,135,135,135,135,135,135,135,135,135,135,135,135,135,146,146,135,135,135,135,135,135,135,146,146,146,146,146,146,146,146,146,146,146,146,146,146,146,146,146,170,135,135,135,135,135,135,135,135,135,135,135,170,101,170,101,101,101,101,101,101,101,13,13,101,101,170,170,170,135,135,135,135,135,135,135,0,135,135,170,135,135,146,146,146,146,146,146,146,146,146,135,135,135,135,135,135,135,173,0,0,0,0,0,0,0,0,0,0,0,0,0,0,173,173,173,170,146,146,146,146,146,146,146,135,170,146,170,135,135,135,135,135,135,135,135,135,135,135,135,135,173,0,0,0,0,0,0,0,0,0,0,0,0,0,0,0,0,0,0,0,0,0,0,0,0,0,0,0,0,0,0,0,0,173,146,146,146,146,173,101,13,13,101,101,101,13,13,13,13,13,146,173,0,0,0,0,0,0,0,0,0,0,173,170,146,146,146,146,146,146,146,146,146,146,170,170,170,146,146,0,0,0,0,0,0,0
0,0,0,0,0,0,0,0,0,0,0,0,0,0,0,0,0,0,0,0,0,0,0,173,146,146,146,146,135,135,135,135,135,135,135,135,135,135,135,135,135,135,146,146,146,146,135,135,135,135,146,146,146,146,146,146,146,146,146,146,146,146,146,146,146,146,146,146,146,170,135,135,170,135,135,135,135,135,135,135,135,173,101,146,170,101,13,101,101,13,13,101,13,13,101,101,170,101,101,101,135,135,170,135,135,135,135,135,170,171,146,146,146,146,146,146,146,146,146,135,135,135,135,135,135,135,173,0,0,0,0,0,0,0,0,0,0,0,0,0,0,0,0,0,0,173,146,146,135,135,135,146,170,135,135,135,135,135,135,135,135,135,135,135,135,135,135,135,135,135,135,135,173,173,0,0,0,0,0,0,0,0,0,0,0,0,0,0,0,0,0,0,0,0,0,0,0,0,0,0,0,0,0,170,170,146,146,173,173,101,101,101,13,101,8,13,13,13,13,13,101,173,0,0,0,0,0,0,0,0,0,0,170,146,146,146,146,146,146,146,146,146,146,146,170,170,146,146,146,173,0,0,0,0,0,0
0,0,0,0,0,0,0,0,0,0,0,0,0,0,0,0,0,0,0,0,0,0,0,0,146,146,146,146,135,135,135,135,135,135,135,135,135,135,135,135,146,146,146,146,146,146,146,146,135,135,146,146,146,146,170,146,146,170,146,146,146,135,146,146,146,146,146,146,146,146,135,135,135,135,135,135,135,135,135,135,135,135,135,170,170,13,101,101,13,13,13,13,13,13,13,13,101,13,13,173,170,135,170,135,135,135,135,135,135,146,146,146,146,146,146,146,146,146,146,135,135,135,135,135,135,135,173,0,0,0,0,0,0,0,0,0,0,0,0,0,0,0,0,0,0,173,135,135,135,135,135,135,170,173,173,135,135,135,135,135,135,135,135,135,135,135,135,135,135,135,135,135,135,135,0,0,0,0,0,0,0,0,0,0,0,0,0,0,0,0,0,0,0,0,0,0,173,146,146,146,173,173,170,173,173,173,173,173,101,101,101,101,101,193,13,13,13,13,13,13,13,173,0,0,0,0,0,0,0,0,0,0,0,146,146,146,146,146,146,146,146,146,146,146,170,170,146,146,146,146,173,0,0,0,0,0
0,0,0,0,0,0,0,0,0,0,0,0,0,0,0,0,0,0,0,0,0,0,173,146,146,146,146,146,146,135,135,135,135,135,135,135,135,135,135,146,146,146,146,146,146,146,146,135,135,146,146,146,146,146,146,170,135,135,135,135,135,135,135,135,135,146,146,146,146,170,135,135,135,135,135,135,135,135,135,135,135,135,135,135,173,101,101,101,13,13,13,13,13,101,101,13,13,13,101,101,101,101,101,173,135,135,135,135,135,135,146,146,146,146,146,146,146,146,146,146,135,135,135,135,135,173,0,0,0,0,0,0,0,0,0,0,0,0,0,0,0,0,0,0,0,0,173,135,135,135,135,170,173,0,0,173,135,135,135,135,135,135,135,135,135,135,135,135,135,135,135,135,135,135,173,0,0,0,0,0,0,0,0,0,0,0,0,0,0,0,0,0,0,0,0,0,170,146,146,146,146,170,135,135,173,101,101,101,101,101,101,101,193,13,13,13,13,13,13,101,173,173,0,0,0,0,0,0,0,0,0,0,0,146,146,146,146,146,146,146,146,146,146,170,170,146,146,146,146,146,146,0,0,0,0,0
0,0,0,0,0,0,0,0,0,0,0,0,0,0,0,0,0,0,0,0,0,0,173,146,146,146,146,146,135,135,135,135,135,135,135,135,135,135,135,135,135,146,146,146,146,146,146,146,146,146,146,146,146,170,170,146,146,135,170,135,135,135,135,135,135,170,146,146,146,170,135,135,135,135,135,135,135,135,135,135,135,135,135,135,135,170,101,101,13,13,13,101,101,13,13,101,101,101,13,13,13,13,101,173,135,135,135,135,135,135,135,135,146,146,146,146,146,146,146,146,135,135,135,135,173,0,0,0,0,0,0,0,0,0,0,0,0,0,0,0,0,0,0,0,0,0,173,135,135,135,173,0,0,0,0,0,173,0,0,135,135,135,135,135,135,135,135,135,135,135,135,135,173,135,173,0,0,0,0,0,0,0,170,0,0,0,0,0,0,0,0,0,0,0,0,0,146,146,146,146,146,173,170,170,173,101,101,101,101,101,193,193,8,13,13,13,13,13,13,101,173,0,0,0,0,0,0,0,0,0,0,0,0,146,146,146,146,146,146,146,146,170,170,170,146,146,146,146,146,146,146,0,0,0,0,0
0,0,0,0,0,0,0,0,0,0,0,0,0,0,0,0,0,0,0,0,0,0,0,0,0,146,146,173,173,135,135,135,135,135,135,135,135,135,135,135,135,146,146,146,146,146,170,146,146,170,146,146,146,170,135,135,135,135,135,135,135,135,135,135,135,135,170,170,170,170,135,135,135,135,135,135,135,135,135,135,135,135,135,135,135,135,101,101,101,101,101,101,13,13,13,101,173,101,101,101,13,101,173,173,170,135,135,135,135,135,135,135,146,146,146,146,146,146,146,135,135,135,135,173,173,0,0,0,0,0,0,0,0,0,0,0,0,0,0,0,0,0,0,0,0,0,173,173,170,170,0,0,0,0,0,0,0,0,0,135,135,135,135,135,135,135,135,135,135,135,135,173,135,146,146,170,170,219,0,173,173,170,170,170,0,0,0,0,0,0,0,0,0,0,0,0,146,146,146,146,173,101,101,101,101,101,101,101,101,8,193,193,13,13,13,13,13,13,13,101,0,0,0,0,0,0,0,0,0,0,0,0,0,146,146,146,146,146,146,146,170,170,101,146,146,146,146,146,146,146,173,0,0,0,0,0
0,0,0,0,0,0,0,0,0,0,0,0,0,0,0,0,0,0,0,0,0,0,0,0,0,0,0,0,173,135,135,135,135,135,135,135,135,135,135,135,146,146,146,146,135,135,146,146,146,146,170,170,170,170,135,135,135,135,135,135,135,146,146,135,135,135,135,135,135,135,135,135,135,135,135,135,135,135,135,135,135,135,135,135,135,135,170,13,101,101,101,13,13,13,101,173,0,0,219,173,101,173,173,0,173,173,173,173,135,135,135,135,135,135,146,146,146,146,146,146,135,135,135,135,173,0,0,0,0,0,0,0,0,0,0,0,0,0,0,0,0,0,0,0,0,0,0,0,0,0,0,0,0,0,0,0,0,0,219,170,135,135,135,135,135,135,135,135,0,0,0,173,135,146,170,146,146,170,170,146,146,146,170,101,173,170,0,0,0,0,0,0,0,0,0,0,146,146,146,146,173,101,101,101,101,101,13,101,193,8,13,13,13,13,13,13,13,13,8,8,173,0,0,0,0,0,0,0,0,0,0,0,0,173,146,146,146,146,170,170,170,170,170,146,146,146,146,146,146,173,0,0,0,0,0,0
0,0,0,0,0,0,0,0,0,0,0,0,0,0,0,0,0,0,0,0,0,0,0,0,0,0,0,0,0,173,135,135,135,135,135,135,135,135,146,146,146,146,146,146,135,135,146,146,146,170,146,170,135,170,135,135,135,135,135,135,135,170,135,135,135,135,135,135,135,135,135,135,135,135,135,135,135,135,135,135,135,135,135,135,135,135,170,13,101,0,0,101,101,13,101,0,0,0,0,173,173,0,0,0,0,0,173,173,0,0,173,135,135,146,146,146,146,146,146,146,146,135,135,135,173,173,0,0,173,173,173,0,0,0,0,0,0,0,0,0,0,0,0,0,0,0,0,0,0,0,0,0,0,0,0,0,0,0,0,171,173,135,135,135,135,135,135,135,0,0,0,170,135,135,170,146,146,146,170,146,146,173,146,146,170,170,0,0,0,0,0,0,0,0,0,0,173,146,146,146,173,101,13,101,101,13,101,101,193,8,13,13,13,13,13,13,13,13,8,8,0,0,0,0,0,0,0,0,0,0,0,0,0,146,146,146,146,170,170,170,170,170,146,146,146,146,146,146,0,0,0,0,0,0,0,0
0,0,0,0,0,0,0,0,0,0,0,0,0,0,0,0,0,0,0,0,0,0,0,0,0,0,0,0,173,135,135,135,135,135,135,135,135,135,146,146,146,146,170,146,146,135,135,135,170,146,146,146,135,135,170,135,135,135,135,135,135,135,135,135,135,135,135,135,135,135,135,135,135,135,135,135,135,135,135,135,135,135,135,135,135,135,173,0,0,0,0,173,101,101,101,0,0,0,0,0,0,0,0,0,0,0,0,0,0,0,0,173,0,173,146,146,146,146,146,146,146,146,135,135,135,173,173,173,135,135,135,135,173,0,0,0,0,0,0,0,0,0,0,0,0,0,0,0,0,0,0,0,0,0,0,0,0,0,0,173,135,135,135,135,135,135,135,135,0,0,173,170,146,135,173,0,146,146,170,170,101,173,146,146,146,146,173,0,0,0,0,0,170,173,219,173,173,173,101,170,173,101,101,101,101,13,101,193,193,13,8,13,13,13,13,101,8,8,173,0,0,0,0,0,0,0,0,0,0,0,0,0,0,146,146,146,146,170,170,170,170,146,146,146,170,170,146,170,0,0,0,0,0,0,0,0
0,0,0,0,0,0,0,0,0,0,0,0,0,0,0,0,0,0,0,0,0,0,0,0,0,0,0,219,173,135,135,135,135,135,135,135,135,135,135,146,146,146,170,135,135,135,135,135,170,146,146,146,170,146,146,146,146,146,170,135,135,135,135,135,135,135,135,135,135,135,135,135,135,135,135,135,135,135,135,135,135,135,135,135,135,135,173,0,0,0,0,173,101,101,101,101,173,0,0,0,0,0,0,0,0,0,0,0,0,0,0,0,0,0,0,146,146,146,146,146,146,146,135,135,135,135,173,135,135,135,135,135,135,0,0,0,0,0,0,0,0,0,0,0,0,0,0,0,0,0,0,0,0,0,0,0,0,0,219,173,135,135,135,135,135,135,135,173,0,0,173,170,170,170,0,0,0,173,170,13,13,101,146,146,146,146,146,173,173,173,173,173,135,135,170,170,170,173,173,101,173,101,101,13,101,13,101,8,193,13,13,13,13,13,173,0,0,0,0,0,0,0,0,0,0,0,0,146,146,0,0,0,170,146,146,170,170,170,170,170,146,146,170,170,173,0,0,0,0,0,0,0,0,0,0,0
0,0,0,0,0,0,0,0,0,0,0,0,0,0,0,0,0,0,0,0,0,0,0,0,0,0,0,0,173,135,135,135,135,135,135,135,135,135,170,146,146,146,146,135,135,135,135,135,170,146,146,146,146,170,146,146,146,146,135,135,135,135,135,135,135,135,135,135,135,135,135,135,135,135,135,135,135,173,173,173,0,173,135,135,173,173,0,0,0,0,173,101,101,13,13,13,173,0,0,0,0,0,0,0,0,0,0,0,0,0,0,0,0,0,0,173,146,146,146,146,146,146,135,135,135,135,135,135,135,135,135,135,135,0,0,0,0,0,0,0,0,0,0,0,0,0,0,0,0,0,0,0,0,0,0,0,0,0,0,173,173,135,135,135,135,135,135,0,0,0,0,0,171,0,0,0,0,0,170,146,170,170,101,146,146,146,146,101,13,101,173,170,135,135,135,170,173,101,101,101,101,101,101,101,101,101,193,8,8,13,13,13,101,101,0,0,0,0,0,0,0,0,0,0,0,0,173,146,146,146,146,173,170,101,101,170,170,170,170,146,146,170,170,0,0,0,0,0,0,0,0,0,0,0,0,0
0,0,0,0,0,0,0,0,0,0,0,0,0,0,0,0,0,0,0,0,0,0,0,0,0,173,219,135,135,135,135,135,135,135,135,135,135,135,170,135,146,146,146,135,135,135,135,170,146,146,146,146,146,146,146,146,135,135,135,135,135,135,135,135,135,135,135,135,135,135,135,135,135,135,135,135,135,0,0,0,0,0,0,173,173,0,0,0,0,0,173,8,13,13,101,13,101,173,0,0,0,0,0,0,0,0,0,0,0,0,0,0,0,0,0,173,146,146,146,146,146,146,135,135,135,135,135,135,135,135,135,135,135,135,135,0,0,0,0,0,0,0,0,0,0,0,0,0,0,0,0,0,0,0,0,0,0,0,0,0,0,0,135,135,135,135,135,135,0,0,0,0,0,0,0,0,0,0,173,170,170,170,101,101,146,146,170,146,146,146,170,146,135,135,135,173,101,101,101,101,101,101,13,101,13,193,8,13,13,13,13,13,173,0,0,0,0,0,0,0,0,0,0,0,0,0,0,146,146,146,146,146,101,101,101,0,170,170,146,146,146,170,0,0,0,0,0,0,0,0,0,0,0,0,0,0
0,0,0,0,0,0,0,0,0,0,0,0,0,0,0,0,0,0,0,0,0,0,0,0,173,135,135,135,135,135,135,135,135,135,135,135,135,135,135,135,135,135,135,135,135,135,146,146,146,146,146,146,146,146,146,146,135,135,135,135,135,135,135,135,135,135,135,135,135,135,135,135,135,135,135,135,173,0,0,0,0,0,0,173,173,0,0,0,0,0,173,8,173,101,101,101,101,173,173,0,0,0,0,0,0,0,0,0,0,0,0,0,0,173,135,135,135,146,146,146,146,146,146,146,135,135,135,135,135,135,135,135,135,135,135,0,0,0,0,0,0,0,0,0,0,0,0,0,0,0,0,0,0,0,0,0,0,0,0,0,0,0,173,135,135,135,135,135,173,173,170,0,0,0,0,0,0,219,173,173,170,170,173,101,146,170,101,101,146,146,146,146,146,146,170,173,101,101,13,101,101,13,101,13,13,13,13,13,13,13,13,13,8,0,0,0,0,0,0,0,0,0,0,0,0,0,0,173,146,146,146,146,146,146,146,0,0,0,146,146,173,0,0,0,0,0,0,0,0,0,0,0,0,0,0,0
0,0,0,0,0,0,0,0,0,0,0,0,0,0,0,0,0,0,0,0,0,0,0,0,173,135,135,135,135,135,135,135,135,135,135,135,135,135,135,135,135,135,135,135,135,135,135,135,146,146,146,146,146,146,146,146,146,146,146,146,135,135,135,135,135,135,135,135,135,135,135,135,135,135,135,135,170,0,0,0,0,0,0,0,0,0,0,0,0,0,0,0,173,170,173,173,173,0,0,0,0,0,0,0,0,0,0,0,0,0,0,0,0,0,0,135,170,146,146,146,146,146,146,146,135,135,135,135,135,135,135,135,135,135,173,173,0,0,0,0,0,0,0,0,0,0,0,0,0,0,0,0,0,0,0,0,0,0,0,0,0,0,135,135,135,135,135,135,135,135,135,0,0,0,0,0,0,0,0,0,0,0,0,173,170,101,101,13,101,146,146,146,146,146,146,101,101,13,101,101,13,13,13,13,13,13,101,101,13,13,13,101,101,0,0,0,0,0,0,0,0,0,0,0,0,0,0,170,146,146,146,146,146,146,146,0,0,0,170,0,0,0,0,0,0,0,0,0,0,0,0,0,0,0,0,0
0,0,0,0,0,0,0,0,0,0,0,0,0,0,0,0,0,0,0,0,0,0,0,173,135,135,135,135,135,135,135,135,135,135,135,135,135,135,135,135,135,135,135,135,135,135,135,135,146,146,146,146,146,146,146,146,146,146,146,146,146,135,135,135,135,135,135,135,135,135,135,135,135,135,135,135,135,173,0,0,0,0,0,0,0,0,0,0,0,0,0,0,170,170,0,0,0,0,0,0,0,0,0,0,0,0,0,0,0,0,0,0,0,0,0,170,170,146,146,146,146,146,146,146,146,135,135,135,135,135,135,135,173,173,173,0,0,0,0,0,0,0,0,0,0,0,0,0,0,0,0,0,0,0,0,0,0,0,0,0,0,0,135,135,135,135,173,135,135,135,135,173,0,0,0,0,0,0,0,0,0,0,0,0,0,173,101,13,101,101,146,146,146,146,101,101,101,101,101,13,13,13,13,13,13,13,13,13,13,13,8,8,8,0,0,0,0,0,0,0,0,0,0,0,0,173,146,219,170,170,0,146,146,146,146,146,0,170,173,0,0,0,0,0,0,0,0,0,0,0,0,0,0,0,0,0
0,0,0,0,0,0,0,0,0,0,0,0,0,0,0,0,0,0,0,0,0,0,0,135,135,135,135,135,135,135,135,135,135,135,135,135,135,135,135,135,135,135,135,135,135,135,135,146,146,146,146,146,146,146,170,170,146,146,146,146,146,135,135,135,135,135,135,135,135,135,135,135,135,135,135,135,135,0,0,0,0,0,0,0,0,0,0,0,0,0,0,170,170,170,0,0,0,0,0,0,0,0,0,0,0,0,0,0,0,0,0,0,0,0,0,146,146,135,135,135,146,146,135,135,135,135,135,135,135,135,135,135,219,0,0,0,0,0,0,0,0,0,0,0,0,0,0,0,0,0,0,0,0,0,0,0,0,0,0,0,0,0,170,173,173,170,135,135,135,135,135,135,173,0,0,0,0,0,0,0,0,0,0,0,0,0,173,101,101,13,101,101,101,101,13,13,13,13,13,13,101,101,13,13,13,101,101,13,8,8,8,8,0,0,0,0,0,0,0,0,0,0,0,0,170,146,146,146,170,0,0,146,146,146,146,146,173,173,0,0,0,0,0,0,0,0,0,0,0,0,0,0,0,0,0,0
0,0,0,0,0,0,0,0,0,0,0,0,0,0,0,0,173,170,135,0,0,0,0,135,135,135,135,135,135,135,135,135,135,135,135,135,135,135,135,135,135,135,135,135,135,135,135,146,146,146,146,146,146,146,146,146,146,146,146,146,146,135,135,135,135,135,135,135,135,135,135,135,135,135,135,135,135,0,0,0,0,0,0,0,0,0,0,0,0,0,170,170,173,0,0,0,0,0,0,0,0,0,0,0,0,0,0,0,0,0,0,0,0,219,146,146,146,146,146,135,135,135,135,135,135,135,135,135,135,135,135,135,0,0,0,0,0,0,0,0,0,0,0,0,0,0,0,0,0,0,0,0,0,0,0,0,0,0,0,0,0,0,0,0,0,173,170,135,135,135,135,135,173,173,173,170,0,0,0,0,0,8,0,0,0,0,173,8,8,8,8,101,13,13,101,13,13,13,13,13,8,8,8,8,173,0,8,8,0,0,173,0,0,0,0,0,0,0,0,0,0,0,0,219,146,146,146,146,170,0,146,146,146,146,146,146,0,0,0,0,0,0,0,0,0,0,0,0,0,0,0,0,0,0,0,0
0,0,0,0,0,0,0,0,0,0,0,0,0,0,0,0,135,135,135,135,0,171,219,135,135,135,135,135,135,135,135,135,135,135,135,135,135,135,135,135,135,135,135,135,135,146,146,146,146,146,146,146,146,146,146,170,146,135,146,146,135,135,135,135,135,135,135,135,135,135,135,135,135,135,135,135,135,219,0,0,0,0,0,0,0,0,0,0,0,0,0,0,0,0,0,0,0,0,0,0,0,0,0,0,0,0,0,0,0,0,0,0,0,173,146,146,146,146,146,135,135,135,135,135,135,135,135,135,135,135,135,135,173,0,0,0,0,0,0,0,0,0,0,0,0,0,0,0,0,0,0,0,0,0,0,0,0,0,0,0,0,0,0,0,0,0,0,172,135,135,135,135,135,135,135,135,173,0,0,0,0,0,170,173,0,0,0,0,0,173,8,8,13,13,13,101,8,173,173,8,8,8,8,173,0,0,0,0,0,0,0,0,0,0,0,0,0,0,0,0,0,0,0,146,146,146,146,146,0,0,146,146,146,146,146,146,0,0,0,0,0,0,0,0,0,0,0,0,0,0,0,0,0,0,0,0
0,0,0,0,0,0,0,0,0,0,0,0,0,0,0,219,170,135,135,135,135,135,135,135,135,135,135,135,135,135,135,135,135,135,135,135,135,135,135,135,135,135,135,135,135,146,146,146,146,146,146,146,146,146,146,135,135,135,135,135,135,135,135,135,135,135,135,135,135,135,135,135,135,135,135,135,135,219,0,0,0,0,0,0,0,0,0,0,0,0,0,0,0,0,0,0,0,0,0,0,0,0,0,0,0,0,0,0,0,0,0,0,0,173,146,146,146,146,146,135,135,135,135,135,135,135,135,135,135,135,173,173,0,0,0,0,0,0,0,0,0,0,0,0,0,0,0,0,0,0,0,0,0,0,0,0,0,0,0,0,0,0,0,0,0,0,0,173,135,135,135,135,135,135,135,135,135,135,173,0,0,0,0,135,0,0,0,0,0,0,8,8,8,8,173,173,173,0,0,0,0,0,0,0,0,0,0,0,0,0,0,0,0,0,0,0,0,0,171,170,146,173,146,146,146,146,146,0,0,0,0,146,170,173,146,146,146,0,0,0,0,0,0,0,0,0,0,0,0,0,0,0,0,0,0,0
0,0,0,0,0,0,0,0,0,0,0,0,0,173,146,170,146,146,146,135,135,135,135,135,135,135,135,135,135,135,135,135,135,135,135,135,135,135,135,135,135,135,135,135,135,135,135,146,146,146,146,146,146,146,146,170,135,135,135,135,135,135,135,135,135,135,135,135,135,135,135,135,135,135,135,135,135,173,0,0,0,0,0,0,0,0,0,0,0,0,0,0,0,0,0,0,0,0,0,0,0,0,0,0,0,0,0,0,0,0,0,0,0,170,146,146,135,135,135,135,135,135,135,135,135,135,135,135,135,135,173,0,0,0,0,0,0,0,0,0,0,0,0,0,0,0,0,0,0,0,0,0,0,0,0,0,0,0,0,0,0,0,0,0,0,0,172,135,135,135,135,135,135,135,135,135,135,135,173,0,0,0,173,173,0,0,0,0,0,0,0,173,101,173,0,0,0,0,0,0,0,0,0,0,0,0,0,0,0,0,0,0,0,0,0,0,0,0,0,146,146,146,146,146,146,146,146,0,0,0,0,170,101,146,146,146,146,173,173,0,0,0,0,0,0,0,0,0,0,0,0,0,0,0,0,0
0,0,0,0,0,0,0,0,0,0,0,0,0,146,146,146,146,146,146,146,135,135,135,135,135,135,135,135,135,135,135,135,135,135,135,135,135,135,135,135,135,135,135,135,135,135,135,146,146,146,146,146,146,146,135,135,135,135,135,135,135,135,135,135,135,135,135,135,135,135,135,135,135,135,135,135,135,173,0,0,0,0,0,0,0,0,0,0,0,0,0,0,0,0,0,0,0,0,0,0,0,0,0,0,0,0,0,0,0,0,0,0,0,0,173,135,135,135,135,135,135,135,135,135,135,135,135,135,135,135,135,173,173,0,0,0,0,0,0,0,0,0,0,0,0,0,0,0,0,0,0,0,0,0,0,0,0,0,0,0,0,0,0,0,0,0,219,173,135,135,135,135,135,135,135,135,135,135,173,0,0,173,135,173,0,0,0,0,0,0,0,0,0,0,0,0,0,0,0,0,0,0,0,0,0,0,0,0,0,0,0,0,0,0,0,0,0,146,173,173,146,146,146,146,146,146,146,0,0,0,0,0,0,146,146,146,146,146,146,0,0,0,0,0,0,0,0,0,0,0,0,0,0,0,0,0
0,0,0,0,0,0,0,0,0,0,0,0,219,146,146,146,146,146,146,146,135,135,135,135,135,135,135,135,135,135,135,135,135,135,135,135,135,135,135,135,135,135,135,135,135,135,146,146,146,146,146,146,146,135,135,135,135,135,135,135,135,135,135,135,135,135,135,135,135,135,135,135,135,135,135,135,135,135,0,0,0,0,0,0,0,0,0,0,0,0,0,0,0,0,0,0,0,0,0,0,0,0,0,0,0,0,0,0,0,0,0,0,0,0,0,135,135,135,135,135,135,135,135,135,135,135,135,135,135,135,135,135,135,173,0,0,0,0,0,0,0,0,0,0,0,0,0,0,0,0,0,0,0,0,0,0,0,0,0,0,0,0,0,0,0,0,0,173,135,135,135,135,135,135,135,135,135,135,135,173,0,135,135,135,135,135,0,0,0,0,0,0,0,0,0,0,0,0,0,0,0,0,0,0,0,0,0,0,0,0,0,0,0,0,0,0,0,146,146,146,146,146,146,146,146,146,146,0,0,0,0,0,0,146,146,146,146,146,146,170,0,0,0,0,0,0,0,0,0,0,0,0,0,0,0,0
0,0,0,0,0,0,0,0,0,0,0,0,0,170,146,146,146,146,146,146,135,135,135,135,135,135,135,135,135,135,135,135,146,146,135,135,135,135,135,135,173,135,135,135,135,170,146,146,146,146,146,146,146,135,135,135,135,135,135,135,135,135,135,135,135,135,135,135,173,173,173,173,135,135,135,135,135,135,173,0,0,0,0,0,0,0,0,0,0,0,0,0,0,0,0,0,0,0,0,0,0,0,0,0,0,0,0,0,0,0,0,0,0,0,219,135,135,135,135,135,135,135,135,135,135,135,135,135,135,135,135,135,135,173,0,0,0,0,0,0,0,0,0,0,0,0,0,0,0,0,0,0,0,0,0,0,0,0,0,0,0,0,0,0,0,0,0,173,135,135,135,135,135,135,135,135,135,135,135,135,135,135,135,135,135,135,173,0,0,0,0,0,0,0,0,0,0,0,0,0,0,0,0,0,0,0,0,0,0,0,0,0,0,0,0,0,0,146,146,146,146,146,146,146,146,146,146,146,146,0,0,0,146,146,146,146,146,146,146,146,0,0,0,0,0,0,0,0,0,0,0,0,0,0,0,0
0,0,0,0,0,0,0,0,0,0,0,0,0,0,173,146,146,146,146,135,135,135,135,135,135,135,135,135,135,135,135,135,146,146,146,170,135,0,0,173,219,135,135,135,135,135,135,146,146,146,146,146,146,146,135,135,135,135,135,135,135,135,135,135,135,135,135,135,219,0,0,0,0,173,173,135,135,135,173,173,173,0,0,0,0,0,0,0,0,0,0,0,0,0,0,0,0,0,0,0,0,0,0,0,0,0,0,0,0,0,0,0,0,0,173,135,135,135,135,135,135,135,135,135,135,135,135,135,135,135,135,135,135,135,173,0,0,0,0,0,0,0,0,0,0,0,0,0,0,0,0,0,0,0,0,0,0,0,0,0,0,0,0,0,0,0,0,173,170,135,135,135,135,135,135,135,135,135,135,135,135,135,135,135,135,135,135,0,0,0,0,0,0,0,0,0,0,0,0,0,0,0,0,0,0,0,0,0,0,0,0,0,0,0,0,0,173,146,146,146,146,146,146,146,146,146,146,146,146,219,170,146,146,146,146,146,146,146,171,173,0,0,0,0,0,0,0,0,0,0,0,0,0,0,0,0
0,0,0,0,0,0,0,0,0,0,0,0,0,0,146,146,146,146,146,135,135,135,135,135,135,135,135,135,135,135,135,135,146,146,146,146,146,0,0,0,0,219,135,135,135,135,170,146,146,146,146,146,146,146,135,135,135,135,135,135,135,135,135,135,135,135,135,135,173,0,0,0,0,0,0,0,0,0,0,173,173,0,0,0,0,0,0,0,0,0,0,0,0,0,0,0,0,0,0,0,0,0,0,0,0,0,0,0,0,0,0,0,0,0,135,135,135,135,135,135,135,135,135,135,135,135,135,135,135,135,135,135,135,135,170,0,0,0,0,0,0,0,0,0,0,0,0,0,135,173,0,0,0,0,0,0,0,0,0,0,0,0,0,0,0,0,0,0,0,173,135,135,135,135,135,135,135,135,135,135,135,135,135,135,135,135,135,173,173,173,135,135,0,0,0,0,0,0,0,0,0,0,0,0,0,0,0,173,0,0,0,0,0,0,0,0,146,146,146,146,146,146,146,146,146,146,146,146,146,170,170,146,146,146,146,146,146,170,0,0,0,0,0,0,0,0,0,0,0,0,0,0,0,0,0,0
0,0,0,0,0,0,0,0,0,0,0,0,0,171,146,146,146,135,135,135,135,135,135,135,135,135,135,135,135,135,135,146,146,146,146,146,146,0,0,0,0,0,0,135,135,135,135,135,146,146,146,146,146,146,135,135,135,135,135,135,135,135,135,135,135,135,135,173,0,0,0,0,0,0,0,0,0,0,0,0,0,0,0,0,0,0,0,0,0,0,0,0,0,0,0,0,0,0,0,0,0,0,0,0,0,0,0,0,0,0,0,0,0,0,173,135,135,135,135,135,135,135,135,135,135,135,135,135,135,135,135,135,135,135,135,173,0,0,0,0,0,0,0,173,0,0,173,135,135,135,173,0,0,0,0,0,0,0,0,0,0,0,0,0,0,0,0,0,0,173,135,135,170,170,135,135,135,135,135,135,135,135,135,135,135,135,135,135,135,135,135,135,135,170,135,135,170,173,0,0,0,0,0,0,0,8,8,146,173,0,0,0,0,0,173,146,146,146,146,146,146,146,146,146,146,146,0,0,0,0,170,170,146,146,146,146,146,170,0,0,0,0,0,0,0,0,0,0,0,0,0,0,0,0,0,0
0,0,0,0,0,0,0,0,0,0,0,0,0,146,146,146,146,135,135,135,135,135,135,135,135,135,135,135,135,135,135,170,146,146,146,146,173,0,0,0,0,0,0,170,135,135,135,135,135,146,146,146,135,135,135,135,135,135,135,135,135,135,135,135,135,135,135,173,0,0,0,0,0,0,0,0,0,0,0,0,0,0,0,0,0,0,0,0,0,0,0,0,0,0,0,0,0,0,0,0,0,0,0,0,0,0,0,0,0,0,0,0,0,0,173,173,173,135,135,135,135,135,135,135,135,135,135,135,135,135,135,135,135,135,173,173,0,0,172,0,0,173,135,135,173,173,135,135,0,0,0,0,0,0,0,0,0,0,0,0,0,0,0,0,0,0,0,0,0,0,0,0,170,173,135,135,135,135,135,135,135,135,135,135,135,135,135,135,135,135,135,173,135,135,135,135,135,170,170,0,173,0,0,0,170,8,8,173,173,0,0,0,0,0,0,146,146,146,146,146,146,146,146,0,0,0,0,0,0,0,170,173,173,146,146,146,146,146,173,0,0,0,0,0,0,0,0,0,0,0,0,0,0,0,0,0
0,0,0,0,0,0,0,0,0,0,0,0,173,146,146,146,135,135,135,135,173,0,135,173,135,135,135,135,146,146,170,146,146,146,146,0,0,0,0,0,0,0,0,0,135,135,135,135,135,146,135,146,135,135,135,135,135,135,135,135,135,135,173,173,135,173,173,173,0,0,0,0,0,0,0,0,0,0,0,0,0,0,0,0,0,0,0,0,0,0,0,0,0,0,0,0,0,0,0,0,0,0,0,0,0,0,0,0,0,0,0,0,0,173,0,0,0,173,135,135,135,135,135,135,135,135,135,135,135,135,135,135,135,135,135,173,0,0,173,170,135,135,135,135,135,173,135,135,0,0,0,0,0,0,0,0,0,0,0,0,0,0,0,0,0,0,0,0,0,0,0,0,0,173,170,135,135,135,135,135,135,135,135,135,135,135,135,135,135,135,135,135,135,135,135,135,135,146,135,135,135,135,135,170,170,173,0,0,0,0,0,0,0,0,173,146,146,146,170,146,146,146,173,0,0,0,0,0,0,0,173,146,146,146,146,146,146,173,0,0,0,0,0,0,0,0,0,0,0,0,0,0,0,0,0,0
0,0,0,0,0,0,0,0,0,0,0,0,173,146,146,146,0,135,173,0,0,0,0,0,0,135,135,146,146,146,146,146,146,146,146,0,0,0,0,0,0,0,0,0,173,135,135,135,135,135,135,135,135,135,135,135,135,135,135,135,173,0,0,0,0,0,0,0,0,0,0,0,0,0,0,0,0,0,0,0,0,0,0,0,0,0,0,0,0,0,0,0,0,0,0,0,0,0,0,0,0,0,0,0,0,0,0,0,0,0,0,0,0,170,170,0,0,173,135,135,135,135,135,135,135,135,135,135,135,135,135,135,135,135,135,135,173,0,0,170,135,135,135,135,135,170,173,170,170,0,0,0,0,0,135,173,0,0,0,0,0,0,0,0,0,0,0,0,0,0,0,0,0,0,173,135,135,135,135,135,135,135,135,135,135,135,135,135,135,135,135,135,135,135,135,135,135,135,135,135,135,135,135,135,135,173,0,0,0,0,0,0,0,0,146,170,173,0,0,0,146,146,0,0,0,0,0,0,0,0,146,146,146,146,146,146,146,8,0,0,0,0,0,0,0,0,0,0,0,0,0,0,0,0,0,0
0,0,0,0,0,0,0,0,0,0,0,170,146,146,146,170,0,0,0,0,0,0,0,0,0,173,135,135,146,146,146,146,146,146,146,146,173,0,0,0,0,0,0,0,0,173,135,135,135,135,135,135,135,135,135,135,135,135,135,135,173,0,0,0,0,0,0,0,0,0,0,0,0,0,0,0,0,0,0,0,0,0,0,0,0,0,0,0,0,0,0,0,0,0,0,0,0,0,0,0,0,0,0,0,0,0,0,0,0,0,173,173,173,170,173,170,0,173,135,135,135,135,135,135,135,135,135,135,135,135,135,135,135,135,135,135,135,135,135,135,135,135,135,135,135,135,135,135,135,173,0,0,135,135,135,135,0,0,0,0,173,170,0,0,0,0,0,0,0,0,0,0,0,0,0,135,135,135,135,135,135,135,135,135,135,135,135,135,135,135,135,135,135,135,135,135,135,135,170,135,135,135,135,135,0,0,0,0,0,0,0,0,0,0,0,0,0,0,0,0,0,0,0,0,0,0,0,0,0,146,146,146,146,146,146,146,146,173,0,0,0,0,0,0,0,0,0,0,0,0,0,0,0,0,0,0
0,0,0,0,0,0,0,0,0,0,0,0,170,170,0,0,0,0,0,0,0,0,0,0,0,135,135,135,146,146,146,146,146,146,146,146,146,146,170,0,0,0,0,0,173,173,135,135,135,135,135,135,135,135,135,135,135,135,135,173,0,0,0,0,0,0,0,0,0,0,0,0,0,0,0,0,0,0,0,0,0,0,0,0,0,0,0,0,0,0,0,0,0,0,0,0,0,0,0,0,0,0,0,0,0,0,0,0,0,173,135,135,135,135,135,170,8,0,135,135,135,135,135,135,135,135,135,135,135,135,135,135,135,135,135,135,135,135,135,135,135,135,135,135,135,135,135,135,135,135,135,135,135,135,135,135,135,170,170,135,135,0,0,0,0,0,0,0,0,0,0,0,0,0,173,135,135,135,135,135,135,135,135,0,0,0,135,135,135,135,135,135,135,135,135,135,135,135,135,135,135,135,135,173,0,0,0,0,0,0,0,0,0,0,0,0,0,0,0,0,0,0,0,0,0,0,0,170,170,146,146,146,146,146,146,170,173,0,0,0,0,0,0,0,0,0,0,0,0,0,0,0,0,0,0,0
0,0,0,0,0,0,0,0,0,0,0,0,0,0,0,0,0,0,0,0,0,0,0,0,0,173,219,170,146,146,146,146,146,146,146,146,146,146,173,0,0,0,0,0,0,0,135,135,135,135,135,135,135,135,135,135,135,135,0,0,0,0,0,0,0,0,0,0,0,0,0,0,0,0,0,0,0,0,0,0,0,0,0,0,0,0,0,0,0,0,0,0,0,0,0,0,0,0,0,0,0,0,0,0,0,0,173,0,173,170,135,135,135,135,135,135,135,135,135,135,135,135,135,135,135,135,135,135,135,135,135,135,173,173,0,0,170,135,135,135,135,135,135,135,135,135,135,135,135,135,135,135,135,135,135,135,135,170,170,135,135,173,0,0,0,0,0,0,0,0,0,0,0,0,173,173,135,135,135,135,135,135,0,0,0,0,219,170,135,135,135,135,135,135,135,135,135,135,173,0,173,135,135,135,0,0,0,0,0,0,0,0,0,0,0,0,0,0,0,0,0,0,0,0,0,0,170,146,146,146,146,146,146,146,146,170,0,0,0,0,0,0,0,0,0,0,0,0,0,0,0,0,0,0,0,0
0,0,0,0,0,0,0,0,0,0,0,0,0,0,0,0,0,0,0,0,0,0,0,0,0,0,0,0,146,146,146,146,146,146,146,146,146,146,173,0,0,0,0,0,0,0,173,135,135,135,135,135,135,135,135,135,135,0,0,0,0,0,0,0,0,0,0,0,0,0,0,0,0,0,0,0,0,0,0,0,0,0,0,0,0,0,0,0,0,0,0,0,0,0,0,0,0,0,0,0,0,0,0,0,0,219,173,173,170,135,135,135,135,135,135,135,135,135,135,135,135,135,135,135,135,135,135,135,135,135,135,170,0,0,0,0,0,0,0,173,135,135,135,135,173,0,0,0,0,0,135,135,135,135,135,135,135,170,173,173,173,0,0,0,0,0,0,0,0,0,0,0,0,0,0,0,135,135,135,135,135,173,0,0,0,0,0,0,173,135,135,173,0,0,0,0,173,0,0,0,0,0,173,173,170,170,0,0,0,0,0,0,0,0,0,0,0,0,0,0,0,0,0,0,0,0,146,146,146,146,146,146,146,146,146,0,0,0,0,0,0,0,0,0,0,0,0,0,0,0,0,0,0,0,0,0
0,0,0,0,0,0,0,0,0,0,0,0,0,0,0,0,0,0,0,0,0,0,0,0,0,0,0,0,0,173,146,146,146,146,146,146,146,170,173,0,0,0,0,0,0,0,173,170,173,135,135,135,135,135,135,135,135,0,0,0,0,0,0,0,0,0,0,0,0,0,0,0,0,0,0,0,0,0,0,0,0,0,0,0,0,0,0,0,0,0,0,0,0,0,173,0,173,146,146,146,0,0,0,0,0,146,146,170,135,135,135,135,135,135,135,135,135,135,135,135,135,135,135,135,135,135,135,135,135,135,135,0,0,0,0,0,0,0,0,173,170,170,0,0,0,0,0,0,0,0,0,0,0,135,135,135,135,135,170,0,0,173,0,0,0,0,0,0,0,0,0,0,0,0,0,0,135,135,135,135,135,135,0,0,0,0,0,0,0,0,0,0,0,0,0,0,0,0,0,0,0,0,0,0,0,0,0,0,0,0,0,0,0,0,0,0,0,0,0,0,0,0,0,0,0,146,146,146,146,146,146,146,146,146,0,0,0,0,0,0,0,0,0,0,0,0,0,0,0,0,0,0,0,0,0,0
0,0,0,0,0,0,0,0,0,0,0,0,0,0,0,0,0,0,0,0,0,0,0,0,0,0,0,0,0,0,146,146,146,146,146,146,146,0,0,0,0,0,0,0,0,0,0,0,0,0,173,135,135,135,135,135,173,0,0,0,0,0,0,0,0,0,0,0,0,0,0,0,0,0,0,0,0,0,0,0,0,0,0,0,0,0,0,0,0,0,0,0,0,173,170,170,146,146,146,146,173,0,0,170,146,146,146,146,170,135,135,135,135,135,135,135,135,135,135,135,135,135,135,135,135,135,135,135,135,135,173,0,0,0,0,0,0,0,0,0,173,0,0,0,0,0,0,0,0,0,0,0,0,173,0,173,135,135,0,0,0,0,0,0,0,0,0,0,0,0,0,0,0,0,0,173,135,135,135,135,135,135,173,0,0,0,0,0,0,0,0,0,0,0,0,0,0,0,0,0,0,0,0,0,0,0,0,0,0,0,0,0,0,0,0,0,0,0,0,0,0,0,0,0,170,146,146,146,146,146,146,146,146,0,0,0,0,0,0,0,0,0,0,0,0,0,0,0,0,0,0,0,0,0,0,0
0,0,0,0,0,0,0,0,0,0,0,0,0,0,0,0,0,0,0,0,0,0,0,0,0,0,0,0,0,0,0,173,146,146,146,146,146,0,0,0,0,0,0,0,0,0,0,0,0,0,0,135,135,135,135,135,173,0,0,0,0,0,0,0,0,0,0,0,0,0,0,0,0,0,0,0,0,0,0,0,0,0,0,0,0,0,0,0,0,0,0,0,0,0,173,146,146,146,146,146,146,170,146,146,146,146,146,146,146,173,135,135,135,135,135,135,135,135,135,135,135,135,135,135,135,135,135,135,135,135,173,0,0,0,0,0,0,0,0,0,0,0,0,0,0,0,0,0,0,0,0,0,0,0,0,0,173,135,0,0,0,0,0,0,0,0,0,0,0,0,0,0,173,170,170,146,146,146,0,0,135,146,146,0,0,0,0,0,0,0,0,0,0,0,0,0,0,0,0,0,0,0,0,0,0,0,0,0,0,0,0,0,0,0,0,0,0,0,0,0,0,170,146,146,146,146,146,146,146,146,146,146,0,0,0,0,0,0,0,0,0,0,0,0,0,0,0,0,0,0,0,0,0,0,0,0
0,0,0,0,0,0,0,0,0,0,0,0,0,0,0,0,0,0,0,0,0,0,0,0,0,0,0,0,0,0,0,0,170,146,146,146,146,146,0,0,0,0,0,0,0,0,0,0,0,0,0,135,135,135,135,135,173,0,0,0,0,0,0,0,0,0,0,0,0,0,0,0,0,0,0,0,0,0,0,0,0,0,0,0,0,0,0,0,0,0,0,0,0,0,146,146,146,146,146,146,146,146,146,146,146,146,146,146,146,146,146,170,135,135,135,135,135,135,135,135,135,135,135,135,135,135,135,135,135,135,173,0,0,0,0,0,0,0,0,0,0,0,0,0,0,0,0,0,0,0,0,0,0,0,0,0,0,0,0,0,0,0,0,0,0,0,0,0,0,0,0,0,173,146,146,146,146,146,0,0,146,146,146,146,146,146,170,0,0,0,0,0,0,0,0,0,0,0,0,0,0,0,0,0,0,0,0,0,0,0,0,0,0,0,0,0,0,0,0,0,173,146,146,146,146,146,146,146,146,146,146,146,0,0,0,0,0,0,0,0,0,0,0,0,0,0,0,0,0,0,0,0,0,0,0,0
0,0,0,0,0,0,0,0,0,0,0,0,0,0,0,0,0,0,0,0,0,0,0,0,0,0,0,0,0,0,0,0,146,146,146,146,146,146,0,0,0,0,0,0,0,0,0,0,0,0,135,135,135,135,135,135,135,173,0,0,0,173,173,0,0,0,0,0,0,0,0,0,0,0,0,0,0,0,0,0,0,0,0,0,0,0,0,0,0,0,0,0,0,0,146,146,146,146,146,146,146,146,146,146,146,146,146,146,146,146,146,173,135,135,135,135,135,135,135,135,135,135,135,135,135,135,135,173,135,173,0,0,0,0,0,0,0,0,0,0,0,0,0,0,0,0,0,0,0,0,0,0,0,0,0,0,0,0,0,0,0,0,0,0,0,0,0,0,0,0,0,0,173,170,135,146,135,146,146,146,146,146,146,146,146,146,146,0,0,0,0,0,0,0,0,0,0,0,0,0,0,0,0,0,0,0,0,0,0,0,0,0,0,0,0,0,0,0,0,0,0,173,146,146,146,146,146,146,146,146,146,146,0,0,0,0,0,0,0,0,0,0,0,0,0,0,0,0,0,0,0,0,0,0,0,0
0,0,0,0,0,0,0,0,0,0,0,0,0,0,0,0,0,0,0,0,0,0,0,0,0,0,0,0,0,0,0,170,146,146,146,146,146,173,0,0,0,0,0,0,0,0,0,0,219,173,135,135,135,135,135,135,135,135,135,173,173,170,170,173,0,0,0,0,0,0,0,0,0,0,0,0,0,0,0,0,0,0,0,0,0,0,0,0,0,0,0,0,0,170,146,146,146,146,146,146,146,146,146,146,146,146,146,146,146,146,146,170,0,0,0,173,135,135,135,135,135,135,135,135,173,0,0,0,173,170,173,0,0,0,0,0,0,0,0,0,0,0,0,0,0,0,0,0,0,0,0,0,0,0,0,0,0,0,0,0,0,0,0,0,0,0,0,0,0,0,0,0,0,0,170,135,146,146,146,146,146,146,146,146,146,146,146,146,146,0,170,173,0,0,0,0,0,0,0,0,0,0,0,0,0,0,0,0,0,0,0,0,0,0,0,0,0,0,0,0,0,219,146,146,146,146,146,146,146,146,146,146,146,146,0,0,0,0,0,0,0,0,0,0,0,0,0,0,0,0,0,0,0,0,0,0
0,0,0,0,0,0,0,0,0,0,0,0,0,0,0,0,0,0,0,0,0,0,0,0,0,0,0,0,0,170,146,146,146,146,146,146,146,0,0,0,0,0,0,0,0,0,0,170,135,135,135,135,135,135,135,135,135,135,135,135,135,135,135,173,0,0,0,0,0,0,0,0,0,0,0,0,0,0,0,0,0,0,0,0,0,0,0,0,0,0,0,0,0,146,146,146,146,146,146,146,146,146,146,146,146,146,146,146,146,146,173,173,0,0,0,0,135,135,135,135,135,135,135,135,0,0,0,0,0,0,0,0,0,0,0,0,0,0,0,0,0,0,0,0,0,0,0,0,0,0,0,0,0,0,0,0,0,0,0,0,0,0,0,0,0,0,0,0,0,0,0,0,0,0,0,173,170,146,146,146,146,146,146,173,146,146,173,170,146,170,170,170,0,0,0,0,0,0,0,0,0,0,0,0,0,0,0,0,0,0,0,0,0,0,0,0,0,0,0,0,0,0,170,146,170,146,146,146,146,146,146,146,146,146,0,0,0,0,0,0,0,0,0,0,0,0,0,0,0,0,0,0,0,0,0,0
0,0,0,0,0,0,0,0,0,0,0,0,0,0,0,0,0,0,0,0,0,0,0,0,0,0,0,0,171,170,146,146,146,173,146,146,0,0,0,0,0,0,0,0,0,0,0,170,173,135,135,135,135,135,0,173,135,135,135,135,135,135,135,173,0,0,0,0,0,0,0,0,0,0,0,0,0,0,0,0,0,0,0,0,0,0,0,0,0,0,0,0,0,146,146,146,146,146,146,146,146,146,146,146,146,146,146,146,146,0,0,0,0,0,0,0,173,173,135,135,135,135,135,135,219,0,0,0,0,0,0,0,0,0,0,0,0,0,0,0,0,0,0,0,0,0,0,0,0,0,0,0,0,0,0,0,0,0,0,0,0,0,0,0,0,0,0,0,0,0,0,0,0,0,0,0,170,173,146,146,146,146,173,0,219,146,0,0,219,0,173,173,0,0,0,0,0,0,0,0,0,0,0,0,0,0,0,0,0,0,0,0,0,0,0,0,0,0,0,0,0,0,0,0,0,170,173,146,146,146,146,0,0,0,0,0,0,0,0,0,0,0,0,0,0,0,0,0,0,0,0,0,0,0,0,0
0,0,0,0,0,0,0,0,0,0,0,0,0,0,0,0,0,0,0,0,0,0,0,0,0,0,0,0,0,0,146,146,146,0,0,0,0,0,0,0,0,0,0,0,0,0,0,0,0,0,135,135,0,0,0,0,0,0,171,135,135,135,135,173,0,0,0,0,0,0,0,0,0,0,0,0,0,0,0,0,0,0,0,0,0,0,0,0,0,0,0,0,0,146,0,0,170,146,146,146,146,146,146,146,146,146,146,146,146,0,0,0,0,0,0,0,0,0,171,173,135,135,135,135,135,0,0,0,0,0,0,0,0,0,0,0,0,0,0,0,0,0,0,0,0,0,0,0,0,0,0,0,0,0,0,0,0,0,0,0,0,0,0,0,0,0,0,0,0,0,0,0,0,0,0,0,0,0,170,146,146,0,0,0,0,0,0,0,0,0,0,0,0,0,0,0,0,0,0,0,0,0,0,0,0,0,0,0,0,0,0,0,0,0,0,0,0,0,0,0,0,0,0,0,0,0,0,0,146,146,173,0,0,0,0,0,0,0,0,0,0,0,0,0,0,0,0,0,0,0,0,0,0,0,0,0
0,0,0,0,0,0,0,0,0,0,0,0,0,0,0,0,0,0,0,0,0,0,0,0,0,0,0,0,0,173,170,170,0,0,0,0,0,0,0,0,0,0,0,0,0,0,0,0,0,0,173,0,0,0,0,0,0,0,0,0,135,0,0,0,0,0,0,0,0,0,0,0,0,0,0,0,0,0,0,0,0,0,0,0,0,0,0,0,0,0,0,0,0,0,0,0,0,0,146,146,146,146,173,173,146,146,146,146,170,0,0,0,0,0,0,0,0,0,0,173,135,135,135,135,170,0,0,0,0,0,0,0,0,0,0,0,0,0,0,0,0,0,0,0,0,0,0,0,0,0,0,0,0,0,0,0,0,0,0,0,0,0,0,0,0,0,0,0,0,0,0,0,0,0,0,0,0,0,0,146,173,0,0,0,0,0,0,0,0,0,0,0,0,0,0,0,0,0,0,0,0,0,0,0,0,0,0,0,0,0,0,0,0,0,0,0,0,0,0,0,0,0,0,0,0,0,0,0,173,173,0,0,0,0,0,0,0,0,0,0,0,0,0,0,0,0,0,0,0,0,0,0,0,0,0,0
0,0,0,0,0,0,0,0,0,0,0,0,0,0,0,0,0,0,0,0,0,0,0,0,0,0,0,0,0,0,0,0,0,0,0,0,0,0,0,0,0,0,0,0,0,0,0,0,0,0,0,0,0,0,0,0,0,0,0,0,173,0,0,0,0,0,0,0,0,0,0,0,0,0,0,0,0,0,0,0,0,0,0,0,0,0,0,0,0,0,0,0,0,0,0,0,0,0,146,146,146,146,0,0,0,0,146,146,0,0,0,0,0,0,0,0,0,0,0,0,173,135,0,0,0,0,0,0,0,0,0,0,0,0,0,0,0,0,0,0,0,0,0,0,0,0,0,0,0,0,0,0,0,0,0,0,0,0,0,0,0,0,0,0,0,0,0,0,0,0,0,0,0,0,0,0,0,0,0,173,0,0,0,0,0,0,0,0,0,0,0,0,0,0,0,0,0,0,0,0,0,0,0,0,0,0,0,0,0,0,0,0,0,0,0,0,0,0,0,0,0,0,0,0,0,0,0,0,0,0,0,0,0,0,0,0,0,0,0,0,0,0,0,0,0,0,0,0,0,0,0,0,0,0,0,0
0,0,0,0,0,0,0,0,0,0,0,0,0,0,0,0,0,0,0,0,0,0,0,0,0,0,0,0,0,0,0,0,0,0,0,0,0,0,0,0,0,0,0,0,0,0,0,0,0,0,0,0,0,0,0,0,0,0,0,0,0,0,0,0,0,0,0,0,0,0,0,0,0,0,0,0,0,0,0,0,0,0,0,0,0,0,0,0,0,0,0,0,0,0,0,0,0,0,170,146,0,0,0,0,0,0,170,0,0,0,0,0,0,0,0,0,0,0,0,0,171,0,0,0,0,0,0,0,0,0,0,0,0,0,0,0,0,0,0,0,0,0,0,0,0,0,0,0,0,0,0,0,0,0,0,0,0,0,0,0,0,0,0,0,0,0,0,0,0,0,0,0,0,0,0,0,0,0,0,0,0,0,0,0,0,0,0,0,0,0,0,0,0,0,0,0,0,0,0,0,0,0,0,0,0,0,0,0,0,0,0,0,0,0,0,0,0,0,0,0,0,0,0,0,0,0,0,0,0,0,0,0,0,0,0,0,0,0,0,0,0,0,0,0,0,0,0,0,0,0,0,0,0,0,0,0
0,0,0,0,0,0,0,0,0,0,0,0,0,0,0,0,0,0,0,0,0,0,0,0,0,0,0,0,0,0,0,0,0,0,0,0,0,0,0,0,0,0,0,0,0,0,0,0,0,0,0,0,0,0,0,0,0,0,0,0,0,0,0,0,0,0,0,0,0,0,0,0,0,0,0,0,0,0,0,0,0,0,0,0,0,0,0,0,0,0,0,0,0,0,0,0,0,0,0,0,0,0,0,0,0,0,0,0,0,0,0,0,0,0,0,0,0,0,0,0,0,0,0,0,0,0,0,0,0,0,0,0,0,0,0,0,0,0,0,0,0,0,0,0,0,0,0,0,0,0,0,0,0,0,0,0,0,0,0,0,0,0,0,0,0,0,0,0,0,0,0,0,0,0,0,0,0,0,0,0,0,0,0,0,0,0,0,0,0,0,0,0,0,0,0,0,0,0,0,0,0,0,0,0,0,0,0,0,0,0,0,0,0,0,0,0,0,0,0,0,0,0,0,0,0,0,0,0,0,0,0,0,0,0,0,0,0,0,0,0,0,0,0,0,0,0,0,0,0,0,0,0,0,0,0,0
0,0,0,0,0,0,0,0,0,0,0,0,0,0,0,0,0,0,0,0,0,0,0,0,0,0,0,0,0,0,0,0,0,0,0,0,0,0,0,0,0,0,0,0,0,0,0,0,0,0,0,0,0,0,0,0,0,0,0,0,0,0,0,0,0,0,0,0,0,0,0,0,0,0,0,0,0,0,0,0,0,0,0,0,0,0,0,0,0,0,0,0,0,0,0,0,0,0,0,0,0,0,0,0,0,0,0,0,0,0,0,0,0,0,0,0,0,0,0,0,0,0,0,0,0,0,0,0,0,0,0,0,0,0,0,0,0,0,0,0,0,0,0,0,0,0,0,0,0,0,0,0,0,0,0,0,0,0,0,0,0,0,0,0,0,0,0,0,0,0,0,0,0,0,0,0,0,0,0,0,0,0,0,0,0,0,0,0,0,0,0,0,0,0,0,0,0,0,0,0,0,0,0,0,0,0,0,0,0,0,0,0,0,0,0,0,0,0,0,0,0,0,0,0,0,0,0,0,0,0,0,0,0,0,0,0,0,0,0,0,0,0,0,0,0,0,0,0,0,0,0,0,0,0,0,0
0,0,0,0,0,0,0,0,0,0,0,0,0,0,0,0,0,0,0,0,0,0,0,0,0,0,0,0,0,0,0,0,0,0,0,0,0,0,0,0,0,0,0,0,0,0,0,0,0,0,0,0,0,0,0,0,0,0,0,0,0,0,0,0,0,0,0,0,0,0,0,0,0,0,0,0,0,0,0,0,0,0,0,0,0,0,0,0,0,0,0,0,0,0,0,0,0,0,0,0,0,0,0,0,0,0,0,0,0,0,0,0,0,0,0,0,0,0,0,0,0,0,0,0,0,0,0,0,0,0,0,0,0,0,0,0,0,0,0,0,0,0,0,0,0,0,0,0,0,0,0,0,0,0,0,0,0,0,0,0,0,0,0,0,0,0,0,0,0,0,0,0,0,0,0,0,0,0,0,0,0,0,0,0,0,0,0,0,0,0,0,0,0,0,0,0,0,0,0,0,0,0,0,0,0,0,0,0,0,0,0,0,0,0,0,0,0,0,0,0,0,0,0,0,0,0,0,0,0,0,0,0,0,0,0,0,0,0,0,0,0,0,0,0,0,0,0,0,0,0,0,0,0,0,0,0
0,0,0,0,0,0,0,0,0,0,0,0,0,0,0,0,0,0,0,0,0,0,0,0,0,0,0,0,0,0,0,0,0,0,0,0,0,0,0,0,0,0,0,0,0,0,0,0,0,0,0,0,0,0,0,0,0,0,0,0,0,0,0,0,0,0,0,0,0,0,0,0,0,0,0,0,0,0,0,0,0,0,0,0,0,0,0,0,0,0,0,0,0,0,0,0,0,0,0,0,0,0,0,0,0,0,0,0,0,0,0,0,0,0,0,0,0,0,0,0,0,0,0,0,0,0,0,0,0,0,0,0,0,0,0,0,0,0,0,0,0,0,0,0,0,0,0,0,0,0,0,0,0,0,0,0,0,0,0,0,0,0,0,0,0,0,0,0,0,0,0,0,0,0,0,0,0,0,0,0,0,0,0,0,0,0,0,0,0,0,0,0,0,0,0,0,0,0,0,0,0,0,0,0,0,0,0,0,0,0,0,0,0,0,0,0,0,0,0,0,0,0,0,0,0,0,0,0,0,0,0,0,0,0,0,0,0,0,0,0,0,0,0,0,0,0,0,0,0,0,0,0,0,0,0,0
0,0,0,0,0,0,0,0,0,0,0,0,0,0,0,0,0,0,0,0,0,0,0,0,0,0,0,0,0,0,0,0,0,0,0,0,0,0,0,0,0,0,0,0,0,0,0,0,0,0,0,0,0,0,0,0,0,0,0,0,0,0,0,0,0,0,0,0,0,0,0,0,0,0,0,0,0,0,0,0,0,0,0,0,0,0,0,0,0,0,0,0,0,0,0,0,0,0,0,0,0,0,0,0,0,0,0,0,0,0,0,0,0,0,0,0,0,0,0,0,0,0,0,0,0,0,0,0,0,0,0,0,0,0,0,0,0,0,0,0,0,0,0,0,0,0,0,0,0,0,0,0,0,0,0,0,0,0,0,0,0,0,0,0,0,0,0,0,0,0,0,0,0,0,0,0,0,0,0,0,0,0,0,0,0,0,0,0,0,0,0,0,0,0,0,0,0,0,0,0,0,0,0,0,0,0,0,0,0,0,0,0,0,0,0,0,0,0,0,0,0,0,0,0,0,0,0,0,0,0,0,0,0,0,0,0,0,0,0,0,0,0,0,0,0,0,0,0,0,0,0,0,0,0,0,0
0,0,0,0,0,0,0,0,0,0,0,0,0,0,0,0,0,0,0,0,0,0,0,0,0,0,0,0,0,0,0,0,0,0,0,0,0,0,0,0,0,0,0,0,0,0,0,0,0,0,0,0,0,0,0,0,0,0,0,0,0,0,0,0,0,0,0,0,0,0,0,0,0,0,0,0,0,0,0,0,0,0,0,0,0,0,0,0,0,0,0,0,0,0,0,0,0,0,0,0,0,0,0,0,0,0,0,0,0,0,0,0,0,0,0,0,0,0,0,0,0,0,0,0,0,0,0,0,0,0,0,0,0,0,0,0,0,0,0,0,0,0,0,0,0,0,0,0,0,0,0,0,0,0,0,0,0,0,0,0,0,0,0,0,0,0,0,0,0,0,0,0,0,0,0,0,0,0,0,0,0,0,0,0,0,0,0,0,0,0,0,0,0,0,0,0,0,0,0,0,0,0,0,0,0,0,0,0,0,0,0,0,0,0,0,0,0,0,0,0,0,0,0,0,0,0,0,0,0,0,0,0,0,0,0,0,0,0,0,0,0,0,0,0,0,0,0,0,0,0,0,0,0,0,0,0
