16,16,16,16,16,16,16,16,16,16,16,16,16,16,16,16,16,16,16,16,16,16,16,16,16,16,16,16,16,16,16,16,16,16,16,16,16,16,16,16,16,16,16,16,16,16,16,16,16,16,16,16,16,16,16,16,16,16,16,16,16,16,16,16,16,16,16,16,16,16,16,16,16,16,16,16,16,16,16,16,16,16,16,16,16,16,16,16,16,16,16,16,16,16,16,16,16,16,16,16,16,16,16,16,16,16,16,16,16,16,16,16,16,16,16,16,16,16,16,16,16,16,16,16,16,16,16,16,16,16,16,16,16,16,16,16,16,16,16,16,16,16,16,16,16,16,16,16,16,16,16,16,16,16,16,16,16,16,16,16,16,16,16,16,16,16,16,16,16,16,16,16,16,16,16,16,16,16,16,16,16,16,16,16,16,16,16,16,16,16,16,16,16,16,16,16,16,16,16,16,16,16,16,16,16,16,16,16,16,16,16,16,16,16,16,16,16,16,16,16,16,16,16,16,16,16,16,16,16,16,16,16,16,16,16,16,16,16,16,16,16,16,16,16,16,16,16,16,16,16,16,16,16,16,16,16
16,16,16,16,16,16,16,16,16,16,16,16,16,16,16,16,16,16,16,16,16,16,16,16,16,16,16,16,16,16,16,16,16,16,16,16,16,16,16,16,16,16,16,16,16,16,16,16,16,16,16,16,16,16,16,16,16,16,16,16,16,16,16,16,16,16,16,16,16,16,16,16,16,16,16,16,16,16,16,16,16,16,16,16,16,16,16,16,16,16,16,16,16,16,16,16,16,16,16,16,16,16,16,16,16,16,16,16,16,16,16,16,16,16,16,16,16,16,16,16,16,16,16,16,16,16,16,16,16,16,16,16,16,16,16,16,16,16,16,16,16,16,16,16,16,16,16,16,16,16,16,16,16,16,16,16,16,16,16,16,16,16,16,16,16,16,16,16,16,16,16,16,16,16,16,16,16,16,16,16,16,16,16,16,16,16,16,16,16,16,16,16,16,16,16,16,16,16,16,16,16,16,16,16,16,16,16,16,16,16,16,16,16,16,16,16,16,16,16,16,16,16,16,16,16,16,16,16,16,16,16,16,16,16,16,16,16,16,16,16,16,16,16,16,16,16,16,16,16,16,16,16,16,16,16,16
16,16,16,16,16,16,16,16,16,16,16,16,16,16,16,16,16,16,16,16,16,16,16,16,16,16,16,16,16,16,16,16,16,16,16,16,16,16,16,16,16,16,16,16,16,16,16,16,16,16,16,16,16,16,16,16,16,16,16,16,16,16,16,16,16,16,16,16,16,16,16,16,16,16,16,16,16,16,16,16,16,16,16,16,16,16,16,16,16,16,16,16,16,16,16,16,16,16,16,16,16,16,16,16,0,0,0,16,16,16,16,16,16,16,16,16,16,16,16,16,16,16,16,16,16,16,16,16,16,16,16,16,16,16,16,16,16,16,16,16,16,16,16,16,16,16,16,16,16,16,16,16,16,16,16,16,16,16,16,4,4,4,17,17,16,16,16,16,16,16,16,16,16,16,16,16,16,16,16,16,16,16,16,16,16,16,16,16,16,16,16,16,16,16,16,16,16,16,16,16,16,16,16,16,16,16,16,16,16,16,16,16,16,16,16,16,16,16,16,16,16,16,16,16,16,16,16,16,16,16,16,16,16,16,16,16,16,16,16,16,16,16,16,16,16,16,16,16,16,16,16,16,16,16,16,16
16,16,16,16,16,16,16,16,16,16,16,16,16,16,16,16,16,16,16,16,16,16,16,16,16,16,16,16,16,16,16,16,16,16,16,16,16,16,16,16,16,16,16,16,16,16,16,16,16,16,16,16,16,16,16,16,16,16,16,16,16,16,16,16,16,16,16,16,16,16,16,16,16,16,16,16,16,16,16,16,16,16,16,16,16,16,16,16,16,16,17,16,16,16,16,16,16,16,16,16,16,16,16,16,16,17,16,16,16,16,16,17,0,16,16,16,16,16,16,16,16,16,16,16,16,16,16,16,16,16,16,16,16,16,16,16,16,16,16,16,16,16,16,16,16,16,16,16,16,16,16,16,16,16,16,16,16,17,18,7,7,7,7,7,4,16,16,16,16,16,16,16,16,16,16,16,16,16,16,16,16,16,16,16,16,16,16,0,16,16,16,16,16,16,16,16,16,16,16,16,16,16,16,16,16,16,16,16,16,16,16,16,16,16,16,16,16,16,16,16,16,16,16,16,16,16,16,16,16,16,16,16,16,16,16,16,16,16,16,16,16,16,16,16,16,16,16,16,16,16,16,16,16,16,16,16
16,16,16,16,16,16,16,16,16,16,16,16,16,16,16,16,16,16,16,16,16,16,16,16,16,16,16,16,16,16,16,16,16,16,16,16,16,16,16,16,16,16,16,16,16,16,16,16,16,16,16,16,16,16,16,16,16,16,16,16,16,16,16,16,16,16,16,16,16,16,16,16,16,16,16,16,16,16,16,16,16,16,16,16,16,16,16,16,17,17,18,14,17,16,16,16,16,16,16,16,16,16,16,16,17,0,17,16,16,16,0,0,16,16,16,16,16,16,16,16,16,16,16,16,16,16,16,16,16,16,16,16,16,16,16,16,16,16,16,16,16,16,16,16,16,16,16,16,16,16,16,16,16,16,16,16,16,0,4,7,7,7,7,7,4,16,16,16,16,16,16,16,16,16,17,17,17,16,16,16,16,16,16,16,0,17,0,17,0,4,4,18,4,16,16,16,16,16,16,16,16,16,16,16,16,16,16,16,16,16,16,16,16,16,16,16,16,16,16,16,16,16,16,16,16,16,16,16,16,16,16,16,16,16,16,16,16,16,16,16,16,16,16,16,16,16,16,16,16,16,16,16,16,16,16,16
16,16,16,16,16,16,16,16,16,16,16,16,16,16,16,16,16,16,16,16,16,16,16,16,16,16,16,16,16,16,16,16,16,16,16,16,16,16,17,16,16,16,16,16,16,16,16,16,16,16,16,16,16,16,16,16,16,16,16,16,16,16,16,16,16,16,16,16,16,16,16,16,16,16,16,16,16,16,16,16,16,16,16,16,16,16,16,4,2,2,2,2,17,16,16,16,16,16,16,16,16,16,16,17,17,17,0,0,0,0,0,0,17,16,16,16,16,16,16,0,0,0,16,16,16,16,16,0,17,16,16,16,16,16,16,16,16,16,16,16,16,16,16,16,16,16,16,16,16,16,16,16,16,16,16,16,16,17,17,18,7,7,7,7,4,16,16,16,16,16,16,16,16,16,16,17,17,17,17,16,16,17,16,16,16,17,17,17,18,9,1,5,17,16,16,16,0,17,0,16,16,16,16,16,16,16,16,16,16,16,16,16,16,16,16,16,16,16,16,0,17,16,16,16,16,16,16,16,16,16,16,16,4,4,17,17,16,16,16,16,16,16,16,16,16,16,16,16,16,16,16,16,16,16,16,16
16,16,16,16,16,16,16,16,16,16,16,16,16,16,16,16,16,16,16,16,16,16,16,16,16,16,16,16,16,16,16,16,16,16,16,16,16,16,4,14,16,16,16,16,16,16,16,16,16,16,16,16,16,16,16,16,0,17,0,16,16,16,16,16,16,16,16,16,16,16,16,16,16,16,16,16,16,16,16,16,16,16,16,16,16,17,18,2,2,2,2,4,17,16,16,16,16,16,4,18,18,17,17,18,18,17,0,0,17,17,17,17,17,17,16,16,16,16,16,0,16,0,16,16,16,16,17,17,17,16,16,16,16,16,16,0,17,16,16,0,0,0,17,17,16,16,16,16,16,16,16,16,16,16,16,16,16,17,17,17,14,7,7,7,7,4,16,16,0,0,16,16,16,16,4,18,2,18,17,0,17,17,17,17,17,17,17,17,18,9,7,7,5,4,4,4,17,17,0,16,16,16,16,16,16,16,16,16,16,16,16,16,16,16,16,16,16,0,0,17,17,0,16,16,16,16,16,16,16,16,16,16,4,18,2,18,4,4,4,17,17,16,16,16,16,16,16,16,16,16,16,16,16,16,16,16
16,16,16,16,16,16,16,16,16,16,16,16,16,16,16,16,16,16,16,16,16,16,16,16,16,16,16,16,16,16,16,16,16,16,16,16,4,4,2,2,17,16,16,16,16,16,16,16,16,16,16,16,16,16,16,0,17,0,17,0,16,16,16,16,16,16,16,16,16,16,16,16,16,16,16,16,16,16,16,16,16,16,16,0,17,14,2,2,2,2,2,17,16,16,16,16,16,4,7,7,7,7,7,2,18,0,0,17,17,0,17,17,17,0,16,16,0,0,0,0,16,17,0,0,17,17,17,17,17,16,16,16,16,16,16,17,17,17,0,0,17,17,17,17,16,16,16,16,16,16,16,16,16,16,16,16,16,16,17,17,4,7,7,7,7,7,18,17,17,17,0,0,16,16,4,14,2,18,0,0,17,17,17,17,17,17,0,17,4,7,7,7,18,4,4,17,17,17,17,16,16,16,16,16,16,16,16,16,16,16,16,16,16,16,16,16,0,0,17,17,17,0,0,0,16,16,16,16,16,16,16,16,16,17,2,2,2,2,2,2,17,16,16,16,16,16,16,16,16,16,16,16,16,16,16,16
16,16,16,16,16,16,16,16,16,16,16,16,16,16,16,16,16,16,16,16,16,16,16,16,16,0,0,16,16,16,16,16,16,16,16,16,14,2,2,2,4,16,16,16,16,16,16,16,16,16,16,16,0,17,17,0,0,16,17,0,16,16,16,16,16,16,16,16,16,16,16,16,16,16,16,16,16,16,16,16,16,16,4,13,18,2,2,2,2,2,2,17,16,16,16,16,4,4,7,7,7,7,7,7,18,17,0,17,18,18,18,17,17,16,16,16,16,16,0,0,17,17,0,17,17,17,17,17,17,17,17,16,16,16,16,0,17,17,17,17,17,17,17,17,17,0,17,17,16,16,16,16,16,16,16,16,16,16,0,17,17,7,7,7,7,7,18,17,0,18,14,14,18,1,14,14,2,18,17,0,17,6,17,17,17,17,4,17,18,7,7,7,18,17,17,0,0,17,0,16,16,16,16,16,16,16,16,16,16,16,16,16,16,16,16,0,17,17,17,17,17,0,17,17,16,17,0,16,16,16,16,16,16,16,17,2,2,2,2,2,18,17,4,17,17,16,16,16,16,16,16,16,16,16,16,16
16,16,16,16,16,16,16,16,16,16,16,16,16,16,16,16,16,16,16,16,16,16,16,16,0,17,16,16,16,16,16,16,16,16,16,4,2,2,2,2,2,4,4,16,16,16,0,0,0,0,16,17,17,0,0,0,16,16,0,0,16,16,16,16,16,16,16,16,16,16,16,16,16,16,16,16,16,16,16,16,16,0,0,17,4,18,2,2,2,2,2,2,18,0,4,4,18,7,7,7,7,7,4,17,17,17,17,4,18,10,3,10,18,17,16,16,16,0,17,0,17,17,18,17,17,18,8,10,17,17,17,17,16,17,17,17,17,4,17,17,17,18,18,0,17,4,17,17,17,16,16,16,16,16,16,16,16,0,17,17,18,7,7,7,7,7,4,17,4,14,7,14,1,9,14,18,4,17,0,0,4,18,18,18,17,17,14,14,7,7,7,7,7,4,17,0,16,16,16,0,16,16,16,0,16,16,16,16,16,16,16,16,16,16,17,17,17,0,17,17,6,17,17,17,17,17,17,16,16,16,16,16,16,16,17,18,14,2,2,2,2,2,2,18,18,17,16,16,16,16,16,16,16,16,16,16
16,16,16,16,16,16,16,16,16,16,16,16,16,16,16,16,16,16,16,16,16,16,16,4,17,17,17,17,17,17,16,16,16,16,16,17,2,2,2,2,2,2,18,17,16,16,16,16,0,17,17,17,17,0,16,0,16,16,16,16,16,16,16,16,16,16,16,16,16,16,16,16,16,16,16,16,16,16,16,0,16,0,17,17,18,18,2,2,2,2,2,2,2,7,7,7,7,7,7,7,7,18,17,0,0,17,4,18,8,10,3,3,10,17,0,16,0,17,17,17,18,18,5,18,18,8,8,8,5,18,0,18,4,17,17,17,18,5,5,18,18,5,5,18,18,17,17,17,17,17,16,16,16,16,16,16,0,0,4,18,7,7,7,7,7,7,4,0,2,2,2,14,14,14,18,17,0,17,17,0,6,14,14,18,17,18,7,7,7,7,7,7,7,18,17,16,16,16,16,0,0,16,0,0,0,16,16,16,16,0,17,0,16,16,16,17,17,17,6,6,6,6,4,4,17,17,17,17,16,17,17,16,16,16,16,17,6,2,7,2,2,2,2,2,18,17,17,17,16,16,16,16,16,16,16,16
16,16,16,16,16,16,16,16,16,16,16,16,16,16,16,16,16,16,16,16,16,0,4,6,14,14,18,18,4,16,16,16,16,16,16,0,4,18,2,2,14,7,2,2,2,16,16,16,16,17,2,14,17,0,16,16,16,16,16,16,16,16,0,0,0,16,16,16,16,16,16,16,16,16,16,16,16,0,16,0,17,0,18,18,2,2,2,2,2,2,2,7,7,7,7,7,7,7,7,2,5,5,17,0,0,17,18,8,8,3,3,10,18,17,0,0,17,17,17,18,5,5,8,5,8,10,10,8,8,5,5,5,18,17,4,18,5,5,5,5,5,5,5,5,5,18,18,18,17,0,16,16,0,0,0,17,0,0,17,18,7,7,7,7,7,14,18,0,13,2,2,2,14,18,18,17,0,4,18,18,14,2,2,14,18,7,7,7,7,7,7,7,18,17,16,16,16,16,0,0,16,0,0,16,0,0,0,17,0,0,17,0,0,0,17,17,6,6,10,11,11,18,6,4,17,0,17,17,4,4,17,16,16,16,16,17,4,7,7,7,7,2,2,2,2,18,18,17,16,16,16,16,16,16,16,16
16,16,16,16,16,16,16,16,16,16,16,16,16,16,16,16,16,16,16,16,16,16,4,2,2,2,2,18,17,17,0,16,16,16,16,16,0,4,14,2,14,7,14,2,2,17,16,16,4,2,2,2,17,0,0,16,16,16,16,0,0,0,17,17,0,17,17,16,16,16,16,16,16,16,16,16,16,16,17,17,17,6,2,2,2,2,2,2,2,2,7,7,7,7,7,7,7,7,7,2,8,5,5,0,17,18,18,10,19,3,3,8,18,17,0,0,17,0,17,18,5,8,8,19,19,19,19,10,19,5,5,5,5,18,18,5,8,5,5,8,11,5,5,5,5,18,18,6,17,0,0,16,0,17,17,17,17,17,4,6,18,2,7,7,7,14,18,17,17,4,2,2,2,18,18,4,4,6,2,2,2,2,2,7,7,7,7,7,7,7,7,7,18,4,16,16,16,16,0,0,17,0,0,0,0,0,0,17,17,17,17,17,17,17,17,4,6,11,11,11,11,11,6,4,4,4,17,6,14,7,18,4,16,16,16,0,18,18,7,7,7,7,7,2,18,18,0,17,16,16,16,16,16,16,16,16
16,16,16,16,16,16,16,16,16,16,16,16,16,16,16,16,16,16,16,16,16,16,17,2,2,2,2,18,4,4,17,16,16,16,0,0,17,14,2,7,7,7,2,2,2,2,2,14,14,2,18,17,0,16,0,0,16,16,0,17,17,17,17,17,17,17,17,17,16,16,16,16,0,16,16,16,16,0,17,17,17,18,18,2,2,2,2,2,2,2,7,7,7,7,7,7,7,7,7,7,8,8,10,5,18,8,10,10,19,8,3,8,5,17,17,17,0,17,17,18,5,5,8,10,19,19,8,8,15,11,5,5,8,5,8,8,8,8,8,8,5,5,5,18,4,17,17,17,0,0,0,17,17,6,6,6,18,6,13,18,2,2,2,2,14,18,17,0,17,2,2,2,2,2,18,4,18,2,2,2,2,2,7,7,7,7,7,7,7,7,7,18,17,17,16,16,16,16,0,17,17,0,0,0,0,0,17,6,5,4,6,6,6,4,4,11,11,11,11,11,11,11,6,4,17,4,18,7,7,7,7,18,4,4,4,7,18,7,7,7,7,7,7,2,18,17,17,17,17,16,16,16,16,16,16,16
16,16,16,16,16,16,16,16,16,16,16,16,16,16,16,16,16,16,16,16,16,0,18,2,2,2,2,2,6,0,17,17,4,0,17,17,14,7,7,7,2,2,2,14,14,14,2,2,18,17,17,0,16,16,16,17,0,0,0,0,17,18,18,18,18,18,17,17,16,16,16,16,17,17,0,0,0,0,0,0,17,4,18,2,2,2,2,2,2,2,7,7,7,2,7,7,7,7,7,5,5,8,19,3,19,10,8,19,19,19,10,3,10,18,4,4,4,17,18,18,5,8,8,10,10,19,19,19,10,8,19,8,10,19,8,19,8,8,5,5,5,5,5,18,17,17,17,0,0,17,17,18,18,2,2,2,18,18,18,2,2,2,2,2,13,17,17,17,17,2,2,2,2,2,2,2,2,2,2,2,7,7,7,7,7,7,7,7,7,7,4,17,17,0,16,16,16,0,17,17,17,17,17,0,0,0,17,6,11,11,11,11,11,6,6,11,11,11,11,11,11,11,6,17,17,6,14,7,7,7,7,7,7,18,7,7,7,7,7,7,7,7,2,2,18,17,17,17,16,16,16,16,16,16,16,16
16,16,16,16,16,16,16,16,16,16,16,16,16,16,16,16,16,16,16,16,17,17,2,2,2,2,2,14,17,17,14,14,14,7,14,18,7,7,7,7,7,2,4,0,0,4,18,2,17,17,0,0,16,16,16,17,17,17,0,17,17,2,2,2,18,4,17,0,16,16,16,16,0,17,0,0,17,0,0,17,17,18,2,2,2,2,2,2,2,7,7,7,7,2,2,7,7,7,5,5,5,8,8,8,19,3,19,19,19,10,19,10,10,5,5,18,18,18,5,5,8,8,10,10,10,19,8,19,10,10,3,19,8,8,10,19,8,8,11,5,5,5,5,5,17,17,17,0,17,17,18,14,2,2,2,2,2,2,2,2,2,2,2,2,6,6,18,17,4,2,2,2,2,2,2,2,2,2,2,14,7,7,7,7,7,7,7,7,7,18,4,4,16,16,16,16,16,16,0,17,17,17,17,17,0,0,17,4,11,11,11,11,11,11,11,11,11,11,11,11,13,11,11,5,10,17,18,18,18,7,7,7,7,7,7,7,7,7,7,7,7,7,2,18,17,17,17,0,16,16,16,16,16,16,16,16
16,16,16,16,16,16,16,16,16,16,16,16,16,0,16,16,16,16,16,17,18,18,17,18,17,17,18,2,6,4,14,7,7,7,7,7,7,7,7,7,7,14,17,16,16,16,16,17,0,0,0,0,17,17,17,17,17,17,17,17,18,2,2,2,18,17,17,0,0,0,0,16,0,17,17,17,17,17,17,17,17,18,2,2,2,2,2,2,2,7,7,7,7,7,7,7,7,7,7,5,8,5,5,5,8,3,19,19,19,10,10,10,19,8,5,5,5,5,5,8,8,10,10,10,19,10,3,8,19,3,3,3,3,19,10,10,10,8,11,11,5,5,5,5,18,17,4,4,17,4,18,8,8,5,2,2,2,2,2,2,2,2,2,2,2,2,2,18,2,2,2,2,2,2,2,2,2,2,2,2,2,7,7,2,2,2,7,7,7,18,18,4,17,16,16,16,16,16,0,17,6,4,4,17,17,17,17,4,1,11,11,11,11,11,11,11,11,11,11,11,11,11,11,11,13,17,4,4,4,18,7,7,7,7,7,7,7,7,7,7,18,18,6,6,17,17,0,16,16,16,16,16,16,16,16,16
16,16,16,16,16,16,16,16,16,16,17,13,17,17,17,16,16,16,16,16,0,0,16,0,0,17,17,14,6,4,4,18,7,7,7,7,7,7,7,2,18,17,17,16,16,16,16,16,16,16,0,0,17,17,17,6,4,17,18,2,2,2,2,2,18,17,17,17,0,0,0,16,17,17,6,18,18,17,17,17,17,18,2,2,2,2,2,2,2,7,7,7,7,7,14,7,7,7,7,7,7,5,5,5,8,3,3,19,10,10,19,19,3,15,19,8,5,8,8,8,8,10,10,10,8,10,19,19,3,3,3,3,3,19,19,10,8,11,11,5,5,5,5,5,4,17,17,4,4,18,5,8,8,5,8,5,14,2,2,2,2,2,2,2,2,2,2,2,2,2,2,2,2,2,2,2,2,2,2,2,2,2,2,2,2,2,14,18,18,18,17,17,0,16,16,16,16,16,0,4,5,11,11,6,4,6,6,11,11,11,11,11,11,11,11,11,11,11,11,11,11,11,11,13,6,4,5,5,4,4,18,7,7,7,7,7,7,7,7,18,18,17,17,17,17,17,16,16,16,16,16,16,16,16,16,16
16,16,16,16,16,16,16,16,16,0,17,17,14,5,17,0,0,16,16,16,16,16,16,16,0,17,17,14,6,17,17,4,7,7,7,7,7,7,7,18,17,0,0,16,16,16,16,16,0,17,17,17,17,17,18,2,2,2,2,2,2,2,2,2,2,18,17,17,0,0,0,17,17,18,7,7,7,18,18,18,18,2,2,2,2,2,2,2,2,7,7,2,2,2,2,14,7,7,7,7,7,7,5,8,8,3,3,19,19,19,10,19,19,3,3,19,8,8,8,19,19,10,19,19,10,8,10,3,3,3,3,3,19,19,10,8,8,11,5,5,5,5,18,18,4,4,18,18,18,5,8,19,8,8,8,5,5,5,2,2,2,2,5,8,14,5,5,2,2,2,2,2,2,2,2,2,2,2,2,2,2,2,18,18,18,18,18,6,4,4,0,0,16,16,0,0,16,16,17,17,6,11,11,11,11,11,11,11,11,11,11,11,11,11,11,11,11,11,11,11,11,11,11,13,17,17,5,5,4,6,7,7,7,7,7,7,7,7,14,18,17,17,0,16,16,16,16,16,16,16,16,16,16,16,16,16
16,16,16,16,16,16,16,16,17,17,4,7,7,7,17,0,0,16,16,16,16,0,17,17,17,4,18,17,17,17,17,18,7,7,7,7,7,7,14,17,17,0,16,16,16,0,0,0,0,17,17,17,4,4,18,2,2,2,2,2,2,2,2,2,2,18,4,17,17,0,0,17,18,7,7,7,7,2,2,2,2,2,2,2,2,2,2,2,2,2,2,2,2,2,14,7,7,7,7,7,7,14,5,8,19,3,3,19,19,19,19,19,19,3,3,19,10,19,10,19,19,19,10,19,19,3,3,3,3,3,3,3,19,10,10,10,19,11,5,5,5,5,5,18,18,18,8,8,8,8,10,8,8,11,5,5,5,5,5,2,2,5,8,8,8,8,5,5,2,2,2,2,2,2,2,2,2,2,2,2,2,18,6,4,4,4,6,17,17,17,0,16,16,0,0,0,16,16,0,17,4,11,11,11,11,11,11,11,11,11,11,11,11,11,11,11,11,11,11,11,11,11,11,11,6,17,11,5,4,14,14,7,7,7,7,7,7,7,14,18,17,17,16,16,16,16,16,16,16,16,16,16,16,16,16,16
16,16,16,16,16,16,16,16,16,17,14,7,7,7,7,18,4,17,16,16,0,4,18,2,18,18,4,2,6,4,17,4,18,7,7,7,7,18,17,17,0,16,16,16,17,17,17,17,17,17,18,18,18,18,2,2,2,2,2,2,2,18,18,14,18,18,10,4,17,17,17,17,18,7,7,7,7,2,2,2,2,2,2,2,2,2,2,2,5,5,2,2,2,2,2,7,7,7,7,14,5,8,8,3,3,3,3,3,19,19,3,19,19,3,3,19,19,19,19,3,19,19,19,3,3,3,3,3,3,3,19,19,8,19,8,10,8,8,5,5,5,5,5,18,18,8,8,19,3,8,8,5,5,5,5,5,5,8,5,5,8,8,8,8,10,11,11,8,5,18,2,2,2,2,2,2,2,2,2,18,2,6,4,4,17,4,4,4,17,0,16,16,16,0,0,0,16,16,0,4,6,11,11,11,11,11,11,11,11,11,11,11,11,2,11,11,11,11,11,11,11,11,11,11,6,6,11,5,4,6,2,2,14,7,7,7,7,7,7,2,18,17,16,16,16,16,16,16,16,16,16,16,16,16,16,16
16,16,16,16,16,16,16,16,16,16,0,17,7,7,7,7,18,17,17,0,4,4,2,2,2,2,2,2,4,4,17,17,4,18,7,7,7,4,17,0,16,16,16,0,17,17,17,17,17,17,18,2,2,14,2,2,2,2,2,2,18,17,17,17,17,17,4,18,18,6,7,18,14,7,7,7,7,7,2,2,2,2,2,2,2,2,2,2,5,5,5,5,5,5,14,2,2,2,2,2,5,8,19,15,3,3,3,3,3,19,3,3,3,19,3,10,19,19,19,19,19,3,3,3,3,3,3,3,3,19,19,10,10,8,19,19,10,5,5,8,5,5,5,5,5,8,8,8,8,8,8,5,5,5,5,5,5,5,8,5,8,8,8,8,8,11,11,5,5,5,2,2,2,2,2,2,2,2,18,4,4,4,17,17,4,4,4,17,17,0,0,16,0,17,17,0,0,0,0,17,4,4,5,11,11,11,11,11,11,11,11,11,11,11,11,11,11,11,11,11,11,11,11,11,11,11,11,11,6,4,14,2,14,7,7,7,7,7,7,18,6,17,0,16,16,16,16,16,16,16,16,16,16,16,16,16
16,16,16,16,16,16,16,16,16,16,16,17,7,7,7,7,7,18,18,4,18,2,2,7,2,14,6,17,17,17,17,4,18,2,2,7,2,4,17,0,0,0,0,0,0,17,13,4,18,18,2,2,2,2,2,2,2,2,2,2,18,17,0,0,17,17,18,7,7,7,7,7,7,7,7,7,7,7,7,2,2,2,2,2,2,2,5,5,8,8,11,5,5,5,5,2,2,2,2,18,8,8,19,3,3,3,3,3,3,3,19,3,3,10,10,10,19,10,8,19,19,3,19,3,3,3,3,19,19,10,10,10,19,19,10,10,19,19,19,8,11,11,11,5,8,8,8,8,8,8,8,5,5,5,5,9,5,9,8,5,5,5,5,5,11,5,5,5,18,14,2,2,2,2,18,18,2,14,4,17,17,17,17,4,4,4,18,17,17,17,0,16,16,0,17,0,17,0,0,0,4,4,6,11,11,11,11,11,11,11,11,11,11,11,11,11,11,11,11,11,11,11,11,11,11,11,11,11,11,4,4,14,14,7,7,7,7,7,7,18,6,17,0,16,16,16,16,16,16,16,16,16,16,16,16,16
16,16,16,16,16,16,16,16,16,16,16,17,18,7,7,7,7,7,7,7,7,7,2,2,14,17,17,0,0,17,4,18,2,2,2,2,2,18,17,17,4,17,0,0,17,0,2,2,2,2,2,2,2,2,2,2,2,2,18,18,17,17,17,17,17,4,18,7,7,7,7,7,7,7,7,7,7,7,7,2,2,2,2,2,2,2,5,5,8,8,8,11,5,5,14,2,2,2,2,5,8,19,3,3,3,3,3,3,3,3,19,8,8,8,19,19,10,10,19,19,3,3,3,3,3,3,3,19,19,10,10,10,8,10,3,3,19,19,19,8,11,5,5,5,5,8,10,8,8,8,5,11,5,9,9,9,9,1,1,9,5,9,9,5,9,5,5,5,18,14,2,2,2,18,6,4,6,6,4,17,17,17,17,17,4,5,11,4,4,4,16,16,16,0,17,17,17,4,17,4,4,6,11,11,11,11,11,11,11,11,11,11,11,11,11,11,11,11,11,11,11,11,11,11,11,11,11,11,11,4,18,14,7,7,7,7,7,7,7,18,18,17,17,17,17,17,16,16,16,16,16,16,16,16,16,16
16,16,16,16,16,16,16,16,16,16,17,4,18,7,7,7,7,7,7,7,7,7,2,2,18,17,0,0,17,6,18,14,2,2,2,2,2,2,2,2,18,17,17,17,4,2,2,2,2,2,2,2,2,2,2,2,2,2,18,17,17,17,18,18,18,6,7,7,7,7,7,7,7,7,7,7,2,2,2,2,2,2,2,5,5,5,5,8,8,8,11,11,5,5,5,5,5,8,5,8,19,3,3,3,3,3,19,19,19,10,8,19,8,8,8,10,10,19,10,19,3,3,3,3,3,3,3,19,19,19,10,10,19,3,19,19,8,8,15,15,8,5,5,5,8,5,8,8,8,8,8,8,5,5,1,1,1,9,9,9,9,9,9,5,9,5,5,18,14,2,2,18,18,4,4,4,17,0,17,17,17,17,17,4,5,11,11,5,6,17,16,16,16,17,4,6,6,11,6,6,5,11,11,11,11,11,11,11,11,11,11,11,11,11,11,11,11,11,11,11,11,11,11,11,11,11,11,11,11,4,14,14,7,7,7,7,7,7,7,7,18,17,17,17,4,17,0,0,16,16,16,16,16,16,16,16
16,16,16,16,16,16,16,16,16,0,17,18,7,7,7,7,7,7,7,7,7,18,18,17,17,0,0,0,17,4,4,4,2,2,2,2,2,2,2,2,18,17,17,4,6,2,2,2,2,2,2,2,2,2,2,2,2,2,18,17,17,17,18,14,7,7,7,7,7,7,7,7,7,7,7,7,2,2,2,2,2,2,5,5,8,8,8,8,19,8,8,11,5,5,8,5,8,8,8,19,10,10,3,3,3,3,3,19,19,19,8,8,19,19,8,19,8,10,10,19,3,3,3,3,3,3,3,3,19,19,10,10,3,3,19,8,8,8,15,19,11,8,8,5,5,5,5,8,9,9,5,5,5,5,5,9,9,9,9,9,9,9,9,9,1,18,18,18,14,2,18,4,4,4,17,0,0,0,0,17,0,0,0,4,5,11,11,11,17,0,16,16,17,6,9,5,11,11,11,11,11,11,11,11,11,11,11,11,11,11,9,11,11,11,11,11,11,11,11,11,11,11,11,11,11,11,11,11,11,6,2,2,2,7,7,7,7,7,7,7,14,18,18,18,4,17,17,17,16,16,16,16,16,16,16,16
16,16,16,16,16,16,16,16,16,16,0,17,7,7,7,7,7,7,7,7,7,17,0,16,16,16,16,0,17,17,0,17,18,2,2,2,2,2,14,4,4,4,18,18,2,2,2,2,2,2,2,2,2,2,2,2,2,2,18,6,4,18,18,7,7,7,7,7,7,7,7,7,7,7,2,2,2,2,2,2,14,5,5,5,5,8,8,19,19,19,19,5,5,5,8,8,8,8,8,19,19,3,3,3,3,3,3,3,19,10,8,10,10,8,19,19,19,19,3,3,3,3,3,3,3,3,3,19,19,19,19,10,10,10,19,8,8,8,11,5,8,8,19,5,5,5,9,9,9,9,9,9,9,5,1,9,9,9,9,1,9,9,9,9,1,18,14,14,14,18,18,4,4,4,17,0,0,0,0,0,0,0,4,4,6,11,11,11,17,0,0,0,0,4,9,11,11,11,11,11,11,11,11,11,11,11,11,11,11,9,11,11,11,11,11,11,11,11,11,11,11,11,11,11,11,11,11,11,11,11,2,2,2,2,7,7,7,7,7,2,2,2,2,2,18,6,17,17,17,16,16,16,16,16,16,16
16,16,16,16,16,16,16,16,16,16,17,17,7,7,7,7,7,7,7,14,14,17,16,16,16,16,16,0,0,0,13,4,4,6,18,18,14,18,4,17,17,17,18,2,2,2,2,2,2,2,2,2,2,2,18,18,2,2,18,7,7,7,7,7,7,7,7,7,7,7,7,7,7,7,2,2,2,2,2,2,14,5,5,5,5,5,8,19,19,19,8,8,5,8,3,8,8,10,8,19,3,3,3,3,3,3,3,3,19,19,19,10,10,10,19,19,19,3,3,3,3,3,3,3,3,3,10,19,8,19,19,10,10,10,8,10,8,8,5,9,11,5,5,8,5,9,9,9,9,1,9,9,9,9,9,9,9,9,9,1,9,9,9,9,18,14,14,14,14,18,4,4,0,0,16,16,16,4,4,0,0,4,4,6,5,11,11,18,4,17,4,4,4,6,11,11,11,11,11,11,11,11,11,11,11,11,11,11,11,9,11,11,11,11,11,11,11,9,11,11,11,11,11,11,11,11,11,11,11,6,2,2,2,7,7,7,2,7,7,2,2,2,2,2,18,13,17,17,17,16,16,16,16,16,16,16
16,16,16,16,16,16,16,16,16,16,16,16,4,17,6,14,14,18,14,4,17,17,16,16,16,16,16,16,16,17,17,0,0,0,17,17,6,17,17,17,0,17,4,2,2,2,2,2,2,2,2,2,2,18,4,18,2,18,13,7,7,7,7,7,7,7,7,7,7,7,7,7,7,2,2,2,2,2,2,2,5,5,9,5,5,5,8,19,19,19,19,19,19,19,19,19,19,19,10,3,3,3,3,3,3,3,3,3,19,19,19,8,10,10,8,10,3,3,3,3,3,3,3,3,3,19,19,10,3,19,19,19,19,10,19,10,10,8,11,9,9,9,5,5,5,5,9,9,9,1,9,1,9,1,9,9,9,9,9,9,1,1,1,9,9,18,14,14,18,4,17,0,16,16,16,0,4,4,4,4,4,6,13,5,11,11,18,4,4,4,11,11,4,6,11,11,11,11,11,11,11,11,11,11,11,11,11,11,11,11,11,11,11,11,11,11,11,9,11,11,11,11,11,11,11,11,11,11,2,2,2,2,2,2,2,2,2,2,2,2,2,2,2,2,18,17,17,17,16,16,16,16,16,16,16,16
16,16,16,16,16,16,16,16,16,16,16,16,16,16,17,4,13,17,6,17,16,16,16,16,16,16,16,16,16,17,0,16,0,16,17,17,17,17,17,17,17,17,18,2,2,2,2,2,2,2,2,2,18,4,17,4,6,4,6,7,7,7,7,7,7,7,7,7,7,7,7,7,7,7,2,2,2,2,2,2,2,7,1,5,5,5,5,8,3,3,10,19,19,19,3,19,10,10,3,3,3,3,3,3,3,3,3,3,19,19,19,19,10,10,10,19,3,3,3,3,3,3,3,3,3,3,19,19,19,10,19,19,19,19,19,10,10,8,9,9,9,9,9,9,9,9,1,1,1,5,1,1,1,1,9,1,9,9,9,9,9,9,1,9,9,9,18,14,14,6,17,16,16,16,16,17,4,6,11,11,11,6,13,11,11,11,6,4,6,11,11,11,6,6,11,11,11,11,11,11,11,11,11,11,11,11,11,9,9,9,11,11,11,11,11,11,11,2,9,11,11,11,11,11,11,11,11,11,11,11,2,2,2,2,2,2,2,2,2,2,2,2,2,2,18,18,17,17,16,16,16,16,16,16,16,16
16,16,16,16,16,16,16,16,16,16,16,16,16,16,16,17,17,17,17,17,16,16,16,16,16,16,16,16,16,16,16,16,16,16,0,17,17,17,17,4,18,18,2,2,2,2,2,2,2,2,2,2,18,4,17,17,17,4,7,7,7,7,7,7,7,7,7,7,7,7,7,7,7,7,2,2,2,2,2,2,2,2,14,5,5,5,8,8,3,3,19,19,19,10,3,19,19,3,3,3,3,3,3,3,3,3,3,19,19,19,19,19,19,19,10,10,3,3,3,3,3,3,3,3,19,3,3,3,19,10,19,19,19,19,8,10,10,8,5,9,9,9,9,9,9,9,1,18,6,6,10,1,1,9,1,1,9,9,18,5,1,1,9,9,9,9,1,14,14,18,4,16,16,16,0,17,4,5,11,11,11,6,5,11,11,11,11,11,6,6,11,11,6,6,11,11,11,11,11,11,11,11,11,11,11,11,11,11,11,11,11,11,11,11,11,11,11,2,2,2,9,2,9,11,11,11,11,11,11,11,2,2,2,2,2,2,2,2,2,2,2,2,2,18,18,17,17,17,17,0,16,16,16,16,16,16
16,16,16,16,16,16,16,16,16,16,16,16,16,16,16,16,16,16,16,16,16,16,16,16,16,16,16,16,16,16,16,16,16,16,0,17,17,4,18,18,2,2,2,2,2,2,2,2,2,2,2,2,18,4,4,4,17,17,7,7,7,7,7,7,7,7,7,7,7,7,7,7,2,2,2,2,2,2,2,2,2,14,5,5,5,8,8,19,3,3,19,19,19,10,19,19,3,3,3,3,3,3,3,3,3,3,19,19,19,19,19,19,19,19,10,10,3,3,3,3,19,3,19,19,10,19,19,19,19,8,19,19,19,19,19,8,8,8,5,5,9,9,9,9,9,9,5,6,4,4,5,5,1,5,5,18,5,4,4,4,18,9,1,1,9,9,9,14,14,6,4,0,16,0,0,0,4,18,11,11,18,18,11,11,11,11,11,11,11,6,11,11,11,11,11,11,11,11,11,11,11,11,11,11,11,11,11,11,11,11,11,11,11,11,11,11,11,11,11,11,11,2,11,11,11,11,11,11,11,11,11,11,2,2,2,2,2,2,2,2,2,2,18,4,17,17,17,17,17,0,16,16,16,16,16,16
16,16,16,16,16,16,16,16,16,16,16,16,16,16,16,16,16,16,16,16,16,16,16,16,16,16,16,16,16,16,16,16,16,0,0,17,4,18,14,2,2,2,2,2,2,2,2,2,2,2,2,2,2,18,18,18,6,6,18,7,7,7,7,7,7,7,7,7,7,7,7,7,2,2,2,2,2,2,2,5,5,5,5,5,8,19,19,10,10,3,19,19,19,10,3,3,3,3,3,3,3,3,3,3,3,19,19,8,19,19,8,10,10,19,3,3,3,3,3,3,19,19,19,19,10,10,19,19,19,8,8,19,19,8,8,8,19,8,5,5,5,9,9,9,5,5,18,6,4,4,4,18,5,5,13,6,17,17,17,4,5,1,1,9,9,9,9,14,14,4,17,0,16,0,0,4,6,18,5,11,9,9,11,11,11,11,11,11,11,11,11,11,11,11,11,11,11,9,11,11,11,11,11,11,11,11,11,9,11,11,11,11,11,11,11,11,11,11,11,11,11,11,11,11,11,11,11,11,11,11,2,2,2,2,2,2,2,2,2,2,2,2,18,4,17,17,0,17,17,16,16,16,16,16,16,16
16,16,16,16,16,16,16,16,16,16,16,16,16,16,16,16,16,16,16,16,16,16,16,16,16,16,16,16,16,16,16,16,16,0,17,17,6,14,2,2,2,2,2,2,2,2,2,2,2,2,2,2,2,2,2,2,18,7,7,7,7,7,7,7,7,7,7,7,7,7,7,7,2,2,2,2,2,2,1,1,1,1,5,5,19,19,19,10,10,19,19,3,3,3,3,3,3,3,3,3,3,3,3,3,19,19,19,19,8,10,10,10,10,3,3,3,3,3,3,19,8,5,8,8,5,5,8,10,19,8,19,19,19,19,8,8,8,10,8,8,8,5,9,5,18,18,6,17,17,0,4,18,5,18,6,0,0,16,0,4,4,18,18,1,9,9,14,18,18,4,17,16,16,16,0,4,4,4,6,11,11,11,11,11,11,11,11,11,11,11,11,11,11,11,11,11,11,11,11,11,11,11,11,11,11,11,11,11,9,11,11,11,11,11,11,11,11,11,11,11,11,11,11,11,11,11,2,11,2,2,2,2,2,2,2,2,2,2,2,2,2,18,13,13,17,17,17,17,0,16,16,16,16,16,16,16
16,16,16,16,16,16,16,16,16,16,16,16,16,16,16,16,16,16,16,16,16,16,16,16,16,16,16,16,16,16,16,16,16,0,17,17,6,14,2,18,2,2,2,2,2,2,2,2,2,2,2,2,2,2,2,2,7,7,7,7,7,7,7,7,7,7,7,7,2,2,2,2,2,2,2,2,2,2,2,1,1,5,5,5,8,19,8,8,8,8,10,10,3,3,3,3,3,3,3,3,3,3,19,10,19,8,19,8,10,10,10,19,10,3,3,3,3,3,3,3,5,1,1,1,9,5,5,8,8,8,19,8,10,19,19,19,19,8,3,11,9,9,5,5,18,4,4,17,0,0,4,4,6,6,4,4,4,0,0,0,0,4,6,18,1,14,14,5,18,4,0,16,16,0,0,17,17,4,6,18,11,11,11,11,11,11,11,11,11,11,11,11,11,11,11,11,11,11,11,11,11,11,11,11,11,11,11,11,2,9,11,11,11,11,11,11,11,11,11,11,11,11,11,11,11,2,2,2,2,2,2,2,2,2,2,2,2,2,2,2,18,18,17,17,17,17,17,16,16,16,16,16,16,16,16,16
16,16,16,16,16,16,16,16,16,16,16,16,16,16,16,16,16,16,16,16,16,16,16,16,16,16,16,16,16,16,16,16,16,16,0,17,4,18,18,18,18,18,2,2,2,2,2,2,2,2,2,2,2,2,2,2,7,7,7,7,7,7,7,7,7,7,7,2,14,5,2,14,8,5,5,2,2,2,2,2,14,1,9,5,8,8,19,5,5,8,19,10,3,3,3,3,3,3,3,3,3,3,10,10,19,10,8,10,10,10,19,3,3,3,3,3,3,3,3,3,8,8,1,9,9,1,5,5,8,8,8,19,8,8,19,10,19,15,11,11,9,9,9,9,18,4,4,4,17,0,0,17,17,4,4,18,18,4,4,0,0,4,4,18,18,1,5,5,18,4,0,16,16,17,0,0,17,4,6,9,11,11,11,11,11,11,11,11,11,11,11,11,11,11,11,11,11,11,11,11,11,11,11,11,11,11,11,2,2,11,11,11,11,11,11,11,11,11,11,11,11,11,2,2,2,2,2,2,2,2,2,2,2,2,2,2,2,2,2,2,18,18,17,17,17,17,0,16,16,16,16,16,16,16,16,16
16,16,16,16,16,16,16,16,16,16,16,16,16,16,16,16,16,16,16,16,16,16,17,0,0,0,16,16,16,16,16,16,16,16,16,0,17,17,17,17,13,18,2,2,2,2,2,2,2,2,2,2,2,2,2,2,2,7,7,7,7,7,7,7,7,7,2,5,8,8,8,8,10,5,5,5,2,2,2,2,1,9,9,1,5,5,8,5,1,19,19,3,3,3,3,3,3,3,3,19,19,3,19,8,10,10,19,10,8,8,19,3,3,3,3,3,3,3,19,10,9,9,9,9,1,1,5,5,5,8,8,5,5,5,8,8,8,11,5,9,9,9,1,1,18,18,6,4,17,0,17,4,4,6,18,2,2,18,6,0,0,17,17,17,6,18,18,6,4,17,0,16,0,0,0,0,17,6,18,9,11,11,11,11,11,11,11,11,11,11,11,11,11,11,11,11,11,11,11,11,11,11,11,11,2,11,2,11,2,2,11,11,11,11,11,11,11,11,11,11,11,2,2,2,2,2,2,2,2,11,2,2,2,2,2,2,2,2,18,4,17,17,17,17,17,17,16,16,16,16,16,16,16,16,16,16
16,16,16,16,16,16,16,16,16,16,16,16,16,16,16,16,16,16,16,16,0,0,17,17,17,17,16,16,16,16,16,16,16,16,16,16,0,0,17,0,17,18,2,2,2,2,2,2,2,2,2,2,2,2,2,2,2,7,7,7,7,7,7,7,7,7,2,5,8,8,19,8,8,8,5,5,14,2,2,14,9,1,1,1,9,9,1,1,8,8,3,3,3,3,3,3,3,3,19,19,19,8,8,10,10,10,10,8,8,19,10,15,3,3,3,3,3,3,19,5,9,9,9,1,1,9,9,9,9,9,5,5,9,1,5,5,5,11,9,9,9,9,7,7,7,18,18,4,4,4,4,4,18,2,2,2,2,2,13,17,0,17,0,0,17,4,17,17,17,0,16,16,16,0,17,4,4,4,6,9,9,11,11,11,11,11,11,11,11,11,11,11,11,11,11,11,11,11,11,11,11,11,11,2,11,11,11,11,11,2,11,11,11,11,11,11,11,11,11,11,11,11,11,2,2,2,2,11,11,11,11,11,2,2,2,2,2,2,18,17,17,17,0,0,16,16,16,16,16,16,16,16,16,16,16,16
16,16,16,16,16,16,16,16,16,16,16,16,16,16,16,16,16,0,17,17,0,0,17,18,17,17,17,17,16,16,16,16,16,16,16,16,0,0,0,17,17,18,18,2,2,2,2,2,14,2,2,2,2,2,2,2,2,7,7,7,7,7,7,7,2,2,14,5,8,19,19,5,11,11,5,5,2,2,2,2,2,1,9,1,1,9,1,8,8,8,3,3,3,3,3,3,3,10,19,19,3,19,10,10,10,10,19,10,19,10,3,3,3,3,3,3,3,19,19,8,9,9,9,1,9,9,9,9,1,9,9,9,1,1,9,9,5,5,9,9,1,9,7,7,7,7,14,18,18,18,18,18,18,2,2,2,2,2,4,4,0,0,16,16,16,16,17,0,16,16,16,16,16,16,17,4,17,17,4,6,5,11,11,9,9,11,11,11,11,11,11,11,11,11,11,11,11,11,11,11,11,2,2,9,11,11,11,11,11,2,9,11,11,11,11,11,11,11,11,11,11,11,11,2,2,2,11,11,11,11,11,11,2,2,2,2,18,6,4,17,17,0,16,16,16,16,16,16,16,16,16,16,16,16,16,16
16,16,16,16,16,16,16,16,16,16,16,16,16,16,16,0,4,4,18,18,4,4,1,1,18,17,17,17,17,0,16,16,16,16,16,16,16,16,0,17,17,17,4,18,2,2,2,2,14,5,18,2,2,2,2,7,7,7,7,7,7,7,7,2,2,14,8,3,8,8,8,5,11,11,5,2,2,2,2,2,2,2,2,1,1,1,8,5,8,19,3,3,3,3,3,3,3,10,19,19,10,10,19,8,19,10,10,10,10,19,3,3,3,3,3,3,3,19,8,5,9,9,9,1,9,9,9,9,9,9,9,9,1,9,9,9,5,5,5,7,7,7,7,7,7,7,7,7,18,7,7,18,2,2,2,2,2,18,4,4,0,0,0,16,16,16,16,16,16,16,16,16,16,16,16,17,4,17,4,4,6,6,6,6,9,11,11,11,11,11,11,11,11,11,11,11,11,11,11,11,11,11,11,11,11,11,11,11,11,2,2,11,11,11,11,11,11,11,11,11,11,11,11,11,11,11,11,11,11,11,11,2,2,2,2,2,18,4,4,17,17,17,16,16,16,16,16,16,16,16,16,16,16,16,16,16
16,16,16,16,16,16,16,16,16,16,16,16,16,16,16,17,18,14,14,14,1,1,1,1,1,14,14,17,17,16,16,16,16,16,16,16,16,16,0,0,17,17,17,18,2,2,2,2,14,5,5,18,2,2,2,2,7,7,7,7,7,7,2,14,5,8,8,8,8,5,5,5,5,5,2,2,2,2,2,2,2,2,2,5,8,8,8,8,19,3,3,3,3,3,3,3,3,19,8,8,8,8,8,10,19,10,10,19,10,8,19,3,3,3,3,3,19,8,5,9,9,9,1,9,9,14,1,9,1,9,9,9,1,9,9,1,5,5,5,7,7,7,7,7,7,7,7,7,7,7,7,2,2,2,2,2,2,2,18,6,4,4,4,16,16,16,16,16,16,16,16,16,16,16,4,4,4,0,0,4,4,4,6,6,11,11,11,11,11,11,11,11,11,11,11,11,11,11,11,11,2,11,11,11,11,11,11,11,11,2,2,11,11,11,11,11,11,11,11,11,11,11,11,11,11,11,11,11,11,11,11,11,2,2,2,2,2,13,4,4,4,17,17,16,17,17,16,16,16,16,16,16,16,16,16,16
16,16,16,16,16,16,16,16,16,16,16,16,16,16,16,0,17,18,1,1,1,1,1,9,14,14,13,17,0,16,16,16,16,16,16,16,0,0,0,0,0,17,17,18,18,18,2,2,18,5,5,5,14,14,14,14,14,7,7,7,7,7,14,5,8,8,8,8,8,5,5,5,9,5,5,2,2,2,2,2,2,2,2,5,8,8,8,8,3,3,3,3,8,5,10,19,8,8,8,8,8,8,8,8,8,10,3,3,8,8,19,3,3,19,3,3,19,8,5,9,9,9,1,9,9,1,18,18,1,9,1,1,1,1,1,9,1,9,5,5,7,7,7,7,7,7,7,7,7,7,7,7,2,2,2,2,2,2,2,2,14,18,4,0,16,16,16,16,16,16,16,16,16,17,4,4,0,16,0,4,6,18,5,11,11,11,11,11,11,11,11,11,11,11,11,11,11,11,11,11,11,11,11,11,11,11,11,11,2,2,11,2,9,11,11,11,11,11,11,11,11,11,11,11,11,11,11,11,11,11,11,11,11,11,2,2,14,18,18,18,18,17,17,17,17,17,16,16,16,16,16,16,16,16,16,16
16,16,16,16,16,16,16,16,16,16,16,16,16,16,0,0,18,14,1,18,18,18,4,6,18,18,17,17,0,16,16,16,0,0,17,18,17,17,0,0,0,0,17,17,6,18,2,2,18,18,5,9,5,5,5,5,5,2,2,7,7,2,2,5,5,5,5,8,8,5,5,5,5,9,5,2,2,2,2,2,2,2,5,8,8,8,19,19,3,3,3,3,8,5,5,5,5,5,5,8,5,5,8,8,8,8,8,8,5,5,11,19,19,19,3,3,19,8,8,9,9,9,1,1,1,5,18,18,18,1,18,1,1,1,1,1,9,9,5,5,7,7,7,14,7,7,7,7,7,7,7,2,2,2,2,2,2,2,2,2,2,18,17,17,16,16,16,16,16,16,0,16,0,0,4,0,0,4,4,4,6,13,11,11,11,11,11,11,11,11,11,11,11,11,11,11,11,11,11,9,11,11,11,11,11,11,11,11,11,9,9,9,2,11,9,11,11,11,11,11,11,11,11,11,11,11,11,11,11,11,11,11,11,11,11,11,11,14,14,2,2,18,4,17,17,17,16,16,16,16,16,16,16,16,16,16
16,16,16,16,16,16,16,16,16,16,16,16,16,16,4,14,14,1,1,18,4,17,0,0,17,17,0,0,0,16,16,0,17,18,14,2,14,17,17,17,17,17,0,17,18,2,2,2,2,2,18,1,1,1,5,5,5,2,2,2,2,2,2,1,1,1,9,8,5,5,9,5,5,14,14,14,5,8,5,5,8,8,8,8,19,8,3,3,3,15,3,8,5,9,9,9,9,9,5,5,9,9,9,5,8,8,5,9,9,5,9,8,8,8,8,8,19,11,5,5,9,9,1,1,18,18,18,4,6,18,18,18,1,1,1,1,9,9,5,5,7,7,7,7,7,7,7,7,7,7,2,2,2,2,2,2,2,2,2,2,18,4,4,16,16,16,16,16,16,4,4,4,0,16,4,4,4,4,6,6,6,18,11,11,11,11,11,11,11,11,11,11,11,11,11,11,11,9,11,11,11,11,11,11,11,11,11,11,9,9,9,11,11,11,11,11,11,11,9,11,11,11,11,11,11,11,11,11,11,11,11,11,11,11,11,11,11,11,11,2,2,2,18,6,17,17,17,16,16,16,16,16,16,16,16,16
16,16,16,16,16,16,16,16,16,16,16,16,16,17,18,14,14,14,14,14,6,0,16,16,16,16,16,16,16,16,16,16,17,6,14,2,2,14,4,6,6,17,0,17,17,18,2,2,2,2,18,1,1,1,9,9,9,2,2,2,2,2,1,1,1,1,5,1,9,9,5,5,5,5,8,8,8,19,8,8,8,8,10,10,19,19,3,3,3,11,11,8,5,9,9,9,9,9,9,9,1,9,1,9,9,1,1,9,1,9,1,1,5,5,1,8,8,11,5,8,5,9,9,1,5,18,18,4,18,4,4,18,1,1,1,1,9,9,9,5,5,7,7,7,7,7,7,2,2,2,2,2,2,2,2,2,2,2,2,2,18,4,4,0,0,16,16,16,0,4,13,6,4,4,4,4,6,18,18,9,18,11,11,11,11,11,11,11,11,11,11,11,11,11,11,11,11,11,11,11,11,11,11,11,11,11,11,11,11,2,9,9,11,11,11,11,11,11,9,11,11,11,11,11,11,11,11,11,11,11,11,11,11,11,11,11,11,11,2,2,2,2,18,17,17,17,17,17,16,16,16,16,16,16,16,16
16,16,16,16,16,16,16,16,16,16,16,16,16,17,18,14,14,14,14,18,17,16,16,16,16,16,16,16,16,16,16,16,0,0,17,18,2,2,2,2,2,14,17,17,17,6,18,18,2,2,2,18,1,9,9,9,1,1,1,1,2,1,1,9,1,9,9,1,9,9,9,5,5,5,5,8,19,3,10,3,3,3,19,10,10,10,3,3,3,11,11,11,5,5,9,9,9,9,9,9,9,1,1,9,9,9,9,9,9,9,1,9,9,1,5,8,8,5,9,9,9,9,1,18,18,18,18,18,4,4,4,6,18,1,1,9,9,9,9,7,7,7,7,7,7,7,7,2,2,2,2,2,2,2,2,2,2,2,2,2,2,18,4,4,4,4,0,0,4,6,14,2,6,6,6,6,14,14,9,11,11,11,11,11,11,11,11,11,11,11,11,11,11,11,11,11,2,11,11,11,11,11,11,11,11,11,11,11,11,11,11,11,11,11,11,11,11,11,11,11,11,11,11,11,11,2,11,11,11,11,11,11,11,11,11,11,11,11,2,2,2,2,18,17,17,17,17,16,16,16,16,16,16,16,16,16
16,16,16,16,16,16,16,16,16,16,16,16,16,16,4,18,18,18,17,17,0,16,16,16,16,16,16,16,16,16,16,16,16,16,0,17,18,2,2,2,2,18,17,17,17,4,4,4,18,2,18,1,9,9,9,1,5,9,9,9,1,1,1,9,9,9,1,9,9,9,9,5,5,5,5,10,3,10,19,19,10,19,19,19,19,3,3,3,15,11,11,11,5,5,9,9,9,1,9,1,9,1,9,9,9,9,1,9,9,9,1,9,1,9,9,5,5,5,9,9,9,9,1,18,4,4,4,4,17,17,17,4,18,1,1,1,9,9,7,7,7,7,7,7,7,7,7,7,2,2,2,2,2,2,2,2,2,2,2,2,2,2,18,18,18,6,4,17,4,6,14,14,2,2,2,2,2,2,9,11,11,11,11,11,11,11,11,11,11,11,11,11,11,11,11,11,11,11,11,11,11,11,11,11,11,11,11,11,11,11,11,9,11,11,11,11,11,11,11,2,11,11,11,2,11,2,9,11,11,11,11,11,11,11,11,11,11,11,2,2,2,18,18,4,17,0,16,16,16,16,16,16,16,16,16,16
16,16,16,16,16,16,16,16,16,16,16,16,16,16,0,0,0,0,0,16,16,16,16,16,16,16,16,16,16,16,16,16,16,16,16,0,6,14,2,2,2,14,6,6,4,4,17,4,18,2,18,1,1,9,1,9,1,1,9,9,9,9,9,1,9,9,1,1,9,9,9,5,5,5,8,8,8,10,8,19,19,19,19,19,19,3,3,3,3,11,11,5,5,5,5,9,1,1,1,1,1,1,1,9,1,1,1,9,9,1,9,1,1,9,9,1,1,9,9,9,9,1,1,18,4,17,0,0,0,0,17,4,18,7,7,1,7,7,7,7,7,7,7,7,7,7,7,2,2,2,2,2,2,2,2,2,2,2,2,2,2,2,2,2,14,6,4,6,18,14,14,14,14,2,2,7,2,2,2,11,11,11,11,11,11,11,11,11,11,11,11,11,11,11,11,11,11,11,11,11,11,11,11,11,11,11,11,11,11,11,11,11,11,11,11,11,11,11,11,11,2,9,11,11,2,9,9,11,11,11,11,11,11,11,2,2,2,2,2,18,4,17,17,17,17,16,16,16,16,16,16,16,16,16,16,16
16,16,16,16,16,16,16,16,16,16,16,16,16,16,16,16,16,16,16,16,16,16,16,16,16,16,16,16,16,0,0,16,16,16,16,16,17,17,10,2,2,2,2,2,2,4,17,4,4,18,18,5,1,1,1,9,9,1,1,1,9,9,9,9,9,9,1,9,9,9,1,9,5,8,8,8,19,19,10,3,19,3,3,19,19,3,3,3,3,3,5,5,5,5,5,9,1,18,18,1,1,1,1,1,1,1,1,1,1,1,1,1,1,9,9,9,1,9,9,9,1,1,18,4,4,17,0,0,0,0,17,4,18,7,7,7,14,7,7,7,7,7,7,7,7,7,14,14,7,14,2,2,2,2,2,2,2,2,2,2,2,2,2,2,2,6,18,14,2,2,18,18,14,14,14,7,2,2,2,9,9,11,11,11,11,11,11,11,11,11,11,11,11,11,11,11,11,11,11,11,11,11,11,11,11,11,11,11,11,11,11,11,11,11,11,11,11,11,11,11,9,9,11,11,11,11,11,11,11,11,11,11,11,11,11,11,14,18,18,4,17,17,17,17,17,16,16,16,16,16,16,16,16,16,16,16
16,16,16,16,16,16,16,16,16,16,16,16,16,16,16,16,16,16,16,16,16,16,16,16,0,0,17,0,17,0,0,16,16,16,16,16,17,17,17,14,14,18,18,2,2,18,4,4,4,6,18,18,1,1,1,9,1,1,1,9,9,9,9,9,9,9,9,1,9,9,9,1,8,8,8,8,19,19,3,3,3,3,3,19,19,3,3,3,3,3,5,5,5,9,9,9,9,1,6,4,18,18,18,5,18,18,18,5,18,18,18,18,18,1,1,1,9,9,9,9,9,1,18,4,17,17,17,0,16,16,0,17,4,4,18,18,14,1,7,7,7,7,7,7,7,7,7,7,7,7,14,2,2,2,2,2,2,2,2,2,2,2,2,2,2,2,2,2,2,2,2,18,18,14,14,14,2,2,11,9,11,11,11,11,11,11,11,11,11,11,11,11,11,11,11,11,11,11,11,11,11,11,11,11,11,11,11,11,11,11,11,11,11,11,11,11,11,11,11,11,11,11,11,9,11,11,11,11,11,11,11,11,11,11,11,11,18,4,17,17,17,0,16,16,16,16,16,16,16,16,16,16,16,16,16,16
16,16,16,16,16,16,16,16,16,16,16,16,16,16,16,16,16,16,16,16,16,16,16,16,0,4,4,17,17,17,0,16,16,16,16,16,16,0,17,17,6,17,4,6,18,4,4,4,4,4,6,6,1,1,1,1,1,1,9,9,9,9,9,9,9,9,9,1,9,1,1,1,9,8,8,8,19,19,3,3,3,3,3,3,3,3,3,3,3,8,5,5,9,9,9,9,1,1,18,17,13,4,18,18,6,4,18,18,18,18,6,4,6,18,1,1,9,1,9,9,9,9,5,18,17,17,17,0,0,16,16,17,17,17,4,6,18,18,7,7,7,7,7,7,7,7,7,7,7,7,2,2,2,2,2,2,2,2,2,2,2,2,2,2,2,2,2,2,2,2,2,18,6,2,2,2,2,2,11,11,11,11,11,11,11,11,11,11,11,11,11,11,11,11,11,11,11,11,11,11,11,11,11,11,11,11,11,11,11,11,11,11,11,11,11,11,11,11,11,11,11,11,11,11,11,11,11,11,11,11,11,11,11,11,11,5,18,17,17,0,17,16,16,16,16,16,16,16,16,16,16,16,16,16,16,16
16,16,16,16,16,16,16,16,16,16,16,16,16,16,16,16,16,16,16,16,16,16,16,17,4,18,14,6,17,17,0,16,16,16,16,16,16,16,0,17,17,0,17,4,4,4,4,4,17,17,6,18,18,18,1,9,1,9,1,1,9,9,9,9,9,9,1,1,9,9,9,9,1,5,5,8,10,3,3,3,3,3,3,3,3,3,3,3,3,8,5,8,5,5,5,9,1,18,6,6,17,17,17,4,4,17,17,17,4,6,4,17,4,4,1,1,1,9,9,9,9,1,18,4,17,17,0,0,16,16,16,16,0,0,4,4,18,18,14,7,7,7,7,7,14,7,7,7,7,7,14,2,2,2,2,2,2,2,2,2,2,2,2,2,2,2,2,2,2,2,6,4,4,4,2,2,2,2,2,9,9,11,11,11,11,11,11,11,11,11,11,11,11,11,11,11,11,11,11,11,11,11,11,11,11,11,11,11,11,11,11,11,11,11,11,11,11,11,11,11,11,11,11,11,11,11,11,11,11,11,11,11,11,11,11,5,18,6,17,0,16,16,16,16,16,16,16,16,16,16,16,16,16,16,16,16
16,16,16,16,16,16,16,16,16,16,16,16,16,16,16,16,16,0,16,16,16,16,16,0,4,14,14,14,6,17,0,16,16,16,16,0,16,16,0,0,0,17,0,0,0,17,4,4,4,4,18,18,1,18,1,1,9,1,9,1,9,9,9,9,9,9,9,9,1,1,9,1,1,8,8,19,19,3,3,3,3,3,3,3,3,3,3,3,8,8,5,8,8,8,5,5,9,1,1,18,6,6,13,18,4,4,0,0,0,0,0,17,17,17,4,18,1,1,1,9,9,18,18,17,17,17,0,16,16,16,16,16,16,0,17,4,4,18,14,7,7,7,7,7,14,7,7,7,7,7,2,2,2,2,2,2,2,2,2,2,2,2,2,2,2,2,2,2,2,2,6,17,4,14,2,2,2,2,2,2,9,2,2,9,11,11,11,11,11,11,11,2,9,11,11,11,11,11,11,11,11,11,11,11,11,11,11,11,11,11,11,11,11,2,11,11,11,11,11,11,11,11,11,11,11,11,11,11,11,11,11,11,11,11,11,5,18,13,17,0,16,16,16,16,16,16,16,16,16,16,16,16,16,16,16,16
16,16,16,16,16,16,16,16,16,16,16,16,16,16,16,16,4,17,0,17,16,16,16,0,17,18,14,14,18,17,17,17,17,0,16,0,4,17,0,0,0,17,0,0,4,4,17,17,4,6,6,18,1,1,1,9,1,1,9,1,9,9,9,9,9,9,9,9,9,1,1,1,5,8,19,19,3,3,3,3,3,3,3,19,19,3,3,3,8,8,8,8,8,8,5,5,9,9,1,14,18,18,7,7,18,4,17,17,0,0,0,0,17,17,17,17,4,18,1,1,9,5,18,18,6,4,17,17,0,16,16,16,16,16,0,17,4,18,2,7,7,14,14,7,7,7,7,14,14,2,2,7,2,2,14,14,14,7,14,7,7,14,2,2,2,2,2,18,18,4,4,0,4,14,2,2,2,2,2,2,2,2,2,2,2,11,11,11,11,11,11,2,2,11,11,9,9,9,11,11,11,11,11,11,11,11,11,11,11,11,11,11,2,2,11,11,11,11,11,11,11,11,11,11,11,11,11,11,11,11,11,11,11,11,11,18,17,17,17,0,16,16,16,16,16,16,16,16,16,16,16,16,16,16,16,16
16,16,16,16,16,16,16,16,16,16,16,16,16,16,16,17,14,2,2,17,17,0,17,17,18,14,14,14,18,17,4,17,17,17,0,17,6,17,17,17,17,17,4,4,13,4,4,4,4,6,6,18,1,1,1,1,9,1,18,9,9,9,9,9,9,9,9,9,9,9,5,1,8,8,19,19,3,3,3,3,3,3,3,19,19,8,19,10,8,19,10,8,8,8,5,5,9,9,1,1,14,14,7,7,7,18,6,4,4,0,0,0,0,17,0,17,17,18,1,1,1,18,18,14,18,18,14,14,6,4,0,16,16,0,17,4,18,14,2,7,2,2,2,7,7,7,14,7,7,7,7,7,7,14,7,7,7,7,7,7,7,14,2,2,2,2,2,2,2,18,4,4,17,4,14,2,2,2,2,2,2,2,2,2,2,2,11,11,2,2,2,2,2,2,11,9,9,9,11,2,9,11,11,11,11,11,11,11,11,11,11,2,2,2,11,11,11,11,11,11,11,11,11,11,11,2,2,11,2,2,11,11,11,11,11,18,17,17,0,16,16,16,16,16,16,16,16,16,16,16,16,16,16,16,16,16
16,16,16,16,16,16,16,16,16,16,16,16,16,16,0,17,18,2,2,10,17,17,18,7,7,2,2,7,14,18,6,17,17,17,17,4,17,17,4,4,4,6,18,14,18,18,6,6,6,6,18,1,1,9,1,9,1,1,9,9,9,9,9,9,9,9,1,1,9,1,8,8,8,10,10,19,10,3,3,3,3,3,19,19,19,8,8,10,19,19,10,8,8,8,8,5,5,9,9,9,14,7,7,7,7,7,18,18,4,0,0,0,0,0,0,0,17,18,18,18,18,18,17,17,17,18,2,2,4,4,0,16,16,0,17,17,18,2,2,2,2,2,2,2,14,14,7,7,7,7,7,7,7,7,7,7,7,7,7,7,7,7,14,2,2,2,2,2,2,2,13,17,17,17,17,4,18,2,2,2,2,2,2,2,2,2,11,11,2,2,2,2,2,11,11,11,9,11,11,11,9,11,11,11,11,11,11,11,2,2,2,2,2,2,11,11,11,11,11,11,11,11,11,2,2,2,2,2,2,2,2,2,5,11,11,18,17,17,0,16,16,16,16,16,16,16,16,16,16,16,16,16,16,16,16,16
16,16,16,16,16,16,16,16,16,16,16,16,16,16,0,0,17,2,2,14,4,4,18,7,7,7,7,14,7,14,18,14,6,6,4,17,17,17,4,6,14,7,7,7,7,7,7,18,13,13,18,1,1,1,9,1,1,1,9,9,9,9,9,9,9,9,1,1,1,1,1,5,5,8,10,19,8,8,3,3,3,19,19,19,10,10,10,10,19,10,8,8,8,8,8,11,5,9,9,1,1,7,7,7,7,7,18,6,17,0,17,17,0,0,17,17,4,18,18,18,18,17,17,17,0,17,6,14,4,17,0,0,0,0,0,17,18,14,2,2,2,2,2,2,2,14,7,7,7,7,7,7,7,7,7,7,7,7,7,7,7,7,18,2,2,2,2,2,2,2,2,6,17,0,0,0,0,6,2,2,2,2,2,2,2,2,2,2,2,2,2,11,11,11,11,11,9,2,11,11,2,9,11,11,11,11,11,11,2,2,2,2,2,2,2,2,2,11,11,11,11,11,11,11,2,2,2,2,2,2,2,2,18,18,5,18,17,0,16,16,16,16,16,16,16,16,16,16,16,16,16,16,16,16,16,16
16,16,16,16,16,16,16,16,16,16,16,0,0,0,0,0,4,18,7,7,7,7,7,7,7,7,1,6,14,7,7,7,7,7,14,6,17,17,6,18,7,7,7,7,7,7,14,1,1,18,18,1,1,9,9,9,18,9,9,9,9,9,9,9,9,9,1,1,1,1,9,1,1,8,8,8,8,8,19,3,3,3,19,19,8,8,8,19,19,10,8,8,8,8,5,8,5,5,9,9,9,9,7,7,7,7,7,6,17,17,17,0,0,0,17,17,17,6,18,4,6,17,0,0,17,17,17,6,17,0,16,0,17,17,17,4,4,4,2,2,2,2,2,2,2,14,7,7,7,7,7,7,7,7,7,7,7,7,7,7,7,14,2,2,2,2,2,2,2,2,2,6,17,0,0,16,0,2,2,2,2,2,2,2,2,2,2,2,2,2,11,11,11,11,11,11,11,2,2,2,9,11,11,11,11,11,11,11,2,2,2,2,2,2,2,2,2,9,11,11,11,11,11,11,2,2,2,2,2,18,18,18,17,17,17,17,0,16,16,16,16,16,16,16,16,16,16,16,16,16,16,16,16,16,16,16
16,16,16,16,16,16,16,16,16,16,16,0,17,17,0,0,17,7,7,7,7,7,7,7,7,7,18,6,6,7,7,7,7,7,7,6,4,0,6,7,7,7,7,7,7,7,1,1,1,1,1,1,9,9,9,1,1,9,9,9,9,9,1,9,9,9,9,1,9,9,1,9,1,1,1,1,5,19,10,3,3,3,8,8,5,5,8,19,10,10,8,8,5,5,8,11,8,5,5,9,1,14,7,7,7,7,7,18,17,17,17,0,0,0,0,17,4,4,17,17,17,0,16,0,0,0,17,0,0,0,0,0,17,17,6,4,18,18,2,2,2,2,2,2,2,14,7,7,7,7,7,7,7,7,7,7,7,7,7,14,14,2,2,2,2,2,2,2,2,2,2,6,17,17,17,4,2,2,2,2,2,2,2,2,2,2,2,2,2,2,2,2,11,11,11,11,11,9,9,11,11,11,11,11,11,11,11,11,2,2,2,2,2,2,2,2,2,2,11,11,11,2,2,2,2,2,2,2,18,18,4,4,17,17,17,17,16,16,16,16,16,16,16,16,16,16,16,16,16,16,16,16,16,16,16,16
16,16,16,16,16,16,16,16,16,16,0,0,18,7,7,18,6,7,7,7,7,7,7,7,7,18,5,5,14,7,7,7,7,7,7,18,10,6,14,7,7,7,7,7,7,7,7,9,9,1,1,9,9,1,1,1,1,9,9,9,9,9,1,1,9,9,9,9,9,1,9,9,1,1,1,8,8,10,10,19,3,3,3,5,5,1,1,8,8,8,8,8,5,5,8,5,8,5,9,9,1,14,7,7,7,7,7,7,6,4,17,17,4,4,6,4,6,17,0,0,0,0,16,0,0,16,16,16,16,16,0,0,17,4,18,18,18,2,2,2,2,2,2,7,14,7,7,7,7,7,7,7,7,7,7,7,7,7,14,7,7,2,2,2,2,2,2,2,2,2,2,14,4,17,17,17,2,2,18,6,2,2,2,2,2,2,2,2,2,2,2,2,11,11,11,11,11,11,11,11,11,11,11,11,11,11,11,11,11,2,2,2,2,2,2,2,2,2,11,11,2,2,2,2,2,2,2,2,2,4,0,0,17,16,16,16,16,16,16,16,16,16,16,16,16,16,16,16,16,16,16,16,16,16,16,16
16,16,16,16,16,16,16,16,16,17,17,18,7,7,7,7,7,7,7,7,7,7,7,7,18,5,5,5,7,7,7,7,7,7,7,7,18,6,18,7,7,7,7,7,7,7,7,1,1,1,1,1,1,1,1,1,9,9,9,9,1,1,9,18,18,1,9,9,1,9,9,1,1,9,1,1,8,8,8,3,3,3,3,8,1,1,1,1,8,8,5,5,5,1,1,1,9,9,1,9,1,1,1,14,7,7,7,7,7,18,6,6,14,13,14,18,18,17,17,0,16,16,0,16,16,16,0,0,0,0,0,4,4,18,2,2,2,2,2,2,2,2,14,7,14,7,7,7,7,7,7,7,7,7,7,7,7,14,7,7,7,18,14,7,18,7,2,2,2,2,2,2,18,17,17,0,4,6,2,2,14,14,2,2,2,2,2,2,2,2,2,2,2,11,11,11,11,11,11,11,11,11,11,11,11,11,11,11,2,2,2,2,2,2,2,2,2,2,2,2,2,2,2,2,2,2,2,2,2,18,0,17,17,16,16,16,16,17,4,17,17,0,16,16,16,16,16,16,16,16,16,16,16,16,16,16
16,16,16,16,16,16,16,16,17,17,14,7,7,7,7,7,7,7,7,7,7,7,7,14,18,5,5,18,7,7,7,7,7,7,7,7,7,18,18,7,7,7,7,7,7,14,1,1,9,1,1,1,1,1,1,1,1,9,9,9,1,9,9,1,18,1,1,1,1,1,1,1,1,9,1,1,5,9,8,8,3,11,11,8,9,1,1,9,9,8,5,5,1,1,1,9,1,9,1,1,9,9,9,1,14,1,7,7,7,7,7,7,7,7,7,7,18,4,0,16,16,16,0,0,16,0,0,17,4,4,4,4,6,18,2,2,2,2,2,2,2,7,7,7,7,7,7,7,7,7,7,7,7,7,7,7,7,7,7,7,7,7,7,7,7,14,7,2,2,2,2,2,18,4,17,4,6,2,2,2,2,2,2,2,2,1,2,2,2,2,2,2,2,11,11,11,11,11,11,11,11,11,11,11,11,11,2,11,11,2,2,2,2,2,2,2,2,2,2,2,2,2,2,2,2,2,2,2,2,18,18,18,4,17,0,16,16,17,18,18,17,17,17,17,16,17,17,16,16,16,16,16,16,16,16,16
16,16,16,16,16,16,16,0,17,6,7,7,7,7,7,7,7,7,7,7,7,7,7,14,18,5,5,9,7,7,7,7,7,7,7,7,14,14,2,7,7,7,7,7,7,1,9,1,9,1,1,1,1,1,1,1,9,9,9,9,9,9,9,9,14,14,18,1,1,1,1,9,9,1,1,1,5,9,5,5,11,9,9,9,9,9,9,9,1,1,5,5,1,1,1,9,9,1,9,9,9,9,9,9,9,1,1,1,7,7,7,7,7,7,7,7,18,4,4,4,0,16,0,0,0,0,17,4,4,6,6,6,18,2,2,2,2,2,2,2,14,7,7,7,7,7,7,7,7,7,7,7,7,7,7,7,7,14,7,7,7,7,7,7,7,7,18,14,14,2,2,2,18,4,4,4,18,2,2,2,2,2,2,2,1,1,1,1,1,1,1,2,9,11,11,2,2,11,11,11,11,11,2,2,11,2,2,2,2,2,2,2,2,2,2,2,2,2,2,2,2,2,2,2,2,2,2,2,2,2,2,18,4,17,17,17,4,17,18,2,2,18,18,17,17,17,17,16,16,16,16,16,16,16,16,16
16,16,16,16,16,16,16,0,17,6,18,7,7,7,7,7,7,7,7,7,7,2,14,1,5,9,9,9,1,1,7,7,7,7,7,14,14,7,7,7,7,7,7,14,1,1,9,9,1,1,1,9,9,18,1,9,9,9,9,9,9,1,1,1,14,18,1,9,1,1,1,9,9,9,1,5,9,1,9,9,9,5,9,9,9,9,9,9,9,9,5,5,5,1,1,9,1,1,9,9,9,9,9,9,9,9,9,9,7,7,7,7,7,7,7,7,7,7,18,4,17,0,0,0,0,0,0,4,18,2,18,2,2,2,2,2,2,2,2,2,7,7,7,7,7,7,7,7,7,7,7,7,7,7,7,7,7,7,7,7,7,7,7,7,7,7,7,7,7,14,2,2,2,4,17,4,18,2,2,2,2,2,2,1,1,9,9,5,9,1,1,9,1,2,2,2,2,2,2,2,2,2,2,2,2,2,2,2,2,2,2,2,2,2,2,2,2,2,2,2,2,2,2,2,2,2,2,2,2,2,2,18,18,18,4,4,4,18,2,2,2,18,18,17,17,17,17,0,16,16,16,16,16,16,16,16
16,16,16,16,16,16,16,16,0,4,7,7,7,7,7,7,7,7,7,7,14,1,1,9,1,9,1,1,9,1,14,7,7,7,18,1,9,7,7,7,7,7,7,14,1,9,9,1,1,9,9,9,18,1,9,9,9,9,9,9,9,18,18,14,7,18,18,1,9,9,9,9,9,1,9,9,1,9,9,9,9,9,1,9,9,9,9,9,9,1,1,5,1,1,9,9,9,1,9,9,9,9,9,9,9,1,1,7,7,7,7,7,7,7,7,7,7,7,4,17,17,17,0,0,0,0,0,4,18,2,2,2,2,2,2,2,2,2,2,7,7,7,7,7,7,7,7,7,7,7,7,7,7,7,7,7,7,7,7,7,7,7,7,7,7,7,7,7,7,14,2,2,2,4,17,6,2,2,2,2,2,2,2,1,9,9,9,9,1,9,9,9,1,2,2,2,2,2,2,2,2,2,2,2,2,2,2,2,2,2,2,2,2,2,2,2,1,2,2,2,2,2,2,2,2,2,2,2,2,2,2,2,2,2,18,14,2,2,2,2,7,7,7,7,18,17,17,17,16,16,16,16,16,16,16,16
16,16,16,16,16,16,16,16,17,18,7,7,7,7,7,7,7,7,7,14,1,9,1,1,1,9,1,1,9,9,1,2,18,1,1,1,9,9,2,14,14,2,2,1,1,1,9,1,9,9,1,1,1,9,9,9,9,9,9,9,9,1,18,7,7,14,18,1,1,9,9,1,1,9,9,1,1,9,1,9,9,9,9,9,9,9,1,1,1,1,1,9,1,9,9,1,1,1,18,9,9,9,9,1,1,7,7,7,7,7,7,7,7,7,7,7,7,14,4,17,0,0,0,0,0,0,0,4,4,2,2,2,2,2,2,2,14,7,7,7,7,7,7,7,7,2,7,7,7,7,7,7,7,7,7,7,7,7,7,7,7,7,7,7,7,7,7,7,14,2,2,2,2,2,18,2,2,2,2,2,2,2,1,9,9,9,9,1,9,9,9,9,9,1,2,2,2,2,2,2,2,2,2,2,2,2,2,2,2,2,2,2,2,2,1,1,9,2,2,2,2,2,2,9,1,1,2,2,2,2,2,2,2,2,2,2,2,2,2,7,7,7,7,7,7,13,17,17,0,16,16,16,16,16,16,16
16,16,16,16,16,16,0,17,17,6,7,7,7,7,7,7,7,7,7,7,1,9,9,9,1,9,1,9,9,9,9,1,1,1,1,1,9,1,1,1,14,14,1,1,1,9,1,1,1,1,1,1,9,9,9,9,1,9,9,1,14,14,7,7,7,7,1,18,1,1,1,1,1,9,9,1,9,1,1,9,9,9,9,9,9,9,1,1,1,1,1,1,1,1,1,1,9,1,9,9,9,9,9,1,7,7,7,7,7,7,7,7,7,7,7,7,7,18,4,17,0,0,0,4,0,0,0,0,4,6,2,2,2,2,2,2,7,7,7,7,7,7,14,2,2,2,14,14,7,7,7,7,7,7,7,7,7,7,7,7,7,7,7,7,7,7,7,14,2,2,2,2,2,2,2,2,2,2,2,2,2,2,1,9,9,9,1,9,9,9,9,9,9,9,1,1,2,2,2,2,2,2,2,2,2,2,2,2,2,2,2,2,2,1,1,9,1,14,2,2,2,2,2,1,1,1,2,2,2,1,1,1,1,2,2,2,2,2,2,7,7,7,7,7,7,4,17,17,17,17,16,16,16,16,16,16
16,16,16,16,16,16,0,17,4,18,7,7,7,7,7,7,7,7,7,7,1,9,9,9,9,9,1,9,9,9,9,9,9,9,1,1,1,1,9,9,9,1,1,9,9,9,1,9,1,1,9,9,9,9,9,9,1,9,9,1,14,2,7,7,7,7,7,14,1,14,1,1,9,9,1,1,1,1,1,9,9,9,9,9,9,1,1,7,7,1,7,1,1,1,1,9,9,1,9,9,9,9,9,1,7,7,7,7,7,7,7,7,7,7,7,7,7,6,6,17,17,4,4,4,4,17,0,17,4,6,2,2,2,2,7,7,7,7,7,7,7,7,7,7,14,7,7,7,14,7,7,7,7,7,7,7,7,7,7,7,7,7,7,7,7,14,14,2,2,2,2,2,2,2,2,2,2,2,2,2,2,2,14,1,1,1,18,9,9,9,9,9,9,9,9,1,1,14,2,2,2,2,2,2,2,2,2,2,2,2,2,2,1,9,1,1,9,9,1,2,2,2,1,1,9,1,1,1,1,1,9,9,1,9,2,2,2,2,7,7,7,7,7,7,7,18,7,7,4,17,0,16,16,16,16,16
16,16,16,16,16,16,16,16,17,18,18,7,7,7,7,7,7,7,7,7,7,1,1,9,9,1,1,1,9,9,9,9,9,9,9,9,1,9,9,9,9,1,1,1,1,9,1,1,1,9,9,9,9,9,1,7,1,7,7,7,7,7,14,7,7,7,7,7,18,18,1,1,1,1,14,14,14,1,1,9,1,9,9,1,1,1,1,7,7,7,7,1,18,1,1,1,1,9,1,1,1,9,9,1,1,7,7,7,7,7,7,7,7,7,7,7,7,7,18,4,4,4,4,13,4,4,17,4,4,6,18,18,2,2,7,7,7,7,7,7,7,7,7,7,7,7,7,7,14,2,7,7,7,7,7,7,7,7,7,7,7,7,7,2,14,2,2,2,2,2,2,2,2,2,2,2,2,2,2,2,2,2,1,1,1,1,9,9,9,9,9,1,1,1,1,18,14,14,14,2,2,2,2,2,2,2,2,2,2,2,1,1,9,1,1,9,9,9,1,1,1,1,1,1,1,1,9,1,1,9,9,9,9,2,2,2,2,7,7,7,7,7,7,7,7,7,7,7,7,17,17,17,16,16,16,16
16,16,16,16,16,16,16,16,0,17,4,18,7,7,14,18,7,7,7,7,7,14,14,9,9,1,1,1,1,1,1,1,9,9,9,9,9,9,9,1,1,9,9,1,9,9,9,1,1,9,9,9,9,9,7,7,1,7,14,7,7,7,7,7,7,7,7,7,14,2,18,18,18,14,14,7,7,18,1,1,18,14,14,1,7,7,7,7,7,7,7,18,18,1,1,9,9,9,9,9,1,9,9,1,1,9,7,7,7,7,7,7,7,7,7,7,7,7,7,6,4,4,6,7,7,14,18,6,4,4,6,18,2,2,2,7,2,7,7,7,7,7,7,7,7,7,7,7,7,7,7,7,7,7,7,7,7,7,7,7,7,7,14,14,14,2,2,2,2,2,2,2,2,2,2,2,2,2,2,2,2,2,1,1,1,9,9,9,9,9,9,1,18,18,2,2,2,2,2,2,2,2,2,2,2,2,2,2,2,1,1,1,1,1,1,9,9,9,9,9,1,9,9,1,1,9,9,9,9,9,9,9,9,9,2,2,2,2,7,7,7,7,7,18,7,7,7,7,7,18,17,17,16,16,16,16
16,16,16,16,16,16,16,16,16,16,17,4,18,13,17,17,14,7,18,14,14,14,1,1,1,9,9,1,18,9,5,9,9,9,9,9,9,1,1,1,9,1,1,1,1,9,1,1,1,9,9,9,7,7,7,7,7,7,7,7,7,7,7,7,7,7,7,7,14,2,2,2,2,2,7,7,7,14,14,7,7,7,14,7,7,7,7,7,7,7,1,7,1,1,1,9,9,9,9,9,1,9,9,9,1,1,9,7,7,7,7,7,7,7,7,7,7,7,7,7,18,7,7,7,7,14,2,18,4,4,6,18,2,2,2,2,2,7,7,7,7,7,7,7,7,7,7,7,7,7,7,7,7,7,7,7,7,7,7,7,7,14,2,2,2,2,14,14,14,2,2,2,2,2,2,2,2,2,2,2,2,2,1,9,9,9,9,9,1,9,1,2,2,2,2,2,2,2,2,2,2,2,2,2,2,2,1,1,1,1,1,1,1,9,9,9,9,9,9,1,1,9,1,1,9,9,9,9,9,9,9,9,9,9,2,2,2,2,2,2,14,14,6,17,4,18,14,18,7,4,17,17,16,16,16,16
16,16,16,16,16,16,16,16,16,16,0,17,6,13,4,6,13,18,18,14,14,14,1,9,9,9,1,9,1,9,1,9,9,9,9,9,9,9,9,9,9,9,9,1,1,1,1,9,9,9,9,1,7,7,7,7,7,7,7,7,7,7,7,7,7,7,7,7,7,2,2,2,2,2,7,7,7,7,7,7,7,7,7,7,7,7,7,7,7,7,7,7,7,1,1,1,9,1,9,1,1,1,9,9,9,1,1,7,7,7,7,7,7,7,7,7,7,7,7,7,7,7,7,7,14,2,2,2,6,6,6,18,2,2,2,2,2,14,14,7,7,7,7,7,7,7,7,7,7,7,7,7,7,7,7,7,7,7,7,7,7,14,2,2,2,2,2,2,2,2,2,2,2,2,2,2,2,2,2,2,1,9,9,9,9,1,1,1,1,1,14,2,2,2,2,2,2,2,2,2,14,2,2,2,2,2,1,1,1,1,9,9,9,9,9,9,9,9,9,9,9,9,9,9,9,9,9,9,9,9,9,1,9,9,1,2,2,2,2,14,4,4,17,17,17,4,18,17,17,17,17,17,0,16,16,16
16,16,16,16,16,16,16,16,16,16,4,4,7,18,4,4,4,6,18,18,14,18,1,1,9,9,1,1,9,1,8,9,9,9,9,9,9,9,9,9,9,9,9,9,9,9,9,1,1,9,1,1,7,7,7,7,7,7,7,7,7,7,7,7,7,7,7,7,14,14,2,2,2,2,7,7,7,7,7,7,7,7,7,7,7,7,14,7,7,7,7,7,7,7,9,9,1,9,1,1,1,1,9,9,9,9,9,1,1,7,7,7,7,7,7,7,2,7,7,7,7,7,7,2,2,2,2,2,2,2,18,6,10,2,2,2,2,2,2,18,7,14,7,7,7,7,7,7,7,7,7,7,7,7,7,7,7,7,7,7,7,14,2,2,2,2,2,2,2,2,2,2,2,2,2,2,2,2,2,14,1,9,9,9,9,1,14,2,18,2,2,2,2,2,2,2,2,2,2,14,14,14,2,2,2,1,1,1,1,1,1,9,9,9,9,9,9,9,9,9,9,9,9,9,9,9,1,1,1,1,1,1,1,1,1,14,2,2,2,18,17,0,0,17,17,17,17,17,17,0,0,0,16,16,16,16
16,16,16,16,16,16,16,17,17,4,18,7,7,7,7,4,4,4,18,2,2,2,18,1,9,1,1,9,1,1,5,9,9,9,9,9,9,9,9,9,1,9,9,9,9,9,9,9,9,1,1,7,7,7,7,7,7,7,7,7,7,7,7,7,2,7,2,2,2,2,2,2,2,2,7,7,7,7,7,7,7,7,7,7,7,7,7,7,7,7,7,7,7,7,7,1,1,1,1,9,9,1,9,9,9,9,9,9,1,14,7,7,7,7,7,7,2,2,2,2,2,14,14,2,2,2,2,2,2,2,18,6,18,2,2,2,2,2,2,2,2,14,7,7,7,7,7,7,14,7,7,7,7,7,7,14,14,7,7,7,7,7,2,2,2,2,2,2,2,2,2,2,2,2,2,2,2,2,2,14,1,9,9,9,1,14,2,2,2,2,2,2,2,2,2,2,2,2,2,14,14,2,14,14,1,1,1,9,9,1,9,9,9,9,9,1,9,9,1,9,9,9,9,9,9,9,1,1,1,1,1,1,1,14,14,2,2,2,2,18,17,0,0,0,0,16,16,0,0,16,16,16,16,16,16,16
16,16,16,16,16,16,16,16,18,7,7,7,7,7,7,4,4,13,18,14,2,2,14,1,1,1,1,9,1,5,5,9,9,9,9,9,9,9,1,9,9,1,1,9,9,9,9,9,9,9,1,7,7,7,7,7,7,7,14,7,7,7,7,7,2,2,2,2,2,2,2,2,2,2,2,7,7,7,7,7,7,7,7,2,7,7,7,7,7,7,7,7,7,7,7,7,1,1,1,9,1,9,9,9,9,9,9,9,1,14,7,7,7,7,7,7,2,2,2,2,2,2,2,2,2,2,2,2,2,2,18,6,4,18,2,2,2,2,2,2,2,2,14,7,7,7,7,7,7,18,7,7,7,14,14,2,2,14,2,7,7,14,2,2,2,2,2,2,2,2,2,2,2,2,2,2,1,1,1,1,9,9,1,1,1,2,2,2,2,2,2,2,2,2,2,14,1,1,1,1,1,1,1,9,9,9,9,9,9,9,9,9,9,9,9,9,9,9,1,9,9,9,9,9,1,1,14,18,1,1,1,14,14,14,14,14,2,2,2,2,14,18,0,0,16,16,16,16,16,16,16,16,16,16,16,16
16,16,16,16,16,16,16,16,4,18,7,7,7,7,4,4,4,6,10,2,2,2,14,1,1,9,9,1,1,5,5,9,9,9,9,9,9,9,9,9,9,9,1,1,1,1,1,9,9,1,1,7,7,2,2,2,2,2,2,14,7,7,7,2,14,14,14,14,2,2,2,2,2,2,2,14,7,7,7,7,7,7,7,2,2,7,7,7,7,7,7,7,7,7,7,7,6,18,1,1,1,1,9,9,9,1,1,18,18,14,14,7,7,7,7,7,2,2,2,2,2,2,2,14,2,2,2,2,2,2,18,18,4,6,2,2,2,2,2,2,2,2,14,7,7,7,7,7,7,7,14,18,18,2,2,2,2,2,2,2,7,2,2,2,2,2,2,2,2,2,2,2,2,2,2,1,1,1,1,1,9,9,9,9,1,2,2,2,2,2,2,2,2,2,2,2,1,9,1,1,1,1,9,9,9,9,9,9,9,9,9,9,9,9,9,9,9,9,9,9,9,1,1,1,1,18,18,4,6,6,4,14,14,14,14,14,2,2,2,2,2,18,17,17,17,16,16,16,16,16,16,16,16,16,16,16
16,16,16,16,16,16,16,16,4,18,7,7,14,4,4,4,14,2,2,2,2,2,18,1,9,9,1,1,1,1,9,9,9,9,9,9,1,1,9,9,9,1,9,1,1,1,1,1,9,9,1,1,2,2,2,2,2,2,2,2,14,7,7,14,7,7,7,7,18,2,2,2,2,2,2,7,7,7,7,7,7,7,7,14,7,7,7,7,7,7,7,7,7,7,7,7,6,17,4,1,1,9,9,9,1,14,14,7,7,7,18,7,7,14,14,14,2,2,2,2,2,2,2,2,2,2,2,2,2,2,18,6,4,18,2,2,2,2,2,2,2,14,7,7,7,7,7,7,7,7,14,2,2,2,2,2,2,2,2,2,2,2,2,2,2,2,2,2,2,2,2,2,2,2,1,1,1,1,1,9,9,9,9,1,1,2,2,2,2,2,2,2,2,2,2,2,14,9,1,9,1,1,9,9,9,9,9,9,9,9,9,9,9,1,1,1,9,9,9,9,9,1,18,14,18,4,4,17,17,17,17,14,14,14,14,14,2,2,2,2,2,2,2,13,4,16,16,16,16,16,16,16,16,16,16,16
16,16,16,16,16,16,16,17,4,7,7,7,14,4,4,4,2,2,2,2,2,2,1,1,9,9,1,1,9,1,9,9,9,9,9,9,9,9,1,9,1,9,9,9,9,9,9,1,9,9,9,9,2,2,2,2,2,2,2,2,2,2,2,7,7,7,7,7,7,2,2,2,2,2,2,2,14,14,14,14,7,14,14,14,7,7,7,7,7,7,7,7,7,7,7,6,4,17,4,4,5,1,1,7,7,7,7,7,7,7,14,14,2,2,2,14,2,2,2,2,2,2,2,2,2,2,2,2,2,18,18,17,6,2,2,2,2,2,2,14,14,7,7,7,7,7,7,7,7,14,2,2,2,2,2,2,2,2,2,2,2,2,2,2,2,14,2,2,2,2,2,2,2,14,1,9,1,1,1,9,9,9,1,2,2,2,2,2,2,2,2,2,2,2,14,14,7,1,1,1,9,9,9,1,1,1,1,1,7,1,1,1,1,1,7,1,9,9,9,1,1,18,18,18,4,17,17,17,17,17,4,18,14,18,14,14,2,2,2,2,2,2,2,18,4,0,16,16,16,16,16,16,16,16,16,16
16,16,16,16,16,16,4,4,7,7,7,7,14,6,6,6,2,2,2,14,1,1,1,1,1,1,1,1,1,9,1,9,9,9,9,9,9,9,9,1,1,9,9,9,9,9,1,1,5,9,9,9,1,1,1,2,2,2,2,2,2,14,7,7,7,7,7,7,7,7,7,14,7,2,2,2,2,2,2,14,2,2,2,14,7,7,7,7,7,7,7,7,7,7,7,6,4,17,17,4,6,18,7,7,7,7,7,7,7,7,7,7,7,2,2,2,2,2,2,2,2,2,2,2,2,2,2,2,2,18,4,6,2,2,2,2,2,2,2,2,7,7,7,7,7,7,7,7,7,7,2,2,2,2,2,2,2,2,2,2,7,7,2,2,2,2,2,2,2,2,2,2,2,2,1,1,9,1,1,9,1,9,1,2,2,2,2,2,2,2,2,2,14,7,14,14,1,7,7,1,1,9,1,7,7,1,7,7,7,7,1,1,1,7,7,7,1,14,1,18,18,18,17,4,17,17,0,0,0,0,17,4,17,4,4,6,2,2,2,2,2,2,18,18,4,17,0,16,16,16,16,16,16,16,16,16
16,16,16,16,16,4,18,14,14,18,14,14,4,4,18,2,2,2,2,1,1,1,1,1,1,1,1,9,9,9,1,1,9,9,9,9,9,9,9,1,1,1,1,9,9,9,1,1,9,9,9,9,9,9,1,1,2,2,2,14,14,7,7,7,7,7,7,7,7,7,7,7,7,7,2,2,2,2,2,2,2,2,2,2,14,7,7,7,7,7,7,7,7,7,7,5,4,17,0,4,6,18,7,7,7,7,7,7,7,7,7,7,7,2,2,2,2,2,2,2,7,7,2,2,2,2,2,2,2,2,6,18,2,2,2,2,2,2,7,2,14,7,7,7,7,7,7,7,7,7,14,2,2,2,2,2,2,2,2,2,5,5,2,2,2,2,2,2,2,2,2,2,2,2,1,1,1,1,9,9,9,9,2,2,2,2,2,2,2,14,7,18,7,7,7,14,14,7,7,7,7,7,7,7,7,7,7,7,7,7,7,7,7,7,7,7,7,7,14,18,6,4,17,17,17,17,0,16,16,16,17,17,17,0,0,17,4,2,2,2,2,2,18,4,17,17,16,16,16,16,16,16,16,16,16,16
16,16,16,16,16,0,17,0,17,17,18,18,18,18,2,2,2,2,2,1,1,9,1,1,1,9,9,9,9,9,1,1,9,9,9,9,9,9,9,1,14,1,1,1,1,9,1,9,1,1,9,9,9,9,9,1,14,18,14,14,7,7,7,7,7,7,7,7,7,7,7,7,7,7,2,14,2,2,2,2,2,2,2,2,14,7,7,7,7,7,7,7,7,7,7,18,4,17,17,17,17,4,4,6,7,7,7,7,7,7,7,7,7,7,2,2,2,2,2,2,7,7,2,2,2,2,2,2,2,2,6,18,2,2,2,2,2,14,14,7,7,7,7,7,7,2,14,7,7,14,2,2,2,2,2,2,2,2,2,2,2,5,2,2,2,2,2,2,2,2,2,2,2,2,14,1,1,9,9,9,9,9,2,2,2,2,2,2,7,7,7,7,7,7,7,13,14,7,7,7,7,7,7,7,7,7,7,7,7,7,7,7,7,7,7,7,7,7,18,18,4,4,17,17,17,0,16,16,16,16,16,0,0,0,0,17,4,2,2,2,2,18,4,0,16,0,16,16,16,16,16,16,16,16,16,16
16,16,16,16,16,16,16,16,16,0,17,4,18,14,2,2,2,2,18,1,9,9,1,9,9,9,9,9,9,9,9,1,9,9,9,9,9,9,9,9,2,1,9,1,1,9,9,9,1,1,1,1,9,9,9,7,7,7,7,14,7,7,7,7,7,2,7,7,7,7,7,7,2,2,2,2,2,2,2,2,2,2,2,2,14,7,7,7,7,7,7,7,7,7,7,7,6,17,0,0,0,0,17,4,18,7,7,7,7,7,7,7,7,7,7,2,2,2,2,2,2,2,2,2,2,2,2,2,2,2,18,2,2,14,2,2,2,7,7,7,7,7,7,14,2,2,2,14,14,2,2,2,7,7,7,7,2,2,15,15,15,2,2,2,2,2,2,2,2,2,2,2,2,2,2,14,1,1,1,1,9,9,2,2,2,2,2,14,7,7,7,7,7,7,14,13,14,2,7,7,7,2,7,7,7,7,7,7,7,7,7,7,7,7,7,7,7,7,18,18,4,17,17,17,17,0,16,16,16,16,16,16,0,0,17,17,18,2,2,2,2,2,13,17,16,16,16,16,16,16,16,16,16,16,16,16
16,16,16,16,16,16,16,16,16,17,17,17,17,17,4,2,2,2,18,1,1,1,9,1,1,9,9,9,9,9,1,9,9,9,9,9,9,9,9,2,2,1,1,1,9,1,9,1,1,1,1,1,9,9,9,7,7,7,7,2,14,7,7,7,2,2,7,7,7,2,2,2,2,2,2,2,2,2,2,2,2,2,2,2,2,2,14,14,7,7,7,7,7,7,7,7,18,4,4,0,0,0,0,17,7,7,7,7,7,7,7,7,7,7,2,2,2,2,2,2,2,2,2,2,2,2,2,2,2,2,2,2,2,2,7,7,7,7,7,7,7,7,7,18,2,2,2,2,14,14,7,7,7,7,7,7,7,15,15,15,15,2,2,2,2,2,2,2,2,2,2,2,2,2,2,2,2,14,1,1,9,9,2,2,2,2,2,2,7,7,7,7,7,2,2,13,14,2,14,7,2,2,7,7,7,7,7,7,7,7,7,7,7,7,7,7,7,7,7,18,18,4,17,17,17,0,16,16,16,16,16,16,16,0,17,17,4,2,2,2,2,2,10,17,16,16,16,16,16,16,16,16,16,16,16,16
16,16,16,16,16,16,16,16,16,16,0,17,0,17,17,17,2,2,2,2,2,18,1,1,1,1,9,9,9,1,9,9,9,9,9,9,9,9,9,9,1,1,1,1,1,1,1,9,1,1,1,1,9,9,9,9,7,7,7,7,7,14,7,2,2,2,2,7,7,14,14,14,2,2,2,2,2,2,2,2,2,2,2,2,2,2,2,7,7,7,7,7,7,7,18,14,1,1,4,4,0,0,17,17,14,7,7,7,7,14,14,2,7,7,2,2,2,2,2,2,2,2,2,2,14,2,2,2,2,2,2,2,2,2,7,7,7,7,7,7,7,7,18,7,2,2,2,7,7,9,14,7,7,7,7,7,7,15,15,15,14,2,2,2,2,2,2,2,2,7,7,2,2,2,2,2,2,2,2,1,1,9,2,2,2,2,2,14,7,7,7,7,7,2,2,14,2,2,2,2,14,7,14,7,7,7,7,7,7,7,7,7,7,7,7,7,7,7,7,18,4,17,17,0,0,16,16,16,16,16,16,16,16,0,17,6,18,2,2,2,2,2,4,4,0,16,16,16,16,16,16,16,16,16,16,16
16,16,16,16,16,16,16,16,16,16,16,16,16,0,0,4,18,2,2,2,2,2,14,18,9,1,1,1,9,1,1,1,9,1,1,9,9,9,1,1,1,1,14,1,1,1,1,1,1,9,9,1,9,9,9,9,9,7,7,7,7,14,2,2,2,18,18,14,14,2,14,14,2,2,2,2,2,2,2,2,2,2,2,2,2,2,2,2,2,2,7,7,7,14,14,14,7,14,14,6,17,0,0,17,4,18,7,7,7,14,2,2,14,2,2,2,2,2,2,7,7,7,7,2,14,2,2,2,2,2,2,2,2,2,2,7,7,7,7,7,7,7,2,2,2,2,2,7,7,11,7,7,7,7,7,7,7,12,15,15,2,2,2,2,2,2,2,2,2,5,7,2,2,2,2,2,2,2,2,2,14,2,2,2,2,2,2,2,14,7,7,7,7,14,2,14,2,14,7,7,7,7,7,7,7,7,7,7,7,7,7,7,7,7,7,7,7,7,18,18,4,17,17,0,0,16,16,16,16,16,16,16,16,16,0,18,2,2,2,2,2,2,2,4,17,16,16,16,16,16,16,16,16,16,16,16
16,16,16,16,16,16,16,16,16,16,16,16,16,16,0,17,4,4,18,2,2,2,2,1,1,1,1,1,1,1,1,1,1,9,9,1,9,1,1,9,9,18,14,1,1,9,1,1,9,9,1,1,9,9,9,9,9,7,7,7,7,14,2,2,1,1,1,18,18,18,14,2,2,2,2,2,2,2,2,2,2,2,2,2,2,2,2,2,2,2,14,14,14,7,2,2,14,14,14,17,0,0,0,0,4,4,6,14,14,2,2,2,2,2,2,2,2,2,2,7,7,7,7,14,7,7,2,2,2,2,2,2,2,2,7,7,7,7,7,7,7,14,2,2,2,2,2,7,7,11,5,14,7,15,7,7,12,12,15,15,2,2,2,2,2,2,2,2,2,2,5,2,2,2,2,2,2,2,2,2,2,7,2,2,2,7,14,18,7,7,7,7,7,14,2,2,7,7,7,7,7,7,7,7,7,7,7,7,7,7,7,7,7,7,7,7,7,7,18,18,4,17,17,0,17,0,16,16,16,16,16,16,16,16,17,18,14,2,2,2,2,2,2,13,17,17,17,17,17,16,16,16,16,16,16,16
16,16,16,16,16,16,16,16,16,16,16,16,16,0,17,17,17,6,2,2,2,2,2,2,14,2,1,1,9,9,1,1,9,9,9,9,9,1,1,9,9,1,14,14,1,1,1,9,9,1,1,9,9,9,9,9,9,9,7,7,7,14,14,14,1,9,1,1,1,1,18,2,2,2,2,2,2,14,2,2,14,2,2,2,2,2,2,2,2,2,2,2,2,2,2,18,6,6,4,17,0,0,17,17,17,17,4,18,2,2,2,2,2,2,2,2,7,14,7,7,7,7,7,7,7,7,14,2,2,2,2,7,7,7,7,7,7,7,7,14,2,2,2,2,2,2,2,9,11,15,14,11,15,15,15,15,15,15,15,2,2,2,2,2,2,2,2,2,2,2,11,2,2,2,2,2,2,2,2,2,2,2,2,2,14,7,7,7,7,7,7,7,7,14,7,7,7,7,7,7,7,7,7,7,7,7,7,7,7,7,7,7,7,14,18,17,14,14,18,4,4,17,17,17,17,0,0,0,16,16,16,16,16,16,16,17,17,18,2,2,2,2,2,2,2,18,18,17,17,16,16,16,16,16,16,16
16,16,16,16,16,16,16,16,16,16,16,0,17,17,17,6,4,18,2,2,2,2,2,2,2,2,2,14,1,1,1,1,1,9,9,1,1,9,1,9,9,9,1,1,1,9,9,1,1,9,1,9,9,9,9,9,9,9,9,7,18,18,1,1,1,1,9,1,1,1,14,2,2,2,2,2,14,7,7,7,7,14,2,2,2,2,2,2,2,2,2,2,2,2,14,4,4,17,17,0,0,0,17,4,4,4,6,14,2,2,2,2,2,2,2,7,7,7,7,7,7,7,7,7,7,7,14,2,2,2,7,7,7,7,7,7,7,7,7,7,2,2,2,7,2,7,7,15,15,14,14,2,15,12,12,12,15,15,15,2,2,2,2,2,2,2,2,2,11,11,14,2,2,2,2,2,2,2,14,14,2,2,14,2,14,7,7,7,7,7,7,7,7,7,7,14,7,7,7,7,7,7,7,7,7,7,7,7,7,7,7,7,14,18,4,17,17,18,18,17,17,17,17,17,17,17,17,0,16,16,16,16,16,16,16,16,17,17,4,4,2,2,2,2,2,2,18,17,17,16,16,16,16,16,16,16
16,16,16,16,16,16,16,16,16,16,16,16,17,17,18,2,18,2,2,2,2,2,2,2,7,7,7,7,7,7,7,2,14,1,1,1,1,1,1,1,1,1,1,1,1,1,1,1,1,1,1,9,9,9,9,9,9,9,9,9,1,1,9,9,9,1,9,9,9,14,14,14,2,2,2,2,14,7,7,7,7,7,7,7,2,2,2,2,2,2,2,2,2,2,14,5,4,4,4,0,0,0,4,6,6,6,13,2,2,2,2,2,2,2,2,7,7,7,7,7,7,7,7,7,7,7,14,2,7,7,7,7,7,7,7,7,7,7,7,7,7,7,7,7,7,7,7,15,15,14,2,2,15,15,12,12,15,15,2,2,2,2,2,2,2,2,5,5,15,14,2,2,2,2,2,2,2,14,2,2,2,2,2,2,7,7,7,7,7,1,7,7,7,7,7,7,7,14,7,7,7,7,7,7,7,7,7,7,7,7,7,18,18,18,17,17,17,17,4,4,17,0,0,0,17,4,17,0,16,16,16,16,16,16,16,16,16,17,17,4,18,2,2,2,2,18,17,17,17,16,16,16,16,16,16,16
16,16,16,16,16,16,16,0,0,16,16,17,17,18,2,2,2,2,2,2,2,2,2,2,7,7,7,7,7,7,7,7,14,14,18,1,9,1,1,9,9,9,1,1,1,1,1,1,9,9,9,9,9,9,9,9,9,9,9,1,1,9,9,1,9,9,1,1,9,14,14,14,2,2,2,14,7,7,7,7,7,7,7,7,18,2,2,2,2,2,2,2,2,2,14,14,4,4,4,17,4,4,6,18,18,13,2,2,2,2,2,2,2,2,2,7,7,7,7,7,7,7,7,7,7,7,7,7,7,7,7,7,7,7,7,7,7,7,7,7,7,7,7,7,7,7,15,15,15,14,2,7,14,14,15,12,12,15,2,2,2,2,2,2,2,2,2,15,15,14,2,2,2,2,2,2,14,2,2,2,2,2,2,2,14,14,14,7,7,7,7,7,7,7,7,7,14,14,7,7,7,7,7,7,7,7,7,7,7,14,18,4,17,17,17,17,17,17,17,17,0,0,17,17,18,6,17,16,16,16,16,16,16,16,16,16,16,17,17,17,18,2,2,2,2,2,17,0,16,16,16,16,16,16,16,16
16,16,16,16,16,16,0,17,17,17,17,17,17,18,2,2,2,2,2,2,2,2,2,7,7,7,7,7,7,7,7,7,7,14,1,1,1,1,9,9,9,1,1,1,8,1,1,9,9,9,9,9,9,9,9,9,1,1,1,1,9,9,1,1,9,9,9,9,9,1,18,14,2,2,2,14,7,7,7,7,7,7,7,7,14,2,2,2,2,2,2,2,2,2,2,14,18,4,4,4,4,6,2,2,2,2,2,2,2,2,2,2,2,2,7,7,7,7,7,7,7,7,7,7,7,7,7,7,7,7,7,7,7,7,7,7,14,7,7,7,7,7,7,7,7,15,15,15,15,2,2,7,14,14,12,12,12,14,2,2,2,2,2,2,2,2,2,15,15,15,2,2,2,2,2,2,2,2,2,2,2,2,2,2,2,2,14,7,7,7,7,7,7,7,7,7,7,7,7,7,7,7,7,7,7,7,7,7,18,17,17,17,17,0,0,17,0,0,0,0,17,17,4,6,14,7,4,17,16,16,16,16,16,16,16,16,0,17,17,18,2,2,2,2,2,2,17,16,16,16,16,16,16,16,16,16
16,16,16,16,16,16,0,17,18,18,18,6,18,2,2,2,2,2,2,2,2,2,2,7,7,7,7,7,7,7,7,7,2,1,1,1,1,1,1,1,1,1,1,1,1,9,9,9,9,9,9,9,9,9,9,9,1,1,1,1,1,1,1,9,9,9,9,9,9,7,7,7,14,14,7,7,7,7,7,7,7,7,14,14,2,2,2,2,2,2,2,2,2,2,2,14,2,14,4,6,18,18,2,2,2,2,2,2,2,2,2,2,2,2,7,7,7,7,14,7,7,7,7,7,7,7,2,14,7,7,7,7,7,7,7,7,7,7,7,7,7,7,7,7,15,15,15,14,14,2,14,14,12,12,12,15,14,2,2,2,2,2,2,2,2,2,15,15,15,2,2,2,2,2,2,2,2,2,2,2,2,2,2,2,2,2,2,14,7,7,7,7,7,14,7,7,7,7,7,7,7,7,7,7,7,7,7,7,18,17,17,17,0,0,0,17,17,0,0,17,4,18,18,7,7,7,4,17,0,17,16,16,16,16,16,16,17,17,17,18,2,2,2,2,2,18,17,17,16,16,16,16,16,16,16,16
16,16,16,16,16,0,17,17,18,18,2,2,2,2,2,2,2,2,2,2,2,7,7,7,7,7,7,7,7,7,14,2,2,1,1,1,9,1,1,18,8,5,1,8,9,9,9,9,9,9,9,9,9,9,9,1,9,9,1,1,1,1,1,9,9,9,9,9,9,14,7,2,7,7,7,7,7,7,7,7,7,7,14,2,2,2,2,2,2,2,2,2,2,2,2,2,2,2,18,18,2,2,2,2,2,2,2,2,2,2,2,2,2,2,2,2,2,2,2,7,14,7,7,7,7,7,7,14,7,7,7,7,7,14,7,7,7,7,7,7,7,7,7,7,7,15,15,15,15,12,15,14,12,12,12,14,2,2,2,2,2,2,2,2,2,2,14,12,2,2,2,2,2,2,2,2,2,2,2,2,2,2,2,2,2,2,2,14,7,7,7,7,7,14,7,7,7,7,7,7,7,7,7,7,7,7,7,7,14,18,17,17,0,0,0,0,0,0,17,4,14,7,7,7,7,18,17,17,17,0,16,16,16,16,16,16,16,0,17,4,2,2,2,2,18,17,17,16,16,16,16,16,16,16,16,16
16,16,16,16,16,16,16,17,4,4,18,18,18,18,18,2,2,2,2,14,7,7,7,7,7,7,7,7,7,7,7,2,1,1,9,1,1,1,18,9,9,9,9,9,9,9,9,9,9,9,9,9,9,9,18,1,9,9,1,1,1,1,1,9,9,9,9,1,7,2,2,14,7,7,7,1,7,7,7,7,7,7,18,2,2,2,2,2,2,2,2,2,2,2,2,2,2,2,2,2,2,2,2,2,2,2,2,2,2,2,2,2,2,2,2,2,2,2,2,2,2,14,14,7,7,7,2,2,2,2,7,7,7,14,7,7,7,7,7,7,7,7,15,15,15,15,12,12,12,12,12,12,12,12,15,5,2,2,2,2,2,2,2,11,2,2,15,12,15,2,2,2,2,2,2,2,2,2,2,2,14,14,14,2,2,7,7,7,14,7,7,14,7,18,18,2,7,7,7,14,7,7,7,7,7,7,18,18,18,4,17,0,0,0,0,0,0,17,17,4,7,7,7,7,7,18,17,17,0,16,16,16,16,16,16,16,16,16,17,4,18,2,2,18,17,0,0,16,16,16,16,16,16,16,16,16
16,16,16,16,16,16,16,16,17,17,6,17,18,18,18,2,2,2,2,2,7,7,7,7,7,7,7,7,7,7,14,1,1,1,1,1,1,1,1,9,9,9,9,9,9,9,9,9,9,9,1,9,9,9,14,18,1,1,9,1,1,1,9,9,9,9,9,9,14,2,2,14,7,7,7,7,7,7,7,7,7,7,14,2,2,2,2,2,2,2,2,2,2,2,2,2,2,2,2,2,2,2,2,2,2,2,2,2,2,2,2,2,2,2,2,2,2,2,2,2,2,2,2,2,2,2,2,2,2,2,7,7,7,14,7,7,7,7,7,7,7,15,15,14,14,15,12,12,12,12,12,12,12,12,12,12,15,2,2,2,2,2,15,15,15,15,15,15,15,2,2,2,2,2,2,2,2,14,2,2,2,2,2,14,14,7,7,7,7,14,14,2,2,2,2,2,2,7,2,2,14,7,7,7,7,7,18,4,17,17,17,0,16,0,16,0,0,17,4,4,7,7,7,7,7,18,17,17,0,16,16,16,16,16,16,16,16,16,0,4,18,18,18,17,0,16,16,16,16,16,16,16,16,16,16,16
16,16,16,16,16,16,16,16,0,17,0,0,17,17,4,18,2,2,2,2,2,2,7,7,7,7,7,14,14,2,1,1,1,1,1,1,1,1,1,1,5,9,9,9,9,9,9,9,9,9,1,9,9,14,2,2,18,1,1,1,1,1,1,9,9,9,9,9,14,14,14,14,7,7,7,7,7,7,7,7,7,14,2,2,2,2,2,2,2,2,2,2,2,2,2,2,2,2,2,2,2,2,2,2,2,2,2,2,2,2,2,2,2,2,2,2,2,2,2,2,2,2,2,2,2,2,2,2,2,2,14,14,14,2,2,7,7,7,7,7,7,15,12,2,14,14,14,12,12,12,12,12,12,12,12,12,14,2,2,2,2,2,2,15,15,15,14,2,2,2,2,2,2,2,2,2,2,2,2,2,2,2,2,14,7,7,7,7,18,2,2,2,2,2,2,2,2,2,2,2,2,2,7,7,18,18,4,4,17,17,0,16,16,16,16,17,17,17,6,18,7,7,7,7,7,18,17,17,0,16,16,16,16,16,16,16,16,16,0,0,17,17,17,17,16,16,16,16,16,16,16,16,16,16,16,16
16,16,16,16,16,16,16,16,16,16,16,16,17,17,17,6,2,2,2,2,2,2,7,7,7,7,18,1,1,1,1,1,1,1,1,1,9,9,1,1,9,9,9,9,9,9,1,9,9,1,7,7,14,14,2,2,18,1,1,1,1,9,1,9,9,9,9,9,7,7,14,7,7,7,7,7,7,7,7,7,7,14,2,2,2,2,2,14,2,2,2,2,2,2,2,2,2,2,2,2,2,2,2,2,2,2,2,2,2,2,2,2,2,2,2,2,2,2,2,2,2,2,2,2,2,2,2,2,2,2,2,2,2,2,2,2,14,7,7,7,15,15,15,14,2,14,14,15,12,12,12,12,12,12,12,12,15,14,14,14,2,2,2,15,15,15,2,2,2,2,2,2,2,2,2,2,2,2,2,2,2,2,2,14,7,7,7,2,14,2,2,2,2,2,2,2,2,2,2,2,18,18,18,18,4,4,17,17,17,0,0,16,16,16,16,16,16,17,6,7,7,7,7,7,18,4,17,0,0,16,16,16,16,16,16,16,16,0,17,0,17,0,0,16,16,16,16,16,16,16,16,16,16,16,16,16
16,16,16,16,16,16,16,16,16,16,16,16,16,17,4,18,2,2,2,2,2,14,14,7,2,2,1,9,1,1,1,1,1,1,1,1,9,9,1,1,5,9,9,9,1,9,9,9,1,1,14,14,2,2,2,2,2,1,1,1,9,9,1,1,1,9,9,9,7,7,7,7,7,7,7,7,7,7,7,7,7,14,2,2,2,2,2,14,2,2,2,2,2,2,2,2,2,2,2,2,2,2,2,2,2,2,2,2,2,2,2,2,2,2,2,2,2,2,2,2,2,2,2,2,2,2,2,2,2,2,2,2,2,2,2,2,2,7,7,14,14,15,15,15,14,15,15,14,12,12,12,12,12,12,12,12,15,15,14,14,15,14,14,12,12,15,2,2,2,2,2,2,2,2,2,2,2,2,2,2,2,2,2,14,18,14,14,18,14,2,2,2,2,2,2,2,2,2,2,18,13,4,17,18,18,4,17,0,17,17,16,16,16,16,16,16,16,17,4,6,6,14,7,7,18,4,17,17,16,16,16,16,16,16,16,16,16,16,16,0,0,16,16,16,16,16,16,16,16,16,16,16,16,16,16,16
16,16,16,16,16,16,16,16,16,16,16,16,16,17,17,6,2,2,2,2,2,2,2,2,2,2,18,1,9,1,1,1,1,1,1,9,9,1,1,9,5,5,9,9,1,9,1,9,1,14,2,2,2,2,2,2,2,2,14,9,9,1,9,1,9,9,9,9,7,7,7,7,7,7,7,7,7,7,7,7,14,2,2,2,2,2,7,7,7,2,2,2,2,2,2,2,2,2,2,2,2,2,2,2,5,2,2,2,2,2,2,2,5,2,2,2,2,2,2,2,2,2,15,2,2,2,2,2,2,2,2,2,2,2,2,2,2,2,2,2,14,12,12,12,12,12,12,12,12,12,12,12,12,12,12,12,12,12,15,15,15,15,15,12,15,15,2,2,2,2,2,2,2,2,2,2,2,2,2,2,2,2,2,2,2,2,2,2,2,2,2,2,2,2,2,2,2,2,2,18,4,17,17,17,17,4,17,17,17,0,16,16,16,16,16,17,17,4,4,6,6,6,18,18,4,17,17,17,16,16,16,16,16,16,16,16,16,16,16,16,16,16,16,16,16,16,16,16,16,16,16,16,16,16,16,16
16,16,16,16,16,16,16,16,16,16,16,16,16,0,17,6,2,2,2,2,2,2,2,2,2,14,18,1,1,1,1,1,9,9,1,9,9,1,1,9,1,5,9,9,9,9,9,1,14,14,2,2,2,2,2,2,2,2,2,1,1,1,9,1,9,9,9,9,7,7,7,7,7,7,7,7,7,7,7,7,2,2,2,2,14,7,7,7,7,2,2,2,2,2,2,2,2,2,2,2,2,2,2,2,5,5,5,2,2,15,15,15,11,2,2,2,2,2,2,2,15,15,15,2,2,2,2,2,2,15,11,2,2,2,2,2,2,2,14,14,12,12,12,12,12,12,12,12,12,12,12,12,12,12,12,12,12,12,12,12,12,12,12,15,14,2,2,2,2,2,2,7,2,2,2,2,2,2,2,2,2,2,2,2,2,2,2,2,2,2,2,2,2,2,2,2,2,2,2,18,17,17,0,17,17,17,17,17,17,17,16,16,16,16,16,17,4,18,7,7,7,18,18,7,4,17,17,0,16,16,16,16,16,16,16,16,16,16,16,16,16,16,16,16,16,16,16,16,16,16,16,16,16,16,16,16
16,16,16,16,16,16,16,16,16,16,16,16,0,0,17,4,6,2,2,2,2,2,2,14,7,14,14,1,9,9,9,9,9,1,1,9,9,9,9,1,1,9,9,9,9,9,18,18,14,14,14,2,2,2,2,2,2,2,2,1,1,9,1,9,9,1,1,9,9,9,7,7,7,7,7,7,7,7,7,14,2,2,2,2,7,7,7,7,7,2,2,2,2,2,2,2,2,2,2,2,2,2,2,2,2,2,5,5,5,15,15,14,14,2,2,2,2,2,2,15,15,15,15,15,15,14,15,15,15,15,2,2,2,2,2,2,2,15,15,12,12,12,12,12,12,12,12,12,12,12,12,12,12,12,12,12,12,12,12,12,12,14,14,7,2,2,2,2,2,7,7,7,7,7,2,2,2,2,2,2,2,2,2,2,2,2,2,2,2,2,2,2,2,2,2,2,2,18,4,4,4,17,0,17,17,17,17,17,17,17,0,0,16,16,16,17,4,7,7,7,7,7,7,7,6,17,17,17,0,16,16,16,16,16,16,16,16,16,16,16,16,16,16,16,16,16,16,16,16,16,16,16,16,16,16,16
16,16,16,16,16,16,16,16,16,16,16,16,0,17,17,17,6,18,2,2,2,2,2,14,2,2,14,1,1,1,1,9,9,1,9,9,9,9,9,1,1,9,9,9,9,1,1,1,18,14,2,2,2,2,2,2,2,2,1,1,9,9,9,9,9,9,9,9,9,9,7,7,7,7,7,7,7,7,7,7,14,2,2,2,7,7,2,7,2,2,2,2,2,2,2,2,2,2,2,2,2,2,2,2,2,2,2,2,2,15,15,14,14,14,15,14,2,2,15,15,15,15,15,15,12,12,12,12,12,15,2,2,2,2,2,2,14,15,12,12,12,12,12,12,12,12,12,12,12,12,12,12,12,12,12,12,12,12,12,12,12,15,14,2,2,2,2,2,2,7,7,7,7,7,2,2,2,2,2,2,2,2,2,2,2,2,2,2,2,2,2,2,14,14,2,2,2,4,4,4,0,0,17,17,0,0,17,17,0,16,0,16,16,16,16,16,17,17,7,7,7,7,7,7,7,6,17,17,16,16,16,16,16,16,16,16,16,16,16,16,16,16,16,16,16,16,16,16,16,16,16,16,16,16,16,16
16,16,16,16,16,16,16,16,16,16,16,16,0,17,17,4,18,18,2,2,2,2,2,2,2,2,14,18,14,18,1,1,1,9,1,9,9,9,9,1,1,9,1,9,9,9,1,1,18,2,2,2,2,2,2,2,2,18,1,1,9,9,9,9,9,9,9,9,9,9,9,9,7,7,7,7,7,14,14,14,2,2,14,7,7,7,7,2,2,2,2,2,2,7,7,2,2,2,2,2,2,7,7,2,2,2,2,2,5,15,15,15,15,15,15,15,15,15,15,15,15,15,15,12,12,12,12,12,12,15,14,14,15,14,14,14,14,5,12,12,12,12,12,12,12,12,12,12,12,12,12,12,12,12,12,12,12,12,12,12,12,14,2,2,2,2,2,2,7,7,7,7,7,7,2,2,2,2,2,2,2,2,2,2,2,2,2,2,2,2,2,2,18,18,2,2,18,6,4,4,0,0,17,17,0,0,0,17,17,0,0,16,16,16,16,16,17,17,7,7,7,7,7,7,7,4,17,17,16,16,16,16,16,16,16,16,16,16,16,16,16,16,16,16,16,16,16,16,16,16,16,16,16,16,16,16
16,16,16,16,16,16,16,16,16,16,0,17,17,6,18,6,18,2,2,2,2,2,2,2,2,2,2,2,2,2,1,18,18,1,9,9,9,9,9,9,1,9,9,9,9,9,9,2,2,14,2,2,2,2,2,2,2,14,1,9,9,9,9,9,9,9,9,9,9,9,9,9,9,9,7,7,7,7,7,7,7,14,7,7,7,7,7,2,2,2,2,2,2,2,7,7,14,2,7,2,7,7,7,7,2,2,2,2,14,5,15,15,15,15,15,15,15,15,15,15,15,12,15,12,12,12,12,12,12,12,12,14,12,12,12,12,12,12,12,12,12,12,12,12,12,12,12,12,12,12,12,12,12,12,12,12,12,12,12,12,12,12,15,2,2,2,2,7,7,7,7,7,7,7,2,2,2,2,2,2,2,2,2,2,2,2,2,2,2,2,2,14,6,18,18,4,4,4,4,17,0,17,17,0,0,0,0,17,17,17,17,16,16,16,16,16,0,4,6,14,7,7,7,7,6,17,17,16,16,16,16,16,16,16,16,16,16,16,16,16,16,16,16,16,16,16,16,16,16,16,16,16,16,16,16,16
16,16,16,16,16,16,16,16,16,16,17,17,17,18,2,2,2,2,2,2,2,2,2,2,2,2,2,2,2,2,2,2,14,1,1,9,9,9,9,1,9,9,9,9,9,9,7,2,2,2,2,2,2,2,2,2,2,2,1,1,1,2,2,2,1,1,1,9,9,1,9,9,1,9,9,9,7,7,7,7,7,7,7,7,7,7,7,14,2,2,2,2,2,2,2,7,7,2,7,7,2,7,2,2,2,2,2,14,14,15,15,15,15,15,5,15,15,15,15,15,15,15,5,12,12,12,12,12,12,12,12,12,12,12,12,12,12,12,12,12,12,12,12,12,12,12,12,12,12,12,12,12,12,12,12,12,12,12,12,12,12,12,14,2,2,7,2,14,7,7,7,7,7,7,2,2,2,2,2,2,2,2,2,2,2,2,2,2,2,2,6,4,14,14,18,6,4,4,4,0,0,0,17,0,0,17,17,17,17,17,0,16,16,16,16,16,0,17,17,18,18,4,6,7,7,7,4,16,16,16,16,16,16,16,16,16,16,16,16,16,16,16,16,16,16,16,16,16,16,16,16,16,16,16,16,16
16,16,16,16,16,16,16,16,16,0,17,17,18,2,2,2,2,2,2,2,2,2,2,2,2,2,2,2,2,2,2,2,14,14,18,1,9,9,1,9,9,9,1,9,9,14,7,14,2,2,2,2,2,2,2,2,2,14,1,14,2,2,2,2,1,1,1,9,1,9,9,9,9,9,9,9,7,7,7,7,7,7,7,7,7,2,2,2,2,2,2,2,7,7,7,7,7,2,7,7,2,2,2,2,2,2,2,14,11,15,7,7,5,7,7,7,5,7,15,15,14,14,14,14,12,12,12,12,12,12,12,12,12,12,12,12,12,12,12,12,15,12,12,12,12,12,12,12,12,12,12,12,12,12,12,12,12,12,12,12,12,12,15,14,2,14,14,15,7,7,11,7,7,2,2,2,2,2,2,2,2,2,2,2,2,2,2,2,2,18,4,4,4,18,6,4,4,4,17,4,0,17,0,0,17,17,17,18,17,17,0,16,16,16,16,16,16,0,0,17,0,0,4,4,4,4,17,16,16,16,16,16,16,16,16,16,16,16,16,16,16,16,16,16,16,16,16,16,16,16,16,16,16,16,16,16
16,16,16,16,16,16,16,16,16,16,17,17,18,18,18,18,2,2,2,2,2,2,2,2,2,2,2,2,2,2,2,2,2,2,14,1,9,9,1,1,1,9,9,9,1,14,2,2,2,2,2,2,2,2,2,2,2,2,2,2,2,2,2,2,2,1,9,9,1,9,1,9,9,9,9,9,9,7,7,7,7,7,7,7,7,14,14,2,2,2,7,7,7,7,7,7,14,2,2,2,2,7,2,2,2,2,7,7,7,7,7,7,7,7,7,7,7,7,2,2,2,2,14,14,15,14,12,12,12,12,12,12,12,12,12,12,12,12,12,12,12,12,12,12,12,12,12,12,12,12,12,12,12,12,12,12,12,12,12,12,12,12,12,15,15,15,12,12,15,15,15,7,11,5,2,2,2,2,2,2,2,2,2,2,2,2,18,2,4,4,17,4,10,5,5,6,6,4,4,4,4,17,17,17,17,4,18,1,18,17,0,16,16,16,16,16,16,16,0,0,0,16,16,17,0,17,16,16,16,16,16,16,16,16,16,16,16,16,16,16,16,16,4,17,16,16,16,16,16,16,16,16,16,16,16,16
16,16,16,16,16,16,16,16,16,16,0,17,17,17,17,17,2,2,2,2,2,2,2,2,2,2,2,2,2,2,2,2,2,2,2,1,1,1,1,1,1,9,9,1,1,2,2,2,2,2,2,2,2,2,2,2,2,2,2,2,2,2,2,2,1,1,1,1,1,1,1,1,9,9,9,9,9,9,7,7,7,7,7,7,7,7,7,14,2,7,7,7,7,7,7,7,7,2,2,2,2,2,14,2,2,2,7,7,7,7,7,7,7,7,7,7,7,7,2,2,2,2,2,14,14,14,12,12,12,12,12,12,12,12,12,12,12,12,12,12,12,12,12,12,12,12,12,12,12,12,12,12,12,12,12,12,12,12,12,12,12,12,12,12,12,12,12,12,14,15,14,15,15,13,2,2,2,2,2,2,2,14,2,2,2,2,18,6,6,4,17,4,6,1,1,1,5,6,13,1,1,4,4,4,4,18,1,9,9,4,0,17,0,16,16,16,16,16,16,16,16,16,16,16,16,16,16,16,16,16,16,16,16,16,16,16,16,16,16,16,16,0,18,18,17,17,16,16,16,16,16,16,16,16,16,16
16,16,16,16,16,16,16,16,16,16,16,16,0,0,17,4,18,2,18,18,18,2,2,2,2,2,2,2,2,2,2,14,14,14,1,1,1,9,9,1,9,9,9,1,2,2,2,2,2,2,2,2,2,2,2,2,2,2,2,2,2,2,2,2,14,1,1,1,1,9,1,9,9,9,9,9,9,7,7,7,7,7,7,7,7,7,7,7,2,7,7,7,7,7,7,7,7,7,2,2,2,2,2,2,2,2,7,7,7,7,7,7,7,7,7,7,7,7,2,2,2,2,2,2,14,14,12,12,12,12,12,12,12,12,12,12,12,12,12,12,12,12,12,12,12,12,12,12,12,12,12,12,12,12,12,12,12,12,12,12,12,12,12,12,12,12,12,15,14,14,2,2,2,15,2,2,2,2,14,14,7,7,18,2,2,14,4,4,17,17,4,4,6,1,1,9,9,1,1,1,1,1,1,18,18,1,1,9,9,5,18,17,17,0,0,0,16,16,16,16,16,16,16,16,16,16,16,16,16,16,16,16,16,16,16,16,16,16,16,16,16,4,5,18,6,4,17,16,16,16,16,16,16,16,16,16
16,16,16,16,16,16,16,16,16,16,16,16,16,17,0,0,17,18,17,17,4,18,2,2,2,2,2,2,2,2,2,14,14,14,1,1,1,9,9,1,9,9,9,1,14,2,2,2,2,2,2,2,2,2,2,2,2,2,2,2,2,2,2,2,2,18,18,1,1,9,9,9,9,9,9,9,7,7,7,7,7,7,7,7,7,7,7,14,7,7,7,7,7,7,7,7,7,7,2,2,2,2,2,2,2,2,7,7,7,7,7,7,7,7,7,7,7,7,7,2,2,2,2,14,15,15,14,12,12,12,14,12,12,12,12,12,12,12,12,12,12,12,12,12,12,12,12,12,12,12,12,12,12,12,12,12,12,12,12,12,12,12,12,12,12,12,15,14,14,2,2,2,2,15,2,2,2,2,14,7,7,7,18,6,14,14,6,4,17,17,4,4,18,1,9,1,9,9,1,1,1,1,1,1,1,1,9,9,9,5,1,18,18,17,17,0,16,16,16,16,16,16,16,16,16,16,16,16,16,16,16,16,16,16,16,16,16,16,16,16,4,4,18,14,14,17,17,16,16,16,16,16,16,16,16,16
16,16,16,16,16,16,16,16,16,16,16,16,0,17,17,17,16,16,0,17,17,6,2,2,2,2,2,2,2,2,2,14,14,14,1,1,1,1,1,9,9,1,9,1,2,2,2,2,2,2,2,2,2,2,2,2,2,2,2,2,2,2,2,2,2,2,14,18,1,9,9,9,9,9,9,9,9,7,7,7,7,7,7,7,7,7,14,7,7,7,7,7,7,7,7,7,7,14,2,2,2,2,2,2,2,2,14,14,7,7,7,7,7,7,7,7,7,7,2,2,2,2,2,2,2,2,2,2,15,14,14,14,14,12,12,12,12,12,12,12,12,12,12,12,12,12,12,12,12,12,12,12,12,12,12,12,12,12,12,12,12,12,12,12,12,12,14,14,14,2,2,2,5,5,2,2,2,2,14,7,7,7,18,14,14,5,4,4,17,4,4,18,1,1,1,1,9,9,9,1,9,9,1,1,1,9,9,9,9,9,9,1,4,17,17,0,16,16,16,16,16,16,16,16,16,16,16,16,16,16,16,16,16,16,16,16,16,16,16,17,18,7,5,14,14,17,17,16,16,16,16,16,16,16,16,16
16,16,16,16,16,16,16,16,16,16,16,16,0,17,17,0,16,16,0,17,17,17,18,18,2,2,2,2,2,2,2,14,14,14,1,14,18,1,1,1,1,9,1,1,2,2,2,2,2,2,2,2,2,2,2,2,2,2,2,14,2,2,2,2,2,2,14,14,18,18,1,1,9,9,9,9,9,1,14,7,7,7,7,7,7,7,14,7,7,7,7,7,7,7,7,7,7,7,2,2,2,2,2,2,2,2,2,2,14,14,14,7,7,7,14,14,14,2,2,2,2,2,2,2,2,2,2,7,7,7,7,14,14,12,12,12,12,12,12,12,12,12,12,12,12,12,12,12,12,12,12,12,12,12,12,12,12,12,12,12,12,12,12,12,15,15,14,14,14,2,2,2,2,2,7,2,2,2,7,7,7,7,7,7,18,6,4,17,4,4,18,1,1,1,9,9,1,9,9,1,1,9,9,9,9,9,9,9,9,9,9,18,17,17,17,0,16,16,16,16,16,16,16,16,16,16,16,16,16,16,16,16,16,16,16,16,16,16,16,17,17,5,14,4,17,17,0,17,4,16,16,16,16,16,16,16
16,16,16,16,16,16,16,16,16,16,16,16,0,16,16,16,16,16,16,16,16,17,17,18,2,2,2,2,2,2,14,14,1,1,18,14,14,18,18,14,2,1,1,1,14,2,2,2,2,2,2,2,2,2,2,7,7,2,14,2,14,2,2,2,2,2,2,14,1,18,1,9,9,9,1,1,1,1,14,7,7,7,7,7,7,14,7,7,7,7,7,7,7,7,7,7,7,14,2,2,2,2,2,2,2,2,2,14,14,2,2,2,2,2,14,14,14,2,2,2,2,2,2,2,2,2,7,7,7,7,7,14,14,12,12,12,12,12,12,12,12,12,12,12,12,12,12,12,12,12,12,12,12,12,12,12,12,12,12,12,12,12,12,12,15,15,7,7,7,2,2,2,2,2,2,7,2,7,7,7,7,7,7,7,18,4,17,4,4,18,2,1,1,9,9,1,1,9,9,9,9,9,9,9,9,9,9,9,1,9,9,5,4,17,17,0,16,16,16,16,16,16,16,16,16,16,16,16,16,16,16,16,16,16,16,16,16,16,16,16,16,17,13,17,0,0,4,4,16,16,16,16,16,16,16,16
16,16,16,16,16,16,16,16,16,16,16,16,16,16,16,16,16,16,16,16,0,17,17,18,2,2,2,2,2,18,18,18,5,18,18,14,14,14,14,14,2,1,1,1,2,2,2,2,2,2,2,2,2,2,7,7,7,7,7,18,14,2,2,2,2,2,14,18,1,1,1,9,1,1,9,9,9,1,7,7,7,7,7,7,7,14,7,7,7,7,7,7,7,7,7,7,14,7,14,14,2,2,2,2,2,2,14,7,7,2,2,2,2,2,2,14,14,2,2,2,2,2,2,2,2,2,7,7,7,7,14,15,12,12,12,12,12,12,12,12,12,12,12,12,12,12,12,12,12,12,12,12,12,12,12,12,12,12,12,12,12,12,12,12,15,7,7,7,7,2,2,2,2,2,2,14,7,7,7,7,7,7,7,7,18,6,4,4,6,14,7,1,1,9,1,1,1,9,9,9,9,9,9,9,9,9,1,18,4,4,18,18,17,17,0,0,0,16,16,16,16,16,16,16,16,16,16,16,16,16,16,16,16,16,16,16,16,16,16,16,16,16,17,17,16,0,17,4,4,17,17,16,16,16,16,16
16,16,16,16,16,16,16,16,16,16,16,16,16,16,16,16,16,16,16,16,16,16,17,4,18,18,18,14,14,17,17,17,17,4,4,14,14,2,2,2,2,2,2,2,2,2,2,2,2,2,2,7,7,7,7,7,7,7,7,18,2,2,2,2,2,2,14,18,1,9,1,1,1,9,9,9,9,9,2,7,7,7,7,7,7,7,7,14,7,7,7,7,7,7,7,7,7,7,7,2,2,2,2,2,2,2,7,7,7,14,2,2,2,2,2,2,2,2,2,2,2,2,2,2,2,15,2,2,7,14,14,14,12,12,12,12,12,12,12,12,12,12,12,12,12,12,12,12,12,12,12,12,12,12,12,12,12,12,12,12,12,12,12,12,7,7,7,7,7,2,2,2,14,14,2,14,7,7,7,7,7,7,7,7,14,18,6,4,6,14,14,14,1,1,1,1,9,9,9,9,9,9,9,9,9,9,1,4,17,17,17,17,17,17,0,0,0,16,16,16,16,16,16,16,16,16,16,16,16,16,16,16,16,16,16,0,16,16,16,16,16,16,16,0,0,0,4,4,4,4,17,16,16,16,16,16
16,16,16,16,16,16,16,16,16,16,16,16,16,16,16,16,16,16,16,16,16,16,17,17,17,17,17,18,18,17,17,17,17,17,6,6,18,2,2,2,2,2,2,2,2,2,2,2,2,2,2,7,7,7,7,7,7,7,7,18,2,2,2,2,2,2,2,18,18,1,1,1,1,9,9,9,9,9,14,14,7,7,7,7,7,7,7,7,14,14,7,7,7,7,7,7,7,7,2,2,2,2,2,2,2,2,7,7,7,7,7,2,2,2,2,2,2,2,2,2,2,2,15,2,15,12,7,7,7,15,14,12,12,12,12,12,12,12,12,12,16,16,16,16,16,12,12,12,12,12,12,12,12,12,12,12,12,12,12,12,12,12,12,12,15,7,7,7,7,14,2,2,7,7,7,14,14,14,7,7,7,7,7,7,7,14,18,4,18,18,14,1,1,1,1,9,9,9,9,9,9,9,9,9,9,1,18,4,17,17,17,17,17,0,16,16,16,16,16,16,16,16,16,16,16,16,16,16,16,16,16,16,16,16,16,0,0,16,16,16,16,16,0,0,0,0,17,4,4,4,16,16,16,16,16,16
16,16,16,16,16,16,16,16,16,16,16,16,16,16,16,16,16,16,16,16,16,16,16,16,0,17,17,17,17,0,0,0,17,17,4,6,18,2,2,2,2,2,2,2,2,2,2,2,2,2,2,7,14,7,7,7,7,14,18,18,2,2,2,2,2,2,2,18,1,1,1,1,9,9,9,1,9,7,14,14,7,7,7,7,7,7,7,7,7,2,14,7,14,7,7,7,7,2,2,2,2,2,2,14,14,7,7,7,7,7,7,7,2,14,2,2,2,2,2,2,2,2,12,12,12,12,12,12,15,12,12,12,12,12,12,12,12,12,12,12,16,16,16,16,16,16,12,12,12,12,12,12,12,12,12,12,12,12,12,12,12,12,12,15,7,7,7,7,7,7,14,7,7,7,7,7,14,14,7,7,7,7,7,7,7,14,18,18,18,7,14,1,1,9,9,1,9,9,9,9,9,9,9,9,1,18,14,18,17,17,0,17,17,0,0,16,16,16,16,16,16,16,16,16,16,16,16,16,16,16,16,16,16,16,0,0,17,17,16,16,0,0,0,0,17,17,4,6,4,17,16,16,16,16,16,16
16,16,16,16,16,16,16,16,16,16,16,16,16,16,16,16,16,16,16,16,16,16,16,16,16,0,0,16,16,16,0,0,17,4,4,18,18,18,18,2,2,2,2,2,2,2,2,2,2,2,2,7,14,7,7,7,7,14,18,2,2,2,2,2,2,18,1,1,1,1,9,9,9,9,9,14,14,1,14,2,14,2,7,7,7,7,7,7,7,2,2,2,2,2,2,2,2,2,2,2,2,2,2,7,7,7,7,7,7,7,7,7,7,14,2,2,2,2,2,2,2,15,12,12,12,12,12,12,12,12,12,12,12,12,12,12,12,12,12,16,16,16,16,16,16,16,12,12,12,12,12,12,12,12,12,12,12,12,12,12,12,12,7,7,7,7,7,7,7,7,7,7,7,7,7,7,7,7,7,7,7,7,7,7,7,7,18,7,7,7,14,14,18,9,1,1,9,9,9,9,9,9,9,18,1,13,18,18,17,17,0,0,0,0,0,16,16,16,16,16,16,0,0,16,16,16,16,16,16,16,16,16,16,16,16,0,17,17,17,0,0,0,17,17,18,14,18,17,17,16,16,16,16,16,16,16
16,16,16,16,16,16,16,16,16,16,16,16,16,16,16,16,16,16,16,16,16,16,16,16,16,16,16,16,16,16,16,0,0,17,4,4,18,18,18,2,2,2,2,2,2,2,2,2,2,2,2,2,2,2,14,7,7,18,2,2,2,2,18,1,1,1,1,1,1,9,9,9,9,9,9,9,7,7,7,14,14,7,14,7,7,7,7,7,7,2,2,2,2,2,2,2,2,2,2,2,2,2,7,7,7,7,7,7,7,7,7,7,7,2,2,2,2,2,2,2,15,12,12,12,12,12,12,12,12,12,12,12,12,12,12,12,12,16,16,16,16,16,16,16,16,16,16,16,12,12,12,12,12,12,12,12,12,12,12,12,12,15,7,7,7,7,7,7,7,7,7,7,7,7,7,7,7,7,7,7,7,7,7,7,7,14,14,7,7,7,1,1,1,1,1,9,1,9,1,9,9,9,1,1,1,1,6,4,17,17,0,0,0,0,16,16,16,16,0,4,4,17,0,0,16,16,16,16,16,16,16,16,16,16,17,4,14,18,17,17,17,17,17,2,2,2,14,4,17,16,16,16,16,16,16,16
16,16,16,16,16,16,16,16,16,16,16,16,16,16,16,16,16,16,16,16,16,16,16,16,16,16,16,16,16,16,16,0,0,0,17,4,4,18,18,2,2,2,2,2,2,2,2,2,2,2,2,2,2,2,2,2,14,2,2,2,18,1,1,9,1,1,1,1,1,9,9,9,9,9,9,9,7,7,7,7,7,14,14,7,7,7,7,7,7,7,2,2,2,2,2,2,2,2,2,2,2,2,14,7,7,7,7,7,7,7,7,7,7,2,2,2,2,2,2,2,14,12,12,12,12,12,12,12,12,12,12,12,12,12,12,12,12,16,16,16,16,16,16,16,16,16,16,16,12,12,12,12,12,12,12,12,12,12,12,12,12,15,7,7,7,7,7,7,7,7,7,7,7,7,7,7,7,7,7,7,7,7,7,7,7,7,7,7,7,7,1,1,1,1,1,1,9,1,9,9,9,1,9,1,1,1,6,17,18,6,17,17,17,0,0,16,16,17,17,4,4,4,17,0,17,16,16,16,16,16,16,16,16,17,18,14,2,2,14,18,18,2,2,2,2,4,4,17,17,0,16,16,16,16,16,16
16,16,16,16,16,16,16,16,16,16,16,16,16,16,16,16,16,16,16,16,16,16,16,16,16,16,16,16,16,16,0,17,0,0,17,17,4,18,18,2,2,2,2,2,2,2,2,2,2,2,2,2,2,2,2,2,2,2,2,2,18,1,1,9,1,9,1,1,9,9,9,9,14,9,9,7,7,7,7,7,7,7,7,7,14,7,7,7,7,7,7,7,2,2,2,2,2,2,2,2,2,2,7,7,7,7,7,7,7,5,5,5,15,2,2,15,15,2,2,2,14,12,12,12,12,12,12,12,12,12,12,12,12,12,12,12,12,12,12,16,16,16,16,16,16,16,16,16,12,12,12,12,12,12,12,12,12,12,12,12,12,7,7,7,7,7,7,7,7,2,7,7,7,7,7,7,7,14,7,7,7,7,7,7,7,7,7,7,7,1,9,9,1,9,9,9,1,1,1,1,9,1,1,9,1,18,6,18,1,18,18,4,17,17,0,16,0,0,4,18,18,14,6,4,17,17,17,16,16,16,16,16,16,17,4,18,14,2,2,2,2,2,2,2,2,4,17,17,16,16,16,16,16,16,16,16
16,16,16,16,16,16,16,16,16,16,16,16,16,16,16,16,16,16,16,16,16,16,16,16,16,16,16,16,16,0,0,0,0,0,0,17,4,6,18,2,2,2,2,2,2,2,2,2,2,2,2,2,2,2,2,2,2,2,2,2,18,1,1,9,9,9,1,9,9,9,9,9,14,7,7,7,7,7,7,7,7,7,7,7,14,7,7,7,7,7,7,7,7,2,2,2,2,2,2,2,2,2,7,7,7,7,7,7,7,2,2,2,15,15,15,15,15,2,15,15,12,12,12,12,12,12,12,12,12,12,12,12,12,12,12,12,12,12,12,16,16,16,16,16,16,16,16,16,16,12,12,12,12,12,12,12,12,12,12,12,12,12,15,7,7,7,7,7,7,2,2,7,7,7,14,7,7,7,7,7,7,7,7,7,7,7,7,7,7,1,1,1,9,9,9,1,1,1,1,9,9,9,1,1,1,1,18,1,9,9,1,18,6,17,0,0,0,4,6,18,1,14,6,4,4,17,17,16,16,16,16,16,16,17,17,18,14,2,2,2,2,2,2,2,18,17,0,16,16,16,16,16,16,16,16,16
16,16,16,16,16,16,16,16,16,16,16,16,16,16,16,16,16,16,16,16,16,16,16,16,16,16,16,16,0,17,17,0,0,17,0,4,4,6,18,2,2,2,2,2,2,2,2,2,2,2,2,2,2,2,2,2,2,2,2,2,1,1,1,9,1,1,1,9,9,9,9,9,1,7,7,7,7,7,7,7,7,7,7,7,14,7,7,7,7,7,7,7,7,2,2,2,2,2,2,2,2,14,7,7,7,7,7,7,7,11,2,2,2,14,15,14,15,15,15,15,12,12,12,12,12,12,12,12,12,12,12,12,12,12,12,12,12,12,12,12,16,16,16,16,16,16,16,12,12,12,12,12,12,12,12,12,12,12,12,12,12,12,15,7,7,7,7,7,2,2,2,2,2,2,2,14,7,7,7,7,7,7,14,7,7,7,7,7,7,14,1,1,9,1,1,1,1,1,1,9,9,9,1,1,1,1,1,1,9,9,9,1,1,6,4,4,4,6,18,18,9,9,1,18,4,4,17,16,16,16,16,16,16,16,17,17,13,2,2,2,2,2,2,2,18,17,16,16,16,16,16,16,16,16,16,16
16,16,16,16,16,16,16,16,16,16,16,16,16,16,16,16,16,16,16,0,16,16,16,16,16,16,16,16,16,17,0,17,17,17,4,4,4,18,2,2,2,2,2,2,2,2,2,2,2,2,2,2,2,2,2,2,2,2,2,18,1,1,1,9,1,9,9,9,9,9,9,14,18,7,7,7,7,7,7,7,7,7,7,14,14,14,14,7,7,7,7,7,2,2,2,2,2,2,2,2,2,7,7,5,7,7,7,5,11,2,2,2,2,2,2,14,14,15,14,14,15,12,18,12,12,12,12,12,12,12,12,12,12,12,12,12,12,12,12,12,16,16,12,16,16,16,12,12,12,12,12,12,12,12,12,12,12,12,12,12,12,12,15,7,7,7,7,7,7,2,2,2,2,2,14,7,7,7,7,7,7,7,7,7,7,14,14,1,1,14,1,9,9,1,1,1,1,18,9,9,9,1,9,1,1,1,9,9,9,9,9,9,1,18,4,6,6,1,1,1,9,9,9,9,6,4,17,16,16,16,16,16,16,16,16,0,17,2,2,2,2,2,2,2,2,4,0,16,16,16,16,16,16,16,16,16
16,16,16,16,16,16,16,16,16,16,16,16,16,16,16,17,17,4,17,17,16,16,16,16,16,16,16,16,0,0,0,0,0,17,6,6,18,18,2,2,2,2,2,2,2,2,2,2,2,2,2,2,2,2,2,2,2,2,2,18,1,1,1,1,9,9,9,9,1,1,14,14,18,7,7,7,7,7,7,2,2,2,2,2,2,2,14,14,14,2,2,2,7,7,7,7,7,2,7,7,2,7,7,11,5,5,5,5,2,2,2,2,2,2,2,2,2,2,2,14,1,1,1,12,12,12,12,12,5,15,12,18,18,12,12,12,12,12,12,12,12,16,16,12,12,12,12,12,12,12,12,12,12,12,12,12,12,12,12,12,12,12,7,7,7,7,7,7,7,7,2,2,2,2,14,7,7,7,7,7,7,7,7,14,14,7,2,14,1,1,1,1,1,9,9,1,9,9,9,9,9,9,9,1,9,9,9,9,9,9,9,9,9,1,18,18,18,1,1,1,9,9,9,9,1,4,4,0,0,16,16,16,16,16,16,16,4,14,2,2,2,2,2,2,18,17,0,16,16,16,16,16,16,16,16,16
16,16,16,16,16,16,16,16,16,16,16,16,16,16,16,17,14,14,14,17,0,16,16,16,16,16,16,16,0,0,0,0,17,4,18,18,2,2,2,2,2,2,2,2,2,2,2,2,2,2,11,11,2,2,2,2,2,2,2,14,9,9,9,9,9,9,9,1,1,18,7,7,7,7,7,7,7,7,2,2,2,2,2,2,2,14,14,2,14,14,7,7,7,7,7,7,7,7,7,7,7,7,7,5,2,2,2,2,2,2,2,2,2,2,2,2,2,2,2,14,1,12,12,12,12,12,14,14,14,14,14,6,6,18,12,12,12,12,12,12,12,12,12,12,12,12,12,12,12,12,12,12,12,12,12,12,12,12,12,12,12,15,15,7,7,7,7,7,7,7,2,2,2,2,14,14,14,7,7,14,7,7,14,14,2,2,2,14,1,9,9,1,9,9,1,1,9,9,9,9,9,9,9,9,9,9,9,9,9,9,9,9,9,9,9,1,1,1,9,9,9,9,9,1,14,14,4,17,0,16,16,16,16,16,16,16,18,14,2,2,2,2,2,2,18,4,4,17,17,16,16,16,16,16,16,16
16,16,16,16,16,16,16,16,16,16,16,16,16,16,0,4,2,7,14,18,17,4,4,0,16,16,0,0,17,0,0,0,4,6,18,2,2,2,2,2,2,2,2,2,2,2,11,11,11,11,11,11,11,2,2,2,2,14,14,1,1,9,9,9,9,9,1,1,14,14,7,7,7,7,7,7,7,7,2,2,2,2,2,14,14,14,7,7,7,7,7,7,7,7,7,7,7,7,7,5,5,15,15,15,2,2,2,2,2,2,2,2,2,2,2,2,2,2,5,15,15,12,12,12,12,15,14,14,2,2,14,4,14,15,12,12,12,12,12,12,12,12,12,12,12,12,12,12,12,12,12,12,12,12,12,12,12,12,12,12,12,12,12,15,7,7,7,7,7,7,2,2,2,2,2,2,2,2,2,2,7,7,2,2,2,2,2,14,1,9,9,9,1,1,1,9,9,9,9,9,9,9,9,9,9,9,9,9,9,9,9,9,9,9,1,1,1,1,9,9,9,9,9,1,14,14,4,17,0,16,16,16,16,16,16,16,17,18,14,2,2,2,2,2,2,2,18,18,4,16,16,16,16,16,16,16
16,16,16,16,16,16,16,16,16,16,16,16,16,16,0,4,14,7,7,7,18,18,4,0,0,0,17,17,4,17,4,4,4,18,18,2,2,2,2,2,2,2,2,2,2,2,11,11,11,11,9,11,11,2,2,2,2,2,14,1,1,1,9,9,9,1,1,14,14,2,14,7,7,7,7,14,2,2,2,2,2,2,2,2,14,7,7,7,7,7,7,7,7,7,7,7,7,7,11,11,7,15,15,15,2,2,2,2,2,2,2,2,7,7,7,7,14,14,15,15,12,12,12,12,1,1,14,14,2,2,4,4,14,15,12,12,12,12,12,12,12,12,12,12,12,12,12,12,12,12,12,12,12,12,12,12,12,12,12,12,12,12,12,15,15,5,7,7,7,2,2,2,2,2,2,2,2,2,2,2,2,2,2,2,2,2,2,14,18,1,9,1,1,1,1,9,9,9,9,9,9,9,1,9,9,9,9,9,9,9,1,9,9,1,9,9,1,1,9,9,9,9,9,1,1,18,4,17,0,16,16,16,16,16,16,16,17,17,18,18,14,2,2,2,2,2,2,2,18,16,16,16,16,16,16,16
16,16,16,16,16,16,16,16,16,16,16,17,17,0,17,18,7,7,7,7,7,6,17,16,0,4,4,6,6,6,6,6,6,18,2,2,2,2,2,2,2,9,9,9,2,2,11,11,2,9,11,11,11,2,2,2,2,14,14,9,1,1,1,9,1,1,1,14,2,2,2,2,14,7,7,2,2,2,2,2,2,2,2,2,14,7,7,7,7,7,7,7,7,7,7,7,7,7,11,7,7,7,7,7,5,5,2,2,2,2,2,7,7,7,7,7,7,7,14,15,12,12,12,12,15,7,7,7,14,4,4,2,2,2,15,12,12,12,12,12,12,12,12,12,12,12,12,12,12,12,12,12,12,12,12,12,12,12,12,12,12,12,12,12,15,15,11,15,15,11,2,5,2,2,2,2,2,2,2,2,2,2,2,2,2,2,2,2,14,1,1,1,1,1,9,9,9,9,9,9,9,1,1,9,9,1,1,1,1,1,9,9,1,1,9,9,1,9,9,9,9,9,9,9,9,1,18,4,17,0,16,16,16,16,16,16,16,17,17,17,6,2,2,2,2,2,2,2,17,17,17,16,16,16,16,16
16,16,16,16,16,16,16,16,16,16,16,17,17,4,13,7,7,7,7,7,7,18,17,0,0,4,18,2,18,18,18,2,2,2,2,2,2,2,2,9,11,11,11,11,2,11,11,11,2,9,11,11,11,11,2,2,14,14,14,1,1,1,1,9,9,1,1,14,2,2,2,2,2,7,7,2,2,2,2,2,2,2,2,2,2,14,7,7,7,7,7,7,7,7,7,7,7,7,7,7,14,7,7,5,11,14,2,2,2,2,7,7,7,7,7,7,7,7,7,7,7,7,7,7,7,7,7,7,14,18,4,4,2,2,15,15,2,14,12,12,12,12,12,12,12,12,12,12,12,12,12,12,12,12,12,12,12,12,12,12,12,12,12,12,15,15,15,5,2,14,15,15,15,14,2,2,2,2,2,2,2,2,2,2,2,2,2,2,2,1,1,1,9,9,1,9,9,9,9,9,9,1,1,9,9,9,1,1,9,9,9,9,9,1,1,1,9,9,9,9,9,9,9,9,9,14,14,4,0,16,16,16,16,16,16,16,16,16,17,17,4,2,2,2,2,2,7,14,18,17,17,17,16,16,16,16
16,16,16,16,16,16,16,16,16,16,17,17,4,4,6,7,7,7,7,7,18,4,17,0,4,6,2,2,2,2,2,2,2,2,2,2,2,2,2,2,11,11,11,11,11,11,11,11,9,11,11,11,11,11,2,2,2,2,14,14,1,1,1,9,1,1,1,14,2,2,2,2,2,2,2,2,2,2,2,2,2,2,2,2,2,18,1,7,7,7,7,7,7,7,7,7,7,7,7,7,7,7,7,5,5,14,7,7,7,7,7,7,7,7,7,7,7,7,7,7,7,7,7,7,7,7,7,7,7,2,6,4,4,14,2,2,2,14,12,12,12,12,12,12,12,12,12,12,12,12,12,12,12,12,14,14,12,12,12,12,12,12,5,7,7,7,7,2,2,2,2,14,15,14,7,7,14,14,2,2,2,2,2,2,2,14,14,14,2,1,1,1,1,1,9,1,9,9,9,1,1,9,9,9,9,1,1,9,9,9,1,1,9,9,9,9,9,9,9,9,9,9,9,9,9,14,18,13,17,0,16,16,16,16,16,16,16,16,0,17,18,2,2,2,2,2,7,7,18,4,17,17,16,16,16,16
16,16,16,16,16,16,16,16,16,16,0,4,14,7,6,18,18,7,6,4,17,17,0,0,6,6,18,2,2,2,2,2,2,2,2,2,2,2,2,9,11,11,11,11,11,11,11,11,9,11,11,11,11,2,2,2,2,2,2,2,14,1,1,1,1,18,14,2,2,2,2,2,2,2,2,2,1,18,2,2,2,2,2,2,2,7,7,7,7,7,7,7,7,7,7,7,7,7,7,7,7,7,7,7,5,5,7,7,7,7,7,7,7,7,7,7,7,7,7,7,7,7,7,7,7,7,7,7,2,2,2,14,4,6,2,2,2,15,12,12,12,12,12,12,12,12,12,12,12,12,15,14,15,2,2,2,12,12,12,12,12,12,15,7,7,7,7,7,2,7,7,2,15,14,7,7,14,14,2,2,14,14,2,2,2,2,2,2,2,2,1,18,1,9,9,9,9,9,9,1,1,1,1,9,9,1,9,9,1,9,9,9,9,9,9,9,9,9,9,9,9,18,18,1,9,1,6,17,17,0,16,16,16,16,16,16,16,0,17,17,18,2,2,2,7,7,7,18,17,17,0,16,16,16,16,16
16,16,16,16,16,16,16,16,16,16,0,17,7,7,7,18,14,18,17,17,17,17,0,4,6,6,2,2,2,2,2,2,2,2,2,11,2,2,2,11,11,11,11,11,11,11,11,2,11,11,11,11,11,11,2,2,2,2,2,2,2,2,18,1,1,18,14,14,2,2,2,2,2,2,1,1,1,1,14,2,2,14,2,2,14,7,7,7,7,7,7,7,7,7,7,7,7,7,7,7,7,7,7,7,5,5,7,7,7,7,7,7,7,7,7,7,7,7,7,7,7,7,7,7,7,7,7,2,2,2,2,2,6,18,2,2,2,15,15,15,15,14,12,12,12,12,12,12,12,12,15,14,2,2,2,2,12,12,12,12,12,12,15,7,7,7,7,7,7,7,7,7,15,15,7,14,7,7,7,14,14,14,2,2,2,2,2,2,2,2,2,14,18,9,1,1,9,9,1,1,14,1,9,9,9,9,9,9,9,1,9,9,9,9,9,9,9,9,9,9,1,18,6,6,1,1,4,0,0,16,16,16,16,16,16,16,16,16,0,17,4,6,7,7,7,7,18,18,17,17,16,16,16,16,16,16
16,16,16,16,16,16,16,16,16,16,17,17,18,7,7,7,14,6,17,17,0,0,4,4,6,18,2,2,2,2,2,2,2,2,11,11,11,11,9,11,11,11,11,11,11,11,11,11,11,9,11,11,11,11,11,11,2,2,2,2,2,2,2,18,1,18,14,14,2,2,2,2,2,14,9,1,5,8,5,14,14,5,18,14,7,7,7,7,7,7,7,7,7,7,7,7,7,7,7,7,7,7,7,15,15,15,7,7,7,7,7,7,7,7,7,7,7,7,7,7,7,7,7,7,7,2,2,2,2,2,2,4,6,2,2,2,2,2,2,14,14,14,12,12,12,12,12,12,12,15,15,2,2,2,2,2,12,12,12,12,12,15,15,5,7,14,7,7,7,7,7,7,15,15,1,1,1,14,14,7,14,14,14,2,2,2,2,2,2,2,2,7,14,18,1,9,9,9,1,14,14,1,1,1,1,9,9,9,9,1,1,1,9,9,9,9,9,9,9,1,18,6,4,4,4,4,17,17,16,16,16,16,16,16,16,16,16,16,16,17,4,18,7,7,7,7,18,17,0,16,16,16,16,16,16,16
16,16,16,16,16,16,16,16,17,17,18,14,7,7,7,7,18,4,17,17,4,4,4,18,2,2,2,2,2,2,2,2,11,11,11,11,11,11,11,11,11,11,11,11,9,9,11,11,11,11,11,11,11,11,11,2,2,2,2,2,2,2,2,14,18,14,2,2,2,2,2,2,2,18,1,1,8,8,8,8,8,5,9,1,14,7,7,7,7,7,7,7,7,7,7,7,7,7,7,7,7,7,7,15,15,15,15,11,7,7,7,7,7,7,7,7,7,7,7,7,7,7,7,7,2,2,2,2,2,2,2,4,6,2,2,2,2,2,2,7,2,2,14,12,12,12,12,12,15,15,2,2,2,2,2,2,15,12,12,12,12,15,15,15,14,14,14,15,15,15,5,15,15,15,15,15,11,11,2,2,2,2,14,2,2,2,2,2,2,2,14,14,18,1,1,1,9,9,9,14,14,14,18,14,18,1,1,1,1,9,9,9,9,9,9,9,9,9,1,18,18,4,17,0,17,17,0,16,16,16,16,16,16,16,16,16,16,16,0,17,17,18,7,7,7,7,18,17,0,16,16,16,16,16,16,16
16,16,16,16,16,16,16,16,16,17,4,7,7,7,7,7,14,18,4,17,4,6,18,18,2,2,2,2,2,2,2,11,11,11,11,11,11,11,11,11,11,11,11,11,11,11,11,11,11,11,11,11,11,11,11,2,2,2,2,2,2,2,18,18,18,18,2,2,2,2,14,14,1,1,1,5,5,5,8,8,8,5,9,9,1,18,14,14,7,14,7,7,14,7,7,7,7,7,7,7,7,7,7,5,15,7,15,7,5,5,7,7,7,7,7,7,7,7,2,2,2,2,2,14,2,2,2,2,2,2,2,4,6,2,2,2,2,2,2,2,2,15,12,12,12,12,15,15,2,2,2,2,2,2,2,2,2,15,15,12,12,5,14,15,15,15,15,15,14,14,15,15,15,15,11,14,2,2,11,2,2,2,14,2,2,2,2,2,2,2,2,2,1,1,1,1,9,9,9,1,14,14,2,2,14,14,1,1,9,9,9,1,9,9,9,9,9,9,1,18,4,4,0,0,0,0,16,16,16,16,16,16,16,16,16,16,16,16,17,18,14,7,7,7,7,7,18,17,17,16,16,16,16,16,16,16
16,16,16,16,16,16,16,16,0,17,4,7,7,7,7,7,7,18,4,17,4,18,2,2,2,2,2,2,2,2,11,11,11,11,11,11,11,11,11,11,11,9,11,2,11,11,11,11,11,11,11,11,11,2,2,2,2,2,2,2,2,2,18,18,14,14,2,1,18,14,14,1,1,1,1,5,9,1,8,8,8,9,9,9,9,1,2,2,14,2,7,14,14,7,7,7,7,7,7,7,7,7,7,7,7,7,7,7,7,5,7,7,7,7,7,7,7,7,2,2,2,2,2,2,2,2,2,2,2,2,2,4,4,4,14,14,2,2,2,2,2,15,12,12,12,15,14,14,2,2,2,2,2,2,2,2,2,14,15,15,15,5,14,5,15,15,15,15,14,2,2,2,5,2,11,2,2,2,5,2,14,2,7,14,14,2,2,2,2,2,2,2,14,1,1,1,9,9,9,9,14,2,2,2,2,2,2,1,1,9,9,9,9,9,9,9,9,9,1,1,18,6,4,17,0,0,16,16,16,16,16,16,16,16,16,0,0,17,17,6,7,7,7,7,7,7,7,18,4,16,16,16,16,16,16,16
16,16,16,16,16,16,16,16,17,6,7,7,7,7,7,14,14,6,17,17,6,18,2,2,2,2,2,2,2,2,2,11,11,11,11,11,11,11,11,11,11,2,11,11,11,9,11,11,11,11,11,11,2,2,2,2,2,2,2,2,2,2,18,1,1,1,1,1,9,9,18,9,9,1,9,9,1,1,1,5,8,9,9,9,9,18,2,2,2,2,2,2,2,14,2,2,14,7,7,7,7,14,7,7,7,7,7,7,7,7,7,7,7,7,2,2,7,2,2,2,2,2,2,2,2,2,2,2,2,2,2,18,4,4,4,6,18,2,14,14,11,15,14,15,15,15,7,7,7,2,2,2,2,2,2,2,5,15,15,15,5,5,14,14,5,14,14,15,14,7,2,2,2,2,2,2,2,2,2,2,14,14,7,7,14,18,2,2,2,2,2,2,2,14,1,1,9,9,9,9,14,2,2,2,2,2,2,1,1,1,1,9,9,9,9,9,9,1,1,1,1,18,17,17,0,0,0,16,16,16,16,16,16,16,16,0,17,17,17,4,7,7,7,7,7,7,7,7,4,16,16,16,16,16,16,16
16,16,16,16,16,16,16,16,16,18,7,7,7,7,7,18,4,4,17,6,18,2,2,2,2,2,2,2,2,2,2,2,2,11,11,11,11,11,11,11,11,11,11,11,11,11,11,11,11,11,11,11,11,2,2,2,2,2,2,14,2,2,18,1,1,1,1,9,9,1,9,9,1,1,9,9,1,1,9,1,9,9,9,9,1,1,18,2,2,2,2,2,2,2,2,2,14,7,7,7,7,7,7,7,7,7,7,7,7,7,7,7,7,7,2,2,2,2,2,2,2,2,2,2,2,2,2,2,2,2,2,4,4,17,4,13,2,2,2,2,2,14,2,2,15,15,7,7,7,7,2,2,2,2,2,2,2,13,14,15,14,14,14,14,14,14,14,14,2,2,2,2,2,2,2,2,2,2,2,2,2,14,14,14,2,2,18,2,2,2,2,2,2,1,9,9,1,9,9,14,14,2,2,2,2,2,14,18,14,14,1,9,9,9,1,9,9,9,18,14,18,18,4,4,17,0,0,16,16,16,16,16,16,16,16,16,0,17,18,18,7,7,7,7,7,7,7,7,4,4,16,16,16,16,16,16
16,16,16,16,16,16,16,16,16,4,18,7,7,7,7,18,4,4,4,6,18,2,2,2,2,2,2,2,2,2,2,2,2,11,11,11,11,11,11,11,11,11,11,11,11,11,11,11,11,11,11,11,11,11,11,11,2,2,1,1,1,1,18,1,1,9,9,9,9,9,9,9,1,9,9,9,1,9,1,9,8,9,9,1,9,1,1,2,2,2,2,2,2,2,2,2,2,14,7,14,7,14,7,7,7,7,7,7,7,7,7,7,7,2,2,2,2,2,2,2,2,2,2,2,2,2,2,2,2,2,14,4,4,17,17,4,18,14,2,2,2,2,2,2,15,15,14,7,7,2,2,2,2,2,2,2,2,14,14,5,5,14,14,14,14,14,14,14,2,2,14,14,2,2,2,2,2,2,2,2,2,2,2,2,2,2,2,18,2,2,2,2,2,1,1,1,1,9,9,14,2,2,2,2,2,2,2,2,2,14,9,1,1,9,1,1,1,1,1,1,1,18,4,17,4,4,0,16,16,16,16,16,16,16,16,16,16,0,18,7,7,7,14,6,7,7,7,7,7,17,16,16,16,16,16,16
16,16,16,16,16,16,16,16,16,0,18,7,7,7,7,7,14,18,6,18,2,2,2,2,2,2,2,2,2,2,2,2,2,11,11,11,11,11,11,11,11,11,11,11,11,9,11,11,11,11,11,11,11,11,11,11,2,18,1,9,1,1,1,1,1,1,9,9,9,9,1,9,9,9,9,1,9,1,1,9,9,9,9,9,9,9,1,14,2,2,2,2,2,2,2,2,2,2,2,2,2,2,7,7,7,7,7,7,7,7,7,7,7,2,2,2,2,2,2,2,2,2,2,2,2,2,2,2,2,2,2,18,17,17,17,4,4,18,2,2,2,2,2,2,15,14,14,7,7,7,2,2,2,2,2,2,2,2,14,2,5,14,14,14,7,14,14,7,7,2,2,2,2,2,2,2,2,2,2,2,2,2,2,2,2,2,2,18,2,2,2,2,2,2,14,14,1,1,1,2,2,2,2,2,2,2,2,2,2,2,14,1,1,1,1,1,1,1,9,9,9,1,14,14,4,4,17,0,16,16,16,16,16,16,16,16,16,0,4,14,7,7,7,6,4,4,4,13,4,17,16,16,16,16,16,16
16,16,16,16,16,16,16,16,16,16,18,7,7,7,7,7,18,10,6,18,2,2,2,2,2,2,2,2,11,11,11,2,2,11,11,11,11,11,11,11,11,11,11,11,11,11,11,11,11,11,11,11,11,11,11,11,14,14,1,1,9,1,1,9,1,9,9,9,9,9,1,9,1,9,1,9,1,1,9,1,1,9,9,9,9,9,1,18,2,2,2,2,2,2,2,2,2,2,2,7,7,7,7,7,7,7,7,7,14,2,2,2,7,7,7,2,2,2,2,2,2,2,2,2,2,2,2,2,18,2,18,6,17,17,17,17,4,6,18,2,2,2,2,2,15,14,14,7,2,14,7,2,2,2,2,2,2,2,2,2,2,2,14,7,7,7,7,7,7,7,2,2,2,2,7,2,2,7,2,2,2,2,2,2,2,2,2,2,2,2,2,2,2,2,2,2,2,14,2,2,2,2,2,2,2,2,2,2,2,2,2,2,2,14,14,1,9,1,9,9,9,1,14,14,18,4,17,0,16,16,16,16,16,16,16,0,0,0,4,4,7,7,7,7,13,13,6,5,5,0,16,16,16,16,16,16
16,16,16,16,16,16,16,16,16,17,6,7,13,14,7,18,18,18,10,18,2,2,2,2,2,2,2,2,11,11,11,11,11,11,11,11,11,11,11,11,11,11,11,9,11,11,11,11,11,11,11,11,11,11,11,11,11,2,14,1,1,1,9,9,9,9,9,1,1,1,1,1,1,1,1,1,9,9,9,9,1,9,9,9,9,9,9,18,2,2,2,2,2,2,2,2,2,2,2,2,7,7,7,7,7,7,7,7,14,2,2,2,2,2,7,2,2,2,2,2,2,2,2,2,2,2,2,18,6,18,4,4,17,17,17,17,6,18,2,2,2,2,2,2,15,15,2,2,2,2,7,7,2,7,2,2,2,2,2,2,2,2,14,7,7,7,7,7,7,7,2,2,2,7,7,7,7,7,7,2,2,2,2,2,2,2,2,2,2,2,2,2,2,2,2,2,2,2,2,2,2,2,2,14,14,14,2,2,2,2,2,2,2,2,14,1,9,9,9,9,9,1,14,14,18,4,4,17,17,17,17,16,16,16,0,4,4,17,4,6,7,7,7,7,6,17,17,17,17,16,16,16,16,16,16,16
16,16,16,16,16,16,16,17,17,18,6,14,10,17,4,18,4,6,18,2,2,2,2,2,2,2,2,2,11,11,11,11,11,11,11,11,11,11,11,11,11,11,11,11,11,11,11,11,11,11,11,11,11,11,11,11,11,2,14,1,1,9,9,9,1,9,9,1,1,1,18,18,18,18,1,1,1,1,1,1,9,9,9,9,9,9,9,1,2,7,2,2,2,2,2,2,2,2,2,2,2,2,2,14,14,7,7,7,7,2,2,2,2,2,7,2,2,2,2,2,2,2,2,2,2,2,2,18,4,17,17,17,17,17,17,17,4,2,2,2,2,2,2,2,14,15,2,2,2,2,2,7,2,2,2,2,2,2,2,2,2,2,2,14,7,7,7,7,7,2,2,2,2,7,7,7,7,7,7,2,2,2,2,2,2,2,18,2,2,14,14,2,2,2,2,2,2,2,2,14,14,14,14,14,7,14,7,14,14,14,2,2,2,2,14,1,9,1,9,9,9,1,18,1,14,18,13,4,17,17,17,16,16,16,0,18,14,6,6,7,7,7,7,6,0,17,16,16,16,16,16,16,16,16,16,16
16,16,16,16,16,16,16,16,17,17,18,18,6,17,17,17,4,10,18,2,2,2,2,2,2,2,2,2,11,11,11,11,11,11,11,11,11,11,11,11,11,11,9,11,11,11,11,11,11,11,11,11,11,11,11,11,2,2,1,9,9,9,9,1,9,9,1,1,18,18,18,6,18,14,14,1,1,1,1,1,9,9,9,9,9,1,18,18,7,7,14,14,18,14,2,2,2,2,2,2,2,2,2,2,2,7,7,7,2,14,2,2,2,7,7,2,2,2,2,2,2,2,2,2,2,2,2,18,4,4,17,0,17,17,4,4,4,18,2,2,2,2,2,2,2,2,5,2,2,2,2,2,2,14,7,2,2,2,2,2,2,2,2,2,7,7,7,7,7,7,7,2,2,7,7,7,7,7,7,2,2,2,2,2,2,2,2,2,2,2,2,14,2,2,2,2,2,2,2,2,2,2,7,7,14,7,7,7,18,18,14,2,14,14,14,14,1,9,9,9,1,18,1,1,14,18,18,4,4,6,17,0,0,0,4,14,7,6,4,14,4,4,7,0,0,17,16,16,16,16,16,16,16,16,16,16
16,16,16,16,16,16,16,16,16,17,17,17,17,17,0,17,4,6,6,2,2,2,2,2,2,2,2,2,11,11,11,11,11,11,11,11,11,11,11,11,11,11,11,11,11,11,11,11,11,11,11,11,11,11,11,11,2,2,2,1,9,9,1,1,1,9,1,18,18,6,4,4,6,18,18,1,1,1,1,1,9,9,9,9,9,9,1,18,7,7,7,18,18,7,7,18,2,2,2,2,2,2,2,2,2,7,7,18,14,2,2,2,2,2,2,2,2,2,2,2,2,2,2,2,2,2,2,13,4,4,17,17,17,17,17,4,18,2,2,2,14,14,14,14,2,2,2,2,2,2,2,2,14,7,7,7,2,2,2,2,2,2,2,2,7,14,7,7,7,7,7,7,7,7,7,7,7,7,7,2,2,2,2,2,2,2,2,2,2,2,2,2,2,2,2,2,2,2,2,2,2,14,2,2,2,2,7,7,7,7,2,14,14,14,14,14,1,9,9,9,1,18,14,1,18,6,14,14,14,14,4,17,17,4,4,7,7,7,6,4,10,17,17,17,0,0,16,16,16,16,16,16,16,16,16,16
16,16,16,16,16,16,16,16,17,17,17,17,17,17,0,0,4,6,6,18,2,2,2,2,11,11,11,11,11,11,11,11,11,1,11,9,11,11,11,11,11,11,11,11,11,11,11,11,11,11,11,11,11,11,11,11,2,2,2,2,14,14,5,18,18,1,18,18,6,4,4,4,4,18,18,1,1,9,9,1,9,9,9,9,9,9,1,18,7,7,7,7,7,7,7,18,14,14,2,14,2,2,2,2,2,2,7,18,2,2,2,2,2,2,2,2,2,2,2,2,2,2,2,2,2,2,2,2,2,18,18,4,17,17,17,17,6,6,2,14,14,14,2,2,2,2,2,2,2,2,14,7,7,7,7,7,7,2,2,2,2,2,2,2,7,7,7,7,7,7,7,7,7,7,7,7,2,2,7,2,14,7,2,2,2,2,2,2,2,2,2,2,2,2,2,2,2,2,2,2,2,2,2,2,2,2,2,7,7,7,2,2,2,2,2,2,1,9,9,9,1,1,18,18,13,6,14,14,14,18,17,17,4,6,6,7,7,7,7,7,4,16,16,16,16,16,16,16,16,16,16,16,16,16,16,16
16,16,16,16,16,16,16,16,16,16,16,16,0,17,4,4,4,18,18,2,2,2,2,11,11,11,11,11,11,11,11,11,11,11,11,11,9,11,11,11,11,11,11,11,11,11,11,11,11,11,11,11,11,11,11,11,11,11,2,2,11,11,11,11,18,18,18,4,4,17,17,4,4,18,18,1,1,1,1,9,9,9,9,9,1,1,1,7,7,7,7,7,7,7,7,7,14,14,14,14,14,2,2,2,2,7,7,14,2,2,2,2,2,2,2,2,2,2,2,2,2,2,7,2,2,2,2,2,2,2,18,4,17,17,17,17,17,6,6,4,14,14,2,2,2,2,2,2,2,2,7,7,7,7,7,7,14,2,2,2,2,2,2,2,14,7,7,7,7,7,7,7,7,7,14,2,7,7,7,7,7,14,2,2,2,2,2,2,2,2,2,2,2,2,2,2,2,2,2,2,2,2,2,2,2,2,7,2,2,2,2,2,2,2,2,2,2,1,9,1,9,9,1,14,6,4,4,6,4,4,17,17,6,7,7,7,7,7,7,7,18,16,16,16,16,16,16,16,16,16,16,16,16,16,16,16
16,16,16,16,16,16,16,16,16,16,16,16,16,17,4,4,18,2,2,2,2,2,2,11,11,11,11,11,11,11,9,11,11,11,11,11,9,11,11,11,11,9,11,11,11,11,9,9,9,11,11,11,11,11,11,11,11,11,1,11,11,11,11,11,11,18,18,4,4,0,0,4,18,5,1,1,9,9,1,9,9,1,9,9,9,18,7,7,7,7,7,7,7,7,7,7,18,2,2,2,2,2,2,2,2,2,14,2,2,2,2,2,2,2,2,2,2,2,2,2,2,2,2,2,2,2,2,2,2,2,18,18,4,4,17,17,4,5,5,4,6,2,2,2,2,2,2,2,2,2,14,7,7,7,7,7,7,14,2,2,2,2,2,7,7,7,7,7,7,7,7,7,7,7,7,7,7,7,7,7,7,7,2,2,2,2,2,2,2,2,2,2,2,2,2,2,2,2,2,2,2,2,2,2,2,2,7,2,2,2,2,2,2,2,2,2,2,1,9,1,9,9,9,1,1,6,4,17,17,0,4,6,7,7,7,7,7,7,7,18,17,0,16,16,16,16,16,16,16,16,16,16,16,16,16,16
16,16,16,16,16,16,16,16,16,16,16,16,16,0,17,4,18,2,2,2,2,2,2,11,11,11,11,11,11,11,11,11,11,11,11,11,11,11,11,11,11,9,9,9,9,9,9,11,11,9,9,9,11,11,11,11,11,11,11,11,11,11,11,11,11,18,18,4,4,0,0,17,4,18,5,9,9,1,9,9,9,9,9,9,9,1,7,7,7,7,7,7,7,7,7,7,14,14,2,2,2,2,2,2,2,2,2,2,2,2,2,2,2,2,2,2,2,2,2,2,2,2,2,2,2,2,2,2,2,2,18,18,6,4,17,4,4,5,5,4,14,2,2,2,2,2,2,2,2,2,7,7,7,7,7,7,7,2,2,2,2,2,7,7,7,7,7,7,7,7,14,7,7,7,7,7,7,7,7,7,7,7,14,7,14,2,2,2,2,2,2,2,2,2,2,2,2,2,2,2,2,2,2,2,2,2,2,2,2,2,6,2,2,2,2,2,2,1,1,1,1,9,9,1,1,1,18,4,17,17,4,14,7,7,7,7,7,7,18,0,16,16,16,16,16,16,16,16,16,16,16,16,16,16,16,16
16,16,16,16,16,16,16,16,16,16,16,16,0,17,17,6,6,2,2,2,2,2,2,2,11,11,11,11,11,11,11,11,11,11,11,11,11,11,9,9,2,2,2,2,9,9,11,11,11,11,11,11,11,11,11,11,11,11,11,11,11,11,11,11,18,6,4,4,17,0,0,0,4,18,1,9,1,9,9,9,9,9,9,9,9,9,1,7,7,7,7,7,7,7,7,7,7,14,14,14,2,2,2,2,2,2,2,2,2,2,2,2,2,2,2,2,2,2,2,2,2,2,2,2,2,2,2,2,2,2,2,2,2,4,4,4,4,4,6,4,4,2,2,2,2,2,7,14,7,7,7,7,7,7,7,7,2,2,14,14,2,14,7,7,7,7,7,7,7,7,14,7,7,7,7,7,7,7,7,7,7,7,7,7,7,2,2,2,2,2,2,2,2,2,2,2,2,2,2,2,2,2,2,2,2,4,14,2,2,14,4,2,2,2,2,2,2,14,1,1,1,9,9,1,9,1,1,18,6,4,4,4,7,7,4,4,4,18,18,17,0,16,16,16,16,16,16,16,16,16,16,16,16,16,16,16
16,16,16,16,16,16,16,16,16,16,16,16,17,17,6,14,18,2,2,2,2,2,2,2,2,2,2,2,11,11,11,11,11,11,11,11,11,11,9,2,2,9,9,2,2,9,11,11,11,11,11,11,11,11,11,11,11,11,11,11,11,11,11,11,5,18,4,4,0,0,0,17,4,18,1,1,1,9,9,9,9,9,9,9,9,9,9,7,7,7,7,7,7,7,7,7,7,14,2,2,2,2,2,2,2,2,2,2,2,2,2,2,2,2,2,2,2,2,2,2,2,2,2,2,2,2,2,2,2,2,2,2,2,18,6,6,4,17,4,4,4,14,2,2,2,7,7,7,7,7,7,7,7,7,7,7,2,7,7,7,7,7,7,7,7,7,7,7,7,7,7,7,7,7,7,7,7,7,7,7,7,7,7,7,7,7,14,2,2,2,2,2,2,2,2,2,2,2,2,2,14,2,2,2,17,17,4,18,2,14,14,13,2,2,2,2,2,2,1,1,9,9,1,9,9,9,1,1,18,6,18,6,4,4,4,17,4,6,4,17,0,16,16,16,16,16,16,16,16,16,16,16,16,16,16,16
16,16,16,16,16,16,16,16,16,16,16,16,0,17,6,2,2,14,18,2,2,2,2,2,2,2,2,2,2,11,11,11,11,11,11,11,11,9,9,2,9,11,11,9,2,9,11,11,11,11,11,11,11,11,11,11,11,11,11,11,11,11,11,11,11,18,18,4,0,0,0,0,4,18,1,1,9,9,9,9,9,1,1,9,9,9,9,7,7,7,7,7,7,7,7,7,14,14,2,2,2,14,2,2,2,2,2,2,2,2,2,2,2,2,2,2,2,2,2,2,2,2,2,2,2,2,2,18,4,18,18,2,2,14,14,14,4,17,17,4,4,2,2,2,14,7,7,7,14,7,7,7,7,7,7,7,14,7,7,7,7,7,7,7,7,7,7,7,7,7,7,7,7,14,7,7,7,7,7,7,7,7,7,7,7,7,14,2,2,2,2,2,2,2,2,2,2,2,2,2,2,2,2,14,17,17,4,2,2,2,14,6,6,2,2,2,2,2,2,1,9,1,1,9,9,9,9,9,1,1,14,14,14,6,6,4,4,4,17,17,0,16,16,16,16,16,16,16,16,16,16,16,16,16,16,16
16,16,16,16,16,16,16,16,16,16,16,16,16,0,4,4,4,18,6,18,2,2,2,2,2,2,2,2,2,2,11,11,11,11,11,11,11,11,11,2,9,11,11,11,2,2,11,11,11,11,11,11,11,11,11,11,11,11,11,11,11,6,6,18,18,18,17,17,17,0,0,0,17,4,6,18,1,9,9,9,9,9,1,9,9,9,9,1,1,7,7,7,7,7,7,14,2,2,2,2,2,2,2,2,2,2,2,2,2,2,2,2,2,2,2,2,2,2,2,2,2,2,2,2,2,2,18,6,17,17,4,4,14,4,14,13,17,17,17,4,6,2,2,2,14,14,7,7,7,14,14,7,7,7,7,7,14,7,7,7,7,7,7,7,7,7,7,7,7,7,7,7,7,14,14,7,7,7,7,7,7,7,7,7,7,7,2,2,2,2,2,2,2,2,2,2,2,2,2,2,2,2,2,6,17,17,2,2,2,2,2,5,6,2,2,2,2,14,1,1,1,1,9,9,9,1,9,9,9,9,1,14,14,14,14,18,6,6,17,17,0,0,16,16,16,16,16,16,16,16,16,16,16,16,16,16
16,16,16,16,16,16,16,16,16,16,16,16,16,16,17,17,17,17,17,6,6,18,2,2,2,2,2,2,2,11,11,11,11,11,11,11,11,11,9,9,2,11,11,11,2,9,9,9,11,11,11,11,11,11,11,11,11,11,11,11,6,6,4,6,4,4,0,0,0,0,0,0,17,4,4,13,18,1,1,1,1,9,1,1,9,9,9,1,1,9,1,7,7,7,7,14,2,2,2,2,2,2,2,2,2,14,2,2,2,2,2,2,2,2,2,2,2,2,2,2,2,2,2,2,2,18,4,4,17,17,4,4,5,4,14,13,4,17,4,4,6,2,2,2,2,14,7,7,7,7,7,7,7,7,7,7,7,7,7,7,7,7,7,7,7,7,7,7,7,7,7,7,7,7,7,7,7,7,7,7,18,14,7,7,18,14,2,2,2,2,2,2,2,2,2,2,2,2,2,2,2,2,2,14,4,6,2,2,2,2,2,14,2,2,2,2,2,14,1,1,1,1,9,1,1,9,9,9,9,9,1,18,2,7,2,4,4,18,6,17,17,0,16,16,16,16,16,16,16,16,16,16,16,16,16,16
16,16,16,16,16,16,16,17,17,0,0,16,16,16,16,0,0,17,17,17,4,18,2,2,2,2,2,2,2,11,11,11,11,11,11,11,11,11,11,9,2,2,2,2,9,9,9,11,11,11,11,11,11,11,11,11,11,11,6,4,4,4,0,0,17,17,0,0,0,0,0,0,17,17,4,6,18,1,1,9,1,1,1,9,9,9,9,9,9,9,9,7,7,7,7,14,2,2,2,2,2,2,2,2,2,14,2,2,2,2,2,2,2,2,2,2,2,2,2,2,2,2,2,2,2,18,17,17,17,4,4,14,14,14,14,6,4,4,18,18,18,18,2,2,2,14,2,2,2,7,7,7,7,7,7,7,7,7,7,7,7,7,7,7,7,7,7,7,7,7,7,7,7,7,7,7,7,14,2,14,2,2,14,14,2,2,2,2,2,2,2,2,2,2,2,2,2,2,2,2,2,2,2,2,2,2,2,2,2,2,2,14,4,2,2,2,2,2,14,1,1,1,9,1,1,9,9,9,9,1,1,14,2,14,13,4,6,13,14,13,17,17,17,17,16,16,16,16,16,16,16,16,16,16,16,16
16,16,16,16,16,16,17,18,6,17,17,16,16,16,16,0,0,0,17,17,4,18,2,2,2,2,2,2,2,11,11,11,11,11,11,11,11,11,11,9,9,11,2,2,9,9,9,11,9,11,11,11,11,11,11,11,11,11,6,4,4,0,0,0,0,0,0,0,0,0,0,0,0,0,4,6,18,1,9,1,1,1,1,9,9,9,9,9,9,9,7,7,7,7,14,2,2,2,2,2,2,2,2,2,2,2,2,2,2,2,2,2,2,2,2,2,2,2,2,2,2,2,18,4,4,4,17,17,4,6,14,2,14,14,2,6,4,4,2,2,2,13,13,14,14,2,2,2,2,7,7,7,7,7,7,7,14,14,7,2,7,7,7,7,7,7,7,7,7,7,7,7,7,7,18,14,2,2,2,2,2,2,2,2,2,2,2,2,2,2,2,2,2,2,2,2,2,2,2,2,2,2,2,2,2,2,2,2,2,2,2,2,2,2,2,2,2,2,2,14,1,1,1,9,1,9,9,9,9,1,1,2,2,14,4,4,4,6,13,17,17,17,17,17,16,16,16,16,16,16,16,16,16,16,16,16
16,16,16,16,16,16,17,18,0,18,16,16,16,16,16,0,17,17,17,4,18,18,2,2,2,2,2,2,11,11,11,11,11,9,11,11,11,11,11,11,11,11,11,2,9,9,9,11,11,11,11,11,11,11,11,11,11,6,6,6,4,4,4,0,0,0,0,0,17,17,17,0,0,17,17,6,18,1,1,1,1,9,9,9,9,9,9,9,9,9,9,7,7,14,2,2,2,2,2,2,2,2,2,2,2,2,2,2,2,2,2,2,2,2,2,2,2,2,2,2,2,18,4,17,17,17,4,6,6,18,14,2,14,2,2,2,18,18,2,2,2,2,6,18,6,2,2,2,2,7,7,7,7,7,7,7,7,2,2,2,7,14,7,7,7,7,7,7,7,7,7,7,7,7,14,2,2,2,2,2,2,2,2,2,2,2,2,2,2,2,2,2,2,2,2,2,2,2,2,2,2,2,2,2,2,2,2,2,2,2,2,2,2,2,2,2,2,14,14,14,1,1,1,9,9,9,9,9,9,9,9,14,2,2,14,6,13,17,17,17,17,17,17,16,16,16,16,16,16,16,16,16,16,16,16,16
16,16,16,16,16,0,17,18,17,17,16,16,16,16,16,16,0,17,4,18,2,2,2,2,2,2,2,2,11,11,11,11,11,11,11,11,11,11,11,11,11,11,9,2,11,9,11,9,11,11,11,11,11,11,11,11,6,6,6,5,11,11,4,4,0,0,17,0,17,17,17,4,0,4,4,6,18,1,9,9,9,9,9,9,9,9,9,9,9,9,9,9,14,2,2,2,2,2,2,2,2,2,2,2,2,2,2,2,2,2,2,2,2,2,2,2,2,2,2,2,2,18,4,17,17,17,4,18,2,2,2,2,2,2,2,2,2,2,2,2,2,2,6,17,4,18,2,2,2,2,2,2,7,7,7,7,14,2,2,2,2,14,7,7,7,7,7,7,7,7,7,7,7,7,14,2,2,2,2,2,2,2,2,2,2,2,2,2,2,2,2,2,2,2,2,2,2,2,2,2,2,2,2,2,2,2,2,2,2,2,2,2,2,2,2,2,14,1,1,1,1,1,9,1,9,9,9,9,9,9,9,1,2,2,2,2,14,4,17,13,17,0,16,16,16,16,16,16,16,16,16,16,16,16,16,16
16,16,16,16,16,16,17,18,13,17,16,16,16,16,16,16,0,17,4,18,2,2,2,2,2,2,2,11,11,11,11,11,11,9,11,11,11,11,11,11,11,9,9,9,2,9,11,11,11,11,11,11,11,11,11,11,11,11,6,11,11,11,4,4,4,17,17,17,17,17,4,4,4,4,18,18,1,1,1,9,9,9,14,14,1,9,9,9,9,9,9,9,14,2,2,2,2,2,2,2,2,2,2,2,2,2,2,2,2,2,2,2,2,2,2,2,2,2,2,2,2,18,4,17,17,4,18,2,2,2,2,2,2,2,2,2,2,2,2,2,2,2,18,4,4,18,2,2,2,2,2,2,2,2,2,2,2,2,2,2,2,7,7,7,7,7,7,7,7,7,7,7,7,7,14,18,2,2,2,2,2,2,2,2,2,2,2,2,2,2,2,2,2,2,2,2,2,2,2,2,2,2,2,2,2,2,2,2,2,2,2,2,2,2,2,14,14,14,1,1,9,9,9,9,9,9,9,9,9,9,9,9,1,14,2,2,2,14,18,18,4,0,0,16,16,16,16,16,16,16,16,16,16,16,16,16
16,16,16,16,16,16,0,17,17,17,16,16,16,16,16,16,17,17,4,18,2,2,2,2,2,11,11,11,11,11,11,11,11,11,11,11,11,11,11,11,11,9,11,11,9,11,11,11,11,11,11,9,11,11,11,11,11,11,11,11,11,11,5,5,18,18,18,4,17,17,6,18,6,18,18,1,9,9,9,9,1,18,2,2,2,1,1,9,9,9,1,1,2,2,2,2,2,2,2,2,2,2,2,2,2,2,2,2,2,2,2,2,2,2,2,2,2,2,2,2,18,6,17,17,4,4,6,2,2,2,2,2,2,2,2,2,2,2,2,2,2,18,6,17,17,4,18,2,2,2,2,2,2,2,2,2,2,2,2,2,2,7,7,7,7,7,7,7,7,14,7,7,14,14,18,14,2,2,2,2,2,2,2,2,2,2,2,2,2,18,18,14,2,2,2,2,2,2,2,2,2,2,2,2,2,2,2,2,2,2,2,2,2,2,14,18,14,14,14,14,1,1,9,9,9,9,9,9,9,9,9,9,9,1,14,2,7,14,18,14,13,4,17,16,16,16,16,16,16,16,16,16,16,16,16,16
16,16,16,16,16,16,0,16,16,16,16,16,16,16,16,16,0,17,4,6,18,2,2,2,2,2,2,11,11,11,11,11,11,11,11,11,11,11,11,11,11,11,11,11,9,2,11,11,11,11,11,11,11,11,11,11,11,11,11,11,11,11,11,11,11,11,11,18,17,17,4,18,18,14,14,1,9,1,1,9,14,2,2,2,2,1,9,9,9,1,14,2,2,2,2,2,2,2,2,2,2,2,2,2,2,2,2,2,2,2,2,2,2,2,2,2,2,2,2,2,18,4,4,4,4,4,4,2,2,2,2,2,2,2,2,2,2,2,2,2,2,2,4,17,17,4,4,2,2,2,2,2,2,2,2,2,2,2,2,2,2,18,14,14,7,7,7,7,7,2,2,2,2,2,14,2,2,2,2,2,2,2,2,2,2,2,18,4,18,18,18,18,2,2,2,2,2,2,2,2,2,2,2,2,2,2,2,2,2,2,2,2,18,18,18,10,10,14,2,2,2,1,1,9,9,9,9,9,1,1,9,9,9,9,1,1,14,2,2,2,18,17,17,16,16,16,16,16,16,16,16,16,16,16,16,16
16,16,16,16,16,16,16,16,16,16,16,16,16,16,16,16,0,4,4,18,2,2,2,2,2,2,2,11,11,11,11,11,11,11,11,11,11,11,11,11,11,11,11,11,9,9,11,11,11,11,11,11,11,11,11,11,11,11,11,11,11,11,11,11,11,11,5,4,17,0,17,18,18,18,14,7,14,18,1,1,2,2,2,2,14,1,1,9,9,14,2,2,2,2,2,2,2,2,2,2,2,2,2,2,2,2,2,2,2,2,2,2,2,2,2,2,2,2,2,2,18,14,18,6,4,4,4,18,2,2,2,2,2,2,2,2,2,2,2,2,2,2,6,17,4,4,4,18,2,2,2,2,2,2,2,2,2,2,2,2,2,2,2,2,2,2,14,2,2,2,2,2,2,2,2,2,2,2,2,2,2,2,2,2,2,14,4,4,4,18,18,18,14,2,2,2,2,2,2,2,2,2,2,2,2,2,2,2,14,14,2,2,18,17,17,17,17,18,14,2,2,14,1,1,1,2,1,2,2,9,9,9,9,9,9,1,14,2,14,18,4,16,16,16,16,16,16,16,16,16,16,16,16,16,16,16
16,16,16,16,16,16,16,16,16,16,16,16,16,16,0,0,4,4,18,2,2,2,2,2,2,2,11,11,11,11,11,11,11,11,11,11,11,11,9,11,11,11,11,11,11,11,11,11,11,11,11,11,11,11,11,11,11,11,11,11,11,11,11,11,11,11,5,6,17,17,4,18,4,4,18,7,14,2,2,2,2,2,2,2,2,18,14,1,14,2,2,2,2,2,2,2,2,2,2,2,2,2,2,2,2,2,2,2,2,2,2,2,2,2,2,2,2,2,18,2,14,2,2,2,18,4,17,4,6,6,14,9,1,18,2,2,2,2,2,2,2,18,4,17,4,4,6,2,2,2,2,2,2,2,2,2,2,2,2,2,2,2,2,2,2,2,2,2,2,2,2,2,2,2,2,2,2,2,2,2,2,2,2,2,18,6,4,4,4,4,4,4,14,2,2,2,2,2,2,2,2,2,2,2,2,2,18,2,18,18,18,18,6,17,17,17,4,18,14,14,2,2,14,14,2,2,2,2,2,2,1,1,9,9,9,1,2,2,18,4,0,16,16,16,16,16,16,16,16,16,16,16,16,16,16,16
16,16,16,16,16,16,16,16,16,16,16,16,0,17,17,17,4,6,18,2,2,2,2,2,2,2,11,11,11,11,11,11,11,11,11,11,11,11,11,11,11,11,11,11,9,11,11,11,11,11,11,11,11,11,11,11,11,11,11,11,11,11,11,11,11,11,18,17,17,17,4,6,4,4,6,18,2,2,2,2,2,2,2,2,2,2,2,2,2,2,2,2,2,2,2,2,2,14,2,2,2,2,2,2,2,2,2,2,2,2,2,2,2,2,2,2,2,2,18,18,2,2,2,2,2,6,4,4,18,18,1,1,9,18,2,2,2,2,2,2,18,18,6,4,18,2,2,2,2,2,2,2,2,2,2,2,2,2,2,2,2,2,2,2,2,2,2,2,2,2,2,2,2,2,2,2,2,2,2,2,2,2,2,2,18,4,17,17,17,0,0,17,6,14,2,2,2,2,2,2,2,2,2,2,2,18,4,13,17,17,17,17,17,0,17,17,17,18,14,14,2,2,2,2,2,2,2,2,2,2,1,1,1,9,9,1,14,14,18,17,0,16,16,16,16,16,16,16,16,16,16,16,16,16,16,16
16,16,16,16,16,16,16,16,16,16,16,0,17,4,17,4,4,6,2,2,2,2,2,11,11,11,11,11,11,11,11,11,11,11,9,11,11,11,11,11,11,11,11,11,11,11,11,11,11,11,11,11,11,11,11,11,11,11,11,11,11,11,11,18,18,6,17,17,0,0,17,17,0,17,4,18,2,2,2,2,2,2,2,2,2,2,2,2,2,2,2,2,2,2,2,2,2,2,2,2,2,2,2,2,2,2,2,2,2,2,2,2,2,2,2,2,2,2,2,2,2,2,2,2,2,18,6,18,2,2,1,1,9,9,1,2,2,2,2,18,18,2,18,18,2,2,2,2,2,2,2,2,2,2,2,2,2,2,2,2,2,2,2,2,2,2,2,2,2,2,2,2,2,2,2,2,2,2,2,2,2,2,2,18,4,17,17,0,16,16,16,17,4,18,2,2,2,14,2,2,2,2,2,2,2,17,0,0,17,0,0,17,0,0,0,0,17,4,6,14,2,2,2,2,2,2,2,2,2,2,2,14,1,9,9,9,14,14,14,4,4,16,16,16,16,16,16,16,16,16,16,16,16,16,16,16
16,16,16,16,16,16,16,16,16,16,16,17,4,18,6,4,18,18,2,2,2,2,2,11,11,11,11,11,11,11,11,11,11,11,2,11,11,11,11,11,11,11,11,11,11,9,11,11,11,11,11,11,11,11,11,11,11,11,11,11,11,11,11,18,6,17,17,0,0,0,17,0,0,17,4,18,2,2,2,2,2,2,2,2,2,2,2,2,2,2,2,2,2,2,2,2,18,14,2,2,2,2,2,2,2,2,2,2,2,2,2,2,2,2,2,2,2,2,2,2,2,2,2,2,2,2,2,2,2,2,1,9,9,9,9,2,2,2,2,2,2,2,2,2,2,2,2,2,2,2,2,2,2,2,2,2,2,2,2,2,2,2,2,2,2,2,2,2,2,2,2,2,2,2,2,2,2,2,2,2,2,2,18,18,4,17,0,0,16,16,16,0,0,17,6,18,4,2,2,2,2,2,18,18,18,17,0,0,0,4,4,17,17,0,0,0,0,0,0,17,4,18,2,2,2,2,2,2,2,2,2,2,1,1,9,1,2,2,2,2,4,17,16,16,16,16,16,16,16,16,16,16,16,16,16,16
16,16,16,16,16,16,16,16,16,16,0,17,18,2,2,2,2,2,2,2,2,2,2,2,11,11,11,11,11,11,11,11,11,11,11,11,11,11,11,11,11,11,11,9,11,11,9,11,11,11,11,11,11,11,11,11,11,11,11,11,11,11,18,6,17,0,0,0,0,0,0,0,4,4,6,18,14,7,7,2,2,2,2,2,2,2,2,2,2,2,2,2,2,2,2,2,18,18,2,2,2,2,7,7,14,2,2,2,2,2,2,2,2,2,2,2,2,2,2,2,2,2,2,2,2,2,2,2,2,2,1,9,9,9,9,2,2,2,2,2,2,2,2,2,2,2,2,2,2,2,2,2,2,2,2,2,2,2,2,2,2,2,2,2,2,18,2,2,2,2,2,2,2,2,2,2,18,2,2,2,2,2,18,4,4,0,0,0,16,16,16,16,0,17,17,17,17,4,2,2,2,18,17,0,17,0,16,0,17,18,18,17,4,4,4,17,0,0,0,0,17,6,18,2,18,4,14,2,2,2,2,2,14,1,9,1,2,2,2,2,6,4,0,16,16,16,16,16,16,16,16,16,16,16,16,16
16,16,16,16,16,16,16,16,16,17,17,17,6,2,2,2,2,2,2,2,2,2,2,2,11,11,11,11,11,11,11,11,11,9,11,11,11,11,11,11,11,11,11,11,11,11,2,9,11,11,11,11,11,9,11,11,11,9,11,11,11,11,18,6,4,17,0,0,0,0,0,0,4,4,18,7,7,7,7,14,2,2,2,2,2,2,2,2,2,2,2,2,2,2,2,2,2,2,14,2,2,7,7,7,7,14,2,2,2,2,2,2,2,2,2,2,2,2,2,2,2,2,2,2,2,2,2,2,1,1,9,1,1,14,1,2,2,2,2,2,2,2,2,2,2,2,2,2,2,2,2,2,2,2,2,2,2,2,2,2,2,2,2,2,18,18,14,18,14,18,2,2,2,18,4,17,17,18,18,18,2,2,18,4,17,17,17,16,16,16,16,16,16,0,16,16,17,17,2,2,2,18,17,0,0,16,0,0,4,1,1,1,5,18,4,4,17,17,0,17,0,0,17,17,17,17,17,6,2,2,2,2,1,1,1,9,1,1,2,2,2,14,4,0,16,16,16,16,16,16,16,16,16,16,16,16
16,16,16,16,16,16,16,16,17,17,17,17,18,2,2,2,2,2,2,11,11,11,11,11,11,11,11,11,11,11,11,11,11,9,11,11,11,11,11,11,11,11,11,11,11,11,2,11,9,11,11,11,11,11,11,11,11,11,11,11,11,11,18,18,6,0,0,0,0,0,0,0,4,4,18,7,7,7,7,7,2,2,2,2,2,2,2,2,2,2,2,2,2,2,2,2,2,2,14,7,7,7,7,7,7,7,2,2,2,2,2,2,2,2,2,2,2,2,1,1,1,1,2,2,14,2,2,2,1,9,9,1,2,2,2,2,2,2,2,2,2,2,2,2,2,2,2,2,2,2,2,2,2,2,2,2,2,2,2,2,2,2,2,2,18,17,13,17,17,18,14,2,18,6,17,17,17,17,17,4,18,2,14,18,17,17,0,16,16,16,16,16,16,16,16,16,0,4,18,2,18,17,0,16,0,16,4,18,1,1,9,9,9,5,18,18,18,4,4,4,0,0,0,0,0,0,17,4,2,2,2,14,1,9,9,9,9,1,2,2,2,18,4,0,16,16,16,16,16,16,16,16,16,16,16,16
16,16,16,16,16,16,16,16,17,0,6,18,2,2,2,2,2,2,2,2,11,11,11,11,11,11,11,11,11,9,11,11,11,2,11,11,11,11,11,11,11,9,11,11,11,11,11,11,11,11,11,11,11,11,11,11,11,11,11,11,11,11,11,18,17,0,0,0,0,0,0,0,4,6,18,7,7,7,7,2,2,2,2,2,2,2,2,2,2,2,2,2,2,2,2,2,2,2,7,7,7,7,7,7,7,7,2,2,2,2,2,2,2,2,2,2,2,1,1,1,9,9,1,14,1,1,1,1,1,9,1,9,2,2,2,2,2,2,2,2,2,2,2,2,2,2,2,2,2,2,2,2,2,2,2,2,2,2,2,2,2,2,18,18,17,17,17,17,17,4,18,18,17,17,17,17,0,17,17,17,17,18,4,4,17,0,17,16,16,16,16,16,16,16,16,16,0,17,17,18,17,0,16,16,0,0,4,18,1,1,9,9,9,9,9,1,1,18,18,18,17,0,16,16,0,0,0,4,18,2,2,2,1,9,1,9,1,2,2,2,2,2,4,17,0,16,16,16,16,16,16,16,16,16,16,16
16,16,16,16,16,16,16,16,0,17,18,2,2,2,2,2,2,2,2,2,11,11,11,11,11,11,11,11,11,11,11,11,11,11,11,11,11,11,11,11,11,11,11,11,11,11,11,11,11,11,11,11,11,11,11,11,11,11,11,11,11,5,5,18,17,17,0,0,0,0,0,4,4,7,7,7,7,7,7,7,2,2,2,2,2,2,2,2,2,2,2,2,2,2,2,2,14,7,7,7,7,7,7,7,7,2,2,2,2,2,2,2,2,2,2,2,14,1,9,1,9,9,9,1,9,9,1,9,9,9,14,2,2,2,2,2,2,2,2,2,2,2,2,2,2,2,2,2,1,2,2,2,2,2,2,2,2,2,2,2,2,18,18,18,17,0,0,0,17,17,17,17,17,0,17,0,16,16,0,17,0,17,17,0,16,0,16,16,16,16,16,16,0,16,16,16,0,0,0,17,17,0,16,16,17,4,6,18,1,9,9,1,1,9,9,1,1,5,18,6,17,16,16,16,16,0,0,4,18,2,2,2,2,2,14,9,1,2,2,2,2,2,14,4,17,16,16,16,16,16,16,16,16,16,16,16
16,16,16,16,16,16,16,16,16,17,18,2,2,2,2,2,2,2,2,2,11,11,11,11,11,11,11,11,11,11,11,11,11,11,11,11,11,11,11,11,11,11,11,11,11,11,11,11,11,11,11,11,11,11,11,11,11,11,11,18,4,4,4,17,17,0,0,0,0,0,17,4,18,7,7,7,7,7,7,7,2,2,2,2,2,2,2,2,2,2,2,2,2,2,2,2,7,7,7,7,7,7,7,7,2,2,2,2,2,2,2,2,2,2,2,2,2,14,1,1,9,9,1,1,1,1,1,1,9,1,2,2,2,2,14,14,2,2,2,2,2,2,2,2,2,2,1,9,9,9,2,2,2,2,2,2,2,2,2,2,2,18,18,17,17,0,16,0,0,16,0,0,17,0,0,0,16,16,0,17,16,16,16,16,16,16,16,16,16,16,16,4,4,4,0,17,17,0,16,0,0,0,0,17,17,18,18,1,9,9,1,9,9,9,9,1,1,18,18,17,17,17,16,16,16,0,0,4,18,2,2,2,2,2,2,14,2,2,2,2,2,6,17,17,16,16,16,16,16,16,16,16,16,16,16,16
16,16,16,16,16,16,16,16,17,4,18,2,2,2,2,2,2,11,11,11,11,11,11,11,11,11,2,9,9,11,11,11,11,11,11,11,11,11,11,11,11,11,11,11,11,11,11,11,9,11,11,11,11,11,11,11,11,18,6,4,17,17,17,17,17,0,0,0,0,0,17,18,7,7,7,7,7,7,7,7,7,14,2,2,2,2,2,2,2,2,2,2,2,2,2,14,7,7,7,7,7,7,7,7,2,2,2,2,2,2,2,2,2,2,2,2,2,14,1,9,9,9,9,9,9,1,1,9,9,9,14,2,2,2,2,2,2,2,2,2,2,2,2,2,1,1,1,9,9,9,9,2,2,2,2,2,2,2,18,18,18,18,4,17,17,16,16,16,16,16,16,16,0,4,4,4,4,16,16,16,16,16,16,16,16,16,16,16,16,16,4,4,6,4,4,4,17,0,16,16,0,0,17,17,17,18,1,1,1,9,9,9,9,9,9,9,18,4,17,17,17,0,16,16,16,0,0,4,6,2,2,2,2,2,2,2,2,2,2,2,4,17,0,16,16,16,16,16,16,16,16,16,16,16,16,16
16,16,16,16,16,16,16,17,17,4,4,2,2,2,2,2,2,2,11,11,11,11,11,11,11,11,11,11,11,11,11,11,11,11,11,11,11,2,11,11,11,11,11,11,11,11,11,11,11,11,11,11,11,11,11,11,11,18,17,17,17,0,17,17,17,0,0,16,0,0,17,6,18,7,7,7,7,7,7,7,7,7,14,2,7,18,2,2,2,2,2,2,2,2,2,2,7,7,7,7,7,7,7,7,7,14,2,2,2,2,2,2,2,2,2,2,2,1,1,1,1,9,9,9,9,9,9,9,9,9,14,2,2,2,2,2,2,2,2,2,2,2,9,1,1,9,9,9,9,9,9,7,2,2,2,2,2,4,4,17,17,17,17,0,17,16,16,16,16,0,0,0,4,4,14,14,18,4,4,17,16,16,16,16,16,16,16,16,16,0,4,5,5,5,5,5,4,17,0,0,0,0,0,17,17,6,1,1,9,1,9,9,9,9,9,9,18,17,0,0,0,16,16,16,16,0,4,4,18,2,2,2,2,2,2,2,2,2,2,14,4,16,16,16,16,16,16,16,16,16,16,16,16,16,16,16
16,16,16,16,16,16,16,0,17,17,18,2,2,2,2,2,2,2,11,11,11,11,11,11,11,11,11,11,11,11,11,11,11,11,11,2,2,2,2,11,11,11,11,11,11,11,11,11,11,11,11,11,11,11,11,11,5,6,4,17,0,17,17,17,0,0,0,0,0,0,4,4,18,7,7,7,7,7,7,7,7,7,7,7,7,7,7,2,2,2,2,2,2,2,2,2,2,2,7,7,7,7,7,7,7,2,2,2,2,2,2,2,2,2,18,1,1,1,1,9,9,9,9,9,9,9,1,9,9,1,14,2,2,2,2,2,2,2,2,2,2,14,1,9,1,9,9,9,9,9,9,2,2,2,2,2,18,4,4,17,0,0,0,0,16,16,16,16,4,4,0,4,18,18,7,14,18,18,14,4,4,4,16,16,16,16,16,16,0,4,18,5,1,5,5,5,5,4,4,4,17,4,17,0,17,18,5,1,1,9,9,9,9,9,5,18,4,17,0,16,0,16,16,16,16,0,4,18,14,2,2,2,2,2,2,2,2,2,2,14,0,16,16,16,16,16,16,16,16,16,16,16,16,16,16,16
16,16,16,16,16,16,16,16,0,0,17,18,2,2,2,2,2,2,11,11,11,11,11,11,11,11,11,11,11,11,11,11,11,2,2,2,2,2,2,2,2,2,2,2,11,11,11,11,11,11,18,18,5,5,5,5,18,4,0,0,0,0,0,17,17,17,0,0,0,0,4,6,14,7,7,7,7,7,7,7,7,7,7,7,7,7,7,2,2,2,2,2,2,2,2,2,2,2,2,7,7,7,7,7,7,2,2,2,2,2,2,2,2,2,1,1,1,1,9,9,9,9,1,9,9,9,9,1,9,1,1,2,2,2,2,2,2,2,2,2,2,1,1,9,1,9,9,9,9,9,14,2,2,2,2,2,2,2,13,17,17,17,17,0,16,16,16,17,18,18,18,14,14,7,7,7,14,14,2,14,18,4,16,16,16,16,0,0,4,18,1,1,1,9,9,5,5,6,4,4,4,6,17,17,17,18,18,5,9,9,9,9,9,9,5,4,4,17,17,0,0,0,16,16,17,4,18,2,2,2,2,2,2,2,2,2,14,18,14,17,0,16,16,16,16,16,16,16,16,16,16,16,16,16,16,16
16,16,16,16,16,16,16,16,16,0,17,18,2,2,2,2,2,2,2,2,2,11,11,11,11,11,11,11,11,11,11,11,11,2,2,2,2,2,2,2,2,2,2,2,5,11,11,5,11,5,4,17,4,5,5,4,4,0,0,0,0,0,17,17,17,17,17,0,0,17,4,6,18,7,7,7,7,7,7,7,7,7,7,7,7,7,7,2,2,2,2,2,2,2,2,2,2,2,2,7,7,7,7,7,7,7,7,2,2,2,2,2,2,2,18,18,18,1,1,1,1,1,1,9,9,9,9,9,1,1,1,2,2,2,2,2,2,2,2,2,1,1,9,1,1,9,9,9,9,9,14,2,2,2,2,2,2,18,4,17,17,17,17,16,16,16,0,4,18,7,7,7,7,7,7,18,6,17,17,17,17,16,16,0,0,0,6,6,1,1,1,1,9,9,9,5,5,18,18,18,18,5,17,17,17,4,18,5,5,5,5,5,5,5,5,5,4,17,17,17,16,16,16,16,17,6,18,2,2,2,2,2,2,2,2,2,18,4,17,0,0,16,0,0,16,16,16,16,16,16,16,16,16,16,16,16
16,16,16,16,16,16,16,16,16,0,17,17,2,2,2,2,2,2,2,2,2,2,11,11,11,11,11,11,11,11,11,11,11,2,2,2,2,18,18,18,18,2,2,2,5,11,5,5,18,17,17,0,17,17,17,17,0,0,0,0,17,17,17,17,17,17,17,17,17,17,17,6,18,7,7,7,7,7,7,7,7,7,7,7,7,7,14,2,2,2,2,2,2,2,2,2,2,2,7,7,7,7,7,7,7,7,2,2,2,2,2,2,2,2,2,2,2,2,14,18,1,1,9,9,9,9,1,9,9,1,1,14,2,2,2,2,2,1,1,1,1,9,1,9,9,9,9,9,9,9,2,2,2,2,2,2,2,18,17,17,17,0,0,16,16,16,16,0,18,7,7,7,14,14,14,18,17,17,0,16,16,16,0,4,4,18,1,1,1,1,1,9,9,9,9,9,9,14,14,1,1,1,4,17,0,17,17,18,18,5,5,5,6,6,5,6,4,17,0,0,0,16,16,16,4,18,14,2,2,2,2,2,2,2,2,2,2,4,17,0,0,17,18,17,17,4,17,17,16,16,16,16,16,16,16,16
16,16,16,16,16,16,16,0,17,17,17,18,2,2,2,2,2,2,2,2,2,2,11,2,11,11,11,11,11,11,11,11,2,2,2,2,2,18,4,17,4,4,18,18,18,17,4,17,17,0,0,0,0,0,0,0,0,0,0,17,17,17,18,18,4,18,6,17,17,17,10,18,7,7,7,7,7,7,7,7,7,7,7,7,7,14,2,2,2,2,2,2,2,2,2,2,2,2,7,7,7,7,7,7,7,7,14,2,2,2,2,2,2,2,2,2,2,2,14,1,1,9,9,9,9,1,1,1,9,9,1,1,1,1,2,2,1,9,9,1,1,1,9,9,9,9,9,9,9,9,2,2,2,2,2,2,2,4,17,17,17,17,16,16,16,16,0,4,18,7,7,14,4,17,17,0,17,16,16,16,16,0,4,10,5,1,1,1,1,1,9,9,9,9,9,9,9,9,14,1,18,17,17,17,0,0,0,0,17,17,18,4,17,0,17,17,17,0,0,0,0,16,16,0,17,17,6,2,2,2,2,2,2,2,2,2,6,17,17,17,17,18,7,7,7,7,6,17,17,16,16,16,16,16,16,16
16,16,16,16,16,16,16,17,17,17,18,2,2,2,2,2,2,2,2,2,2,2,2,2,2,2,11,11,2,2,11,2,2,2,2,2,2,18,17,17,17,17,18,18,17,17,0,0,17,0,0,0,0,0,0,0,0,17,4,4,18,18,18,2,2,2,18,17,18,18,18,18,7,7,7,7,7,7,7,7,7,7,7,7,7,7,14,2,2,2,2,2,2,2,2,2,2,7,7,7,7,7,7,7,7,2,2,2,2,2,2,2,2,2,2,2,2,18,1,1,9,9,9,1,9,1,14,14,1,9,9,9,1,1,1,1,1,9,1,1,9,9,9,9,9,9,9,9,9,2,2,2,2,2,2,2,18,4,17,17,17,17,0,16,0,0,4,4,14,7,7,18,17,17,0,16,16,16,16,16,16,0,4,5,1,1,1,1,9,9,9,9,1,1,9,9,9,5,18,17,17,16,16,0,0,16,16,16,16,16,17,0,16,0,0,17,17,17,0,0,0,0,16,16,0,0,17,6,14,2,2,2,2,2,6,6,17,17,0,17,17,4,7,7,7,7,7,4,17,16,16,16,16,16,16,16
16,16,16,16,16,16,16,17,17,17,6,18,2,2,2,2,2,2,2,2,2,2,2,2,2,2,11,2,2,2,2,2,2,2,18,4,17,17,17,0,0,17,17,17,17,0,0,16,0,0,0,0,0,0,0,0,17,6,6,6,18,2,2,2,2,2,2,18,18,18,18,7,7,7,7,7,7,7,7,7,7,7,7,7,7,7,7,2,2,2,2,2,2,2,2,2,2,2,14,14,7,7,2,2,2,2,2,2,2,2,2,2,2,2,2,2,2,14,1,9,9,9,1,1,1,14,2,9,9,1,1,9,9,9,1,1,9,9,9,9,9,9,9,9,9,9,9,9,1,2,2,2,2,2,2,2,2,18,18,18,17,17,17,0,0,4,18,7,7,7,18,17,17,16,16,16,16,16,16,16,0,0,4,13,18,1,1,9,1,9,9,9,5,9,9,9,9,18,4,17,0,16,16,16,0,0,16,16,16,16,16,16,16,16,16,0,17,0,0,0,0,0,16,16,16,16,17,17,6,18,2,2,2,2,17,17,0,0,0,16,16,0,18,7,7,7,6,17,17,16,16,16,16,16,16,16
16,16,16,16,16,16,0,0,0,17,6,18,2,2,2,2,2,2,2,2,2,2,2,2,2,2,2,2,2,2,2,2,2,2,6,17,17,0,0,0,0,17,17,0,0,0,0,16,16,16,0,0,0,0,0,17,17,4,18,18,2,2,2,2,2,2,2,2,7,7,7,7,7,7,7,7,7,7,7,7,7,7,7,7,7,7,7,14,2,2,2,2,2,2,2,2,2,2,2,2,14,7,2,2,2,2,2,2,2,2,2,2,2,2,2,2,2,2,14,9,9,9,1,14,1,14,2,14,1,1,1,1,1,1,1,9,7,9,9,9,9,9,9,9,9,14,9,2,2,2,2,2,2,2,2,2,2,18,18,18,18,18,17,17,0,18,14,7,7,18,4,17,0,16,16,16,16,16,16,16,0,0,17,4,18,1,1,1,1,9,9,1,9,9,9,9,1,18,17,17,0,0,0,0,0,0,17,4,17,16,16,16,0,0,16,0,17,0,0,17,0,16,16,16,16,16,0,17,17,18,2,2,2,18,17,17,0,0,0,16,16,17,17,14,7,17,17,16,16,16,16,16,16,16,16,16
16,16,16,16,16,16,16,0,17,17,17,4,18,18,2,2,2,2,2,2,2,2,2,2,2,2,2,2,2,2,2,2,2,18,4,17,17,0,0,0,0,0,16,16,16,0,0,16,16,16,17,17,0,0,0,17,17,17,4,6,2,2,2,2,2,2,2,7,7,7,7,7,7,7,7,7,7,7,7,7,7,7,7,7,7,14,14,2,2,2,2,2,2,2,2,18,14,2,2,2,2,2,2,2,2,2,2,2,2,2,2,2,2,2,2,2,2,14,1,9,1,1,2,2,2,2,14,2,2,2,1,1,1,18,1,1,7,9,9,9,1,1,9,9,9,2,2,2,2,2,2,2,2,2,2,2,2,2,2,2,2,18,4,17,17,18,7,7,7,14,18,17,17,16,16,16,16,16,16,16,17,17,17,17,18,18,1,1,9,1,8,5,9,9,9,9,18,4,4,0,4,4,4,4,17,4,18,4,4,0,0,0,0,17,0,0,0,0,0,17,0,0,16,16,16,16,0,17,6,18,2,2,2,2,6,17,17,17,0,16,16,0,17,14,4,17,16,16,16,16,16,16,16,16,16,16
16,16,16,16,16,16,16,16,16,0,17,17,18,18,18,18,2,2,2,2,2,2,2,2,2,2,2,2,2,2,2,2,2,18,18,17,17,0,16,16,16,16,16,16,0,0,0,0,0,0,0,17,17,4,4,17,6,18,18,18,2,2,2,2,2,2,2,2,7,7,7,7,7,7,7,7,7,7,7,7,7,7,7,7,7,14,7,2,2,2,2,2,2,2,2,2,2,2,2,14,2,2,2,2,2,2,2,2,2,2,2,2,2,2,2,2,2,14,1,1,14,2,2,2,2,2,2,2,2,2,2,2,2,2,18,1,1,9,1,1,2,2,14,2,2,2,2,2,2,2,2,2,2,2,7,2,2,2,2,2,2,10,4,17,17,18,18,7,7,18,17,17,16,16,16,16,16,16,16,16,16,0,17,4,6,5,1,1,1,1,8,5,9,9,9,1,4,4,17,4,6,5,1,9,18,1,1,1,1,18,4,17,17,0,0,0,17,0,16,16,16,16,16,16,16,17,4,18,2,2,2,2,2,2,2,2,2,18,17,17,0,0,17,7,7,17,0,16,16,16,16,16,16,16,16,16
16,16,16,16,16,16,16,16,16,16,17,4,18,18,18,4,18,2,2,18,2,2,2,2,2,2,2,2,2,2,2,2,2,4,17,17,17,0,16,16,16,16,16,0,0,0,0,17,0,0,17,6,18,4,4,17,6,18,18,2,2,2,2,2,2,2,2,2,2,14,7,7,7,7,7,7,7,7,7,7,7,7,7,7,7,14,2,2,2,2,2,2,2,2,2,2,2,2,2,2,2,2,2,2,2,2,2,2,2,2,2,2,2,2,2,2,2,2,2,2,2,2,2,2,2,2,2,2,2,2,2,2,2,2,2,18,1,9,1,2,2,2,2,2,2,2,2,2,2,2,2,2,7,7,7,14,2,2,2,2,2,18,17,17,17,4,4,18,18,17,0,16,16,16,16,16,16,16,16,16,16,0,17,4,4,18,1,1,1,8,8,5,9,9,9,13,6,4,4,6,13,1,1,9,1,1,1,1,1,1,18,4,4,17,17,0,0,0,0,16,16,0,16,16,16,17,18,14,2,2,18,14,4,18,2,2,2,2,17,0,0,17,17,18,4,17,16,16,16,16,16,16,16,16,16,16
16,16,16,16,16,16,16,16,16,16,17,18,18,17,17,4,6,4,4,6,18,18,2,2,2,2,2,2,2,2,2,2,2,6,17,0,0,0,16,16,16,16,0,0,0,0,17,17,4,4,6,2,2,18,6,6,18,2,2,2,2,2,2,2,2,2,2,2,2,2,2,2,7,7,7,7,7,7,7,7,7,14,2,2,7,2,2,2,2,2,2,2,2,2,2,2,2,2,2,2,2,2,2,2,2,2,2,2,14,2,2,2,2,2,2,2,2,2,2,2,2,2,2,2,2,2,2,2,2,2,2,2,2,2,2,1,1,1,1,18,2,2,2,2,2,2,2,2,2,2,2,2,7,7,7,7,7,2,2,2,2,18,4,17,0,0,17,4,17,17,16,16,16,16,16,16,16,16,4,4,4,4,4,4,13,1,1,1,8,8,19,3,8,9,9,5,18,18,18,1,1,1,1,9,1,1,1,9,1,1,1,1,1,18,17,0,0,17,0,0,0,17,0,16,0,17,18,14,14,14,17,17,17,17,2,2,2,17,17,0,0,6,17,17,17,16,16,16,16,16,16,16,16,16,16,16
16,16,16,16,16,16,16,16,16,17,17,17,17,0,0,17,17,0,17,4,4,6,18,2,2,2,2,2,2,2,2,2,2,18,17,17,16,16,16,16,16,16,0,17,17,17,4,18,6,6,18,2,2,2,18,14,2,2,2,2,2,2,2,2,2,2,2,2,2,2,2,7,7,7,7,7,7,7,7,7,14,2,2,2,2,14,2,2,2,2,2,2,2,2,2,2,2,2,2,2,14,14,2,2,2,7,7,7,7,14,2,2,2,2,2,2,2,2,2,2,2,2,2,2,2,2,2,2,2,2,2,2,2,2,2,14,18,18,2,2,2,2,2,2,2,2,2,2,2,2,2,2,2,7,7,7,7,2,2,2,18,6,4,17,17,16,0,16,16,16,16,16,16,16,16,16,16,4,18,5,5,18,18,18,18,1,1,8,5,8,8,8,11,5,9,9,9,1,1,1,1,1,9,9,1,1,9,9,1,9,9,9,1,18,17,17,17,0,17,17,17,17,17,17,0,0,17,17,18,18,0,16,16,17,2,2,18,17,0,17,17,6,4,17,17,16,16,16,16,16,16,16,16,16,16,16
16,16,16,16,16,16,16,16,16,16,0,0,16,16,16,17,17,16,16,0,17,17,4,18,2,2,2,2,2,2,2,2,18,4,17,0,16,16,16,16,0,17,17,17,17,18,18,2,2,18,2,2,2,2,2,2,2,2,2,2,2,7,2,2,2,2,2,2,2,2,7,7,7,7,7,7,7,7,7,7,2,2,2,2,14,2,2,2,2,2,2,2,2,2,2,2,2,2,2,7,7,7,14,14,18,7,7,7,7,14,2,2,2,2,2,2,2,2,2,2,2,2,2,2,2,2,2,2,2,2,2,2,2,2,2,2,2,2,2,2,2,2,2,2,2,2,2,2,2,2,2,2,2,7,7,7,7,2,2,18,4,4,17,17,17,16,16,16,16,16,16,16,16,16,16,16,0,4,5,5,1,1,1,1,1,1,1,5,8,9,9,9,9,9,9,9,9,1,1,5,5,8,5,5,5,9,9,1,9,9,9,9,1,1,18,18,4,17,17,14,7,14,18,17,0,0,0,0,17,17,0,16,17,17,18,17,17,0,0,13,14,14,6,17,0,16,16,16,16,16,16,16,16,16,16,16
16,16,16,16,16,16,16,16,16,16,16,16,16,16,16,16,16,0,0,0,17,17,4,2,2,2,2,2,2,2,2,2,17,0,0,16,16,16,16,0,17,17,4,18,18,2,2,2,2,2,2,2,2,2,2,2,2,2,2,2,2,7,7,2,2,2,2,2,2,2,14,7,7,7,7,14,2,14,14,2,2,2,2,18,2,2,2,2,2,2,2,2,2,2,14,2,2,2,2,7,7,7,7,7,7,7,7,7,7,7,7,7,2,2,2,2,2,2,2,2,2,2,2,2,2,2,2,2,2,2,2,2,2,2,2,2,2,2,2,2,2,2,2,2,2,2,2,2,2,2,2,14,7,7,7,2,2,2,2,18,17,17,17,17,0,16,16,16,16,16,16,16,16,16,16,16,4,17,13,5,9,1,1,9,1,1,8,5,9,9,9,9,9,9,9,9,1,8,8,5,8,10,19,5,5,5,8,8,5,9,9,9,9,9,9,18,4,17,18,7,7,7,7,6,17,0,16,16,0,0,16,16,0,17,17,0,16,0,17,17,17,17,4,17,0,16,16,16,16,16,16,16,16,16,16,16
16,16,16,16,16,16,16,16,16,16,16,16,16,16,16,16,0,17,4,17,4,6,18,2,2,2,2,2,2,2,2,18,17,0,16,16,16,16,16,0,17,17,6,6,18,2,2,2,2,2,2,2,2,2,2,2,2,2,7,7,7,7,7,2,2,2,2,2,2,14,2,2,2,7,7,2,2,2,2,2,2,2,2,2,2,2,2,2,2,2,2,2,2,2,2,2,2,2,2,7,7,7,7,7,7,7,7,7,7,7,7,7,7,2,2,2,2,2,2,2,2,2,2,2,2,2,2,2,2,2,2,18,2,2,2,2,2,2,2,2,2,2,2,2,2,2,2,2,2,2,2,7,7,7,7,2,2,2,2,18,4,17,17,17,0,0,16,16,16,16,16,16,16,16,16,16,16,17,4,4,18,1,1,1,1,5,5,9,9,9,9,1,1,9,9,9,9,8,8,19,10,10,3,3,10,19,11,8,5,5,5,9,9,9,9,18,4,18,18,7,7,7,7,18,17,17,16,16,16,16,16,16,16,16,16,16,0,0,0,16,17,16,0,17,16,16,16,16,16,16,16,16,16,16,16,16
16,16,16,16,16,16,16,16,16,16,16,16,16,16,16,16,17,17,4,18,18,18,2,2,2,2,2,2,2,18,17,17,0,16,16,16,16,16,16,16,17,17,6,6,2,2,2,2,2,2,2,2,2,2,2,2,2,2,7,7,7,7,7,7,2,2,2,2,2,14,2,2,2,2,7,2,2,2,2,2,2,2,2,2,2,2,2,2,2,2,2,2,2,2,2,2,2,7,14,7,7,7,7,7,7,7,7,7,7,7,7,7,7,7,2,2,2,2,2,2,2,2,2,2,2,2,2,2,2,18,18,18,18,18,2,2,2,2,2,2,2,2,2,2,2,2,2,2,7,7,7,7,7,7,7,7,7,2,2,2,18,6,4,17,17,17,16,16,16,16,16,16,16,16,16,16,16,16,0,4,18,1,1,9,1,5,8,11,9,9,18,18,5,18,18,1,1,1,8,10,10,10,3,3,3,3,3,11,5,5,5,9,9,9,9,1,18,14,14,7,7,7,7,18,17,0,16,16,16,16,16,16,16,16,16,0,0,16,16,16,16,16,16,16,16,16,16,16,16,16,16,16,16,16,16,16
16,16,16,16,16,16,16,16,16,16,16,16,16,16,16,16,17,4,18,2,2,2,2,2,2,2,2,2,18,17,0,0,16,16,16,16,16,16,16,16,0,17,6,2,2,2,2,2,2,2,2,2,2,2,2,2,2,2,7,7,7,7,7,7,7,14,7,7,14,7,2,2,2,2,2,2,2,2,2,2,2,2,2,2,2,2,2,2,2,2,2,2,2,2,2,2,2,2,18,7,7,7,7,7,7,7,7,7,7,7,7,7,7,7,2,2,2,2,2,2,2,2,2,2,2,2,2,2,18,6,6,4,4,6,6,2,2,2,2,14,2,2,2,2,2,2,7,7,7,7,7,7,7,7,7,7,7,2,2,2,2,18,6,4,17,17,16,16,16,16,16,16,16,0,17,16,16,16,0,6,18,1,1,1,8,5,5,5,5,5,6,6,5,6,6,5,1,1,8,19,10,19,3,3,3,5,5,5,5,5,5,8,9,9,9,9,1,1,7,7,7,7,7,18,17,0,16,16,16,16,16,16,16,16,16,16,16,16,16,16,16,16,16,16,16,16,16,16,16,16,16,16,16,16,16,16
16,16,16,16,16,16,16,16,16,16,16,16,16,16,16,17,17,14,2,2,2,2,2,2,2,2,2,2,18,17,0,16,16,16,16,16,16,16,16,16,0,17,6,18,2,2,2,2,2,2,2,2,2,2,2,2,14,7,7,7,7,7,7,7,7,7,7,7,7,7,2,2,2,2,2,2,2,2,2,2,2,2,2,2,2,2,2,2,2,2,2,2,2,2,2,2,2,2,2,14,7,7,7,7,7,7,7,7,7,7,7,7,7,7,2,2,2,2,2,2,2,2,2,2,2,2,2,18,4,17,4,17,17,4,17,18,14,2,18,2,2,2,2,2,2,14,7,7,7,7,7,7,7,7,7,7,2,2,2,2,18,18,6,4,4,17,0,0,0,16,16,16,0,17,17,16,16,0,4,18,1,1,1,5,8,5,5,9,9,5,13,4,17,4,4,18,1,1,8,19,8,19,3,3,9,9,9,9,9,9,8,8,8,9,9,9,1,1,7,7,7,7,7,7,18,17,0,16,16,16,16,16,16,16,16,16,16,16,16,16,0,17,17,0,0,0,16,16,16,16,16,16,16,16,16,16
16,16,16,16,16,16,16,16,16,16,16,16,16,16,16,16,17,17,2,2,2,2,2,18,6,6,2,14,18,4,0,16,16,16,16,16,16,16,16,16,0,17,4,10,18,2,2,2,2,2,2,2,2,2,2,2,7,7,7,7,7,7,7,7,7,7,7,7,7,2,2,2,2,2,2,2,2,2,2,2,2,2,2,2,2,2,2,2,2,2,2,2,2,2,2,2,2,2,2,2,14,7,7,7,7,7,7,7,7,7,7,7,7,7,7,2,2,2,2,2,2,2,2,2,2,2,2,18,17,17,17,17,17,4,4,4,18,4,6,14,14,18,2,2,2,2,7,7,7,7,7,7,7,7,2,2,2,2,2,18,4,4,4,4,17,17,17,0,0,16,16,16,17,17,17,17,0,0,18,18,1,1,1,5,8,5,9,5,18,18,4,17,17,17,6,18,1,5,8,8,8,8,5,9,9,9,9,9,9,9,9,8,8,9,9,9,9,9,18,7,7,7,7,7,7,17,0,0,16,16,16,16,16,16,16,16,16,16,16,17,4,14,14,17,17,17,0,16,16,16,16,16,16,16,16,16
16,16,16,16,16,16,16,16,16,16,16,16,16,16,16,16,0,6,18,2,2,2,18,4,4,17,4,18,18,17,17,16,16,16,16,16,16,16,16,16,0,0,17,4,18,2,2,2,2,2,2,2,2,2,2,7,7,7,7,7,7,7,7,7,7,2,14,7,7,14,2,2,2,2,2,2,14,2,2,2,2,2,2,2,2,2,2,2,2,2,2,2,2,2,2,2,2,2,2,2,18,7,7,7,7,7,7,7,7,7,14,2,14,7,7,2,2,2,2,2,2,2,2,2,2,2,18,13,17,17,0,0,17,17,17,17,17,17,17,4,18,18,18,14,14,14,7,7,7,7,7,7,7,7,14,2,2,2,18,18,4,17,17,0,0,0,16,16,16,16,16,0,4,14,14,4,17,4,18,1,1,1,1,9,5,9,9,5,18,17,17,17,17,17,4,5,1,9,1,5,9,9,9,9,9,9,9,9,9,9,9,1,5,5,9,9,9,9,1,7,7,7,7,7,18,17,0,0,16,16,16,16,16,16,16,16,16,16,16,0,4,14,14,14,4,4,17,17,16,16,16,16,16,16,16,16
16,16,16,16,16,16,16,16,16,16,16,16,16,16,16,0,4,18,2,2,2,2,4,17,0,0,16,17,17,17,17,0,16,16,16,16,16,16,16,16,16,0,0,6,18,2,2,2,2,2,2,2,2,2,7,7,7,7,7,7,7,14,2,2,2,2,2,14,14,2,2,2,2,2,2,2,2,2,2,2,2,2,2,2,2,2,2,2,2,2,2,2,2,2,2,2,2,2,2,2,14,7,14,7,7,7,7,7,7,7,2,2,2,7,2,2,2,2,2,2,2,2,2,2,2,2,18,17,17,17,0,0,0,0,0,0,0,17,17,17,4,4,18,18,18,7,7,7,7,7,7,7,7,7,14,2,2,2,18,4,4,17,17,0,0,0,0,16,16,16,0,17,13,14,14,6,4,18,18,1,1,1,9,1,1,8,9,18,6,4,17,0,0,4,6,18,1,1,1,9,9,9,9,9,9,9,1,9,9,9,1,9,9,5,9,9,1,9,9,7,7,7,14,18,17,17,17,16,16,16,16,16,16,17,17,17,0,16,16,0,17,14,18,14,18,4,17,16,16,16,16,16,16,16,16,16
16,16,16,16,16,16,16,16,16,16,16,16,16,16,16,17,10,2,2,2,4,4,0,0,16,16,16,17,17,0,16,16,16,16,16,0,16,16,0,16,0,0,4,17,18,2,2,2,2,2,2,2,2,7,7,7,7,7,7,7,7,7,2,2,2,2,2,2,2,2,2,2,2,2,2,2,2,2,2,2,2,2,2,2,2,2,2,2,2,2,2,2,2,2,2,2,2,2,2,2,2,2,2,7,7,7,7,7,7,14,2,7,7,2,2,2,2,2,2,2,2,2,2,2,2,2,18,6,17,17,17,0,0,0,0,16,16,0,0,0,4,4,6,18,18,18,7,7,7,7,7,7,7,7,7,7,2,2,2,17,17,17,17,17,0,0,17,16,16,16,16,4,18,14,1,1,7,7,14,1,9,9,9,1,1,8,9,9,18,6,17,0,0,17,6,5,5,9,9,9,9,9,1,1,1,1,1,1,9,1,1,1,9,1,9,9,9,9,9,7,7,7,18,4,17,0,0,16,16,16,16,16,0,4,14,14,18,17,0,17,14,14,14,4,4,17,16,16,16,16,16,16,16,16,16,16
16,16,16,16,16,16,16,16,16,16,16,16,16,16,16,4,18,2,2,2,17,17,16,16,16,16,16,0,0,16,16,16,0,17,17,17,0,0,0,0,0,4,4,18,2,2,2,2,2,2,2,2,7,7,7,7,7,7,7,7,7,14,2,2,2,2,2,2,2,2,2,2,2,2,2,2,2,2,2,2,2,2,2,2,2,2,2,2,2,2,2,2,2,2,2,2,2,2,7,2,2,2,7,7,7,7,7,7,2,2,2,2,2,2,2,2,2,2,2,2,2,2,2,2,2,2,18,4,17,0,0,0,16,16,16,16,16,0,0,0,17,4,18,6,6,13,13,18,7,7,7,7,7,7,7,7,7,7,7,4,6,18,18,18,4,17,0,16,16,16,16,17,4,14,1,1,7,7,7,9,9,9,1,1,1,9,9,9,1,4,17,0,17,17,6,5,5,5,9,5,5,5,6,6,18,1,1,5,9,1,1,9,1,1,8,9,9,9,9,7,7,7,7,4,17,17,0,16,16,16,16,0,4,4,14,14,14,0,0,4,14,14,13,17,17,0,16,16,16,16,16,16,16,16,16,16
16,16,16,16,16,16,16,16,16,16,16,16,16,16,0,4,14,2,2,2,17,17,16,16,16,16,16,16,16,16,16,16,0,17,17,4,17,17,17,17,4,6,18,2,2,2,2,2,2,2,7,7,7,7,7,7,7,7,7,7,7,7,2,2,2,2,2,2,2,2,2,2,2,2,2,2,2,2,2,2,2,2,2,2,2,2,2,2,2,2,2,2,2,2,2,2,2,2,2,2,2,7,7,7,7,7,7,7,2,2,2,2,2,2,2,2,2,7,2,2,2,2,2,2,14,18,17,17,17,0,0,16,16,16,16,16,0,0,0,17,17,4,4,6,4,4,6,6,14,7,7,7,7,7,7,7,7,7,7,14,2,2,2,18,18,17,17,16,16,16,16,16,4,18,14,14,14,18,14,1,1,1,9,1,9,9,9,9,5,17,0,0,17,17,17,4,6,5,5,18,5,18,4,4,4,6,6,18,1,1,9,9,1,1,9,9,9,9,9,7,7,7,7,14,18,17,17,16,16,16,16,16,4,14,14,7,14,4,17,17,6,18,17,17,0,0,16,16,16,16,16,16,16,16,16,16
16,16,16,16,16,16,16,16,16,16,16,16,16,16,16,17,4,18,18,4,17,17,16,16,16,16,16,16,16,16,16,0,17,18,2,2,18,17,17,4,18,2,2,2,2,2,2,2,2,2,7,7,7,7,7,7,14,7,7,7,7,7,7,7,2,2,2,2,2,2,2,2,2,2,2,2,2,2,2,2,2,2,2,2,2,2,2,2,14,2,2,14,2,2,2,2,2,2,2,2,14,7,7,7,7,7,7,14,2,2,2,2,2,2,2,2,2,2,2,2,2,2,2,2,4,4,17,17,0,0,0,16,16,16,16,16,0,0,17,17,17,17,17,4,17,17,4,18,18,7,7,7,7,7,7,7,7,7,7,7,2,2,2,2,18,6,17,0,16,16,16,16,17,18,14,18,18,6,18,18,1,1,1,9,9,9,9,1,18,6,17,0,0,0,0,0,4,17,4,4,6,4,4,17,17,4,4,18,1,1,9,9,1,1,8,9,9,9,1,7,7,7,7,7,18,17,0,16,16,16,16,16,17,17,6,14,7,14,14,17,17,17,0,16,16,16,16,16,16,16,16,16,16,16,16,16
16,16,16,16,16,16,16,16,16,16,16,16,16,16,16,16,17,17,17,0,16,16,16,16,16,16,16,16,16,0,17,17,4,18,2,2,2,18,18,18,2,2,2,2,2,2,2,2,2,2,2,2,2,7,7,7,7,7,7,7,7,7,7,2,2,2,2,2,2,2,2,2,2,2,2,2,2,2,2,2,2,2,2,2,2,2,14,14,2,2,14,1,1,2,2,2,2,2,2,2,2,14,7,7,2,14,14,2,14,2,2,2,2,2,2,2,2,2,2,2,2,2,2,2,6,4,4,4,0,0,0,16,16,16,16,16,16,0,0,17,17,0,0,0,17,17,4,6,14,7,7,7,7,7,7,7,7,7,7,7,2,2,2,2,2,18,17,17,0,16,16,16,0,17,18,18,4,4,4,6,18,1,1,9,9,9,1,1,4,17,0,0,16,0,0,16,0,0,17,17,0,17,17,4,17,17,6,18,1,1,1,9,1,8,8,9,9,9,9,7,7,7,7,7,18,6,17,16,16,16,16,16,16,0,4,18,7,7,7,18,4,4,0,16,16,16,16,16,16,16,16,16,16,16,16,16
16,16,16,16,16,16,16,16,16,16,16,16,16,16,16,16,16,16,16,16,16,16,16,16,16,16,16,17,0,0,17,17,6,18,2,2,2,2,2,2,2,2,2,2,2,2,2,2,2,2,2,2,2,14,7,7,7,7,7,7,7,7,7,7,14,2,2,2,2,2,2,2,2,2,2,2,2,2,2,2,2,2,2,2,2,2,18,2,2,2,1,1,1,18,14,14,2,2,2,2,2,2,2,2,2,2,2,2,14,14,2,2,2,2,7,7,2,2,2,2,2,2,2,2,18,18,18,4,17,0,0,16,16,16,16,16,16,16,0,17,17,17,17,4,17,4,18,18,7,7,7,7,7,7,7,7,7,7,7,14,2,2,2,2,2,6,4,17,0,16,0,16,0,0,16,17,17,0,0,0,18,18,1,1,18,1,1,5,6,17,0,0,16,0,0,0,0,0,0,0,0,0,0,4,6,6,6,18,18,1,1,9,1,8,8,9,9,9,9,7,7,7,18,18,4,17,17,16,16,16,16,16,16,16,4,4,7,7,7,4,4,4,17,0,0,17,16,16,17,16,16,16,16,16,16,16
16,16,16,16,16,16,16,16,16,16,16,16,16,16,16,16,16,16,16,16,16,16,16,16,0,17,17,17,17,17,17,18,18,2,2,2,2,2,2,2,2,2,2,2,2,2,2,2,2,2,2,2,2,7,7,7,7,7,7,7,7,7,7,7,7,14,2,2,2,2,2,2,2,2,2,2,2,2,2,2,2,2,2,2,2,2,14,2,1,1,1,1,9,1,14,14,14,2,2,2,2,2,2,2,2,2,14,14,13,14,2,2,2,7,7,7,7,7,2,2,2,2,2,2,2,2,18,18,4,17,0,0,16,16,16,16,16,16,16,0,0,17,4,4,4,6,7,7,7,7,7,7,7,7,7,7,7,7,14,2,2,2,2,2,2,18,18,17,17,17,17,0,0,16,16,16,16,16,16,0,17,4,18,18,4,17,6,18,17,17,0,0,0,16,0,17,0,17,0,16,16,0,17,4,14,18,18,18,1,1,9,9,9,9,5,8,9,9,9,7,7,7,18,6,17,0,16,16,16,16,16,16,16,0,4,18,7,7,7,6,17,4,17,17,17,18,4,4,4,4,17,16,16,16,16,16
16,16,16,16,16,16,16,16,16,16,16,16,16,16,16,16,16,16,16,16,16,16,16,0,17,17,4,18,18,17,18,14,2,2,2,2,2,2,2,2,2,2,2,2,2,2,2,2,2,2,2,14,7,7,7,7,7,7,7,7,7,7,7,7,7,7,7,2,2,2,2,2,2,2,2,2,2,2,2,2,2,2,2,2,2,18,18,1,1,1,1,9,9,1,18,2,14,2,2,2,2,2,2,2,2,4,14,14,2,2,2,2,7,7,7,7,7,7,7,7,2,2,2,2,2,2,2,18,6,4,17,17,16,16,16,16,16,16,16,0,17,17,4,18,6,18,14,7,7,7,7,7,7,7,7,7,7,14,2,2,2,2,2,2,2,2,18,18,18,18,17,17,0,0,16,16,16,16,16,16,16,0,17,17,17,17,17,4,17,17,17,17,17,0,16,0,17,0,0,0,16,0,4,14,7,7,7,7,18,1,9,9,9,1,1,5,5,9,9,9,7,18,17,17,17,16,16,16,16,16,16,16,4,4,18,7,7,7,7,7,18,7,4,4,14,14,5,14,7,10,17,16,16,16,16,16
16,16,16,16,16,16,16,16,16,16,16,16,16,16,16,16,16,16,16,16,16,17,17,4,14,18,18,14,2,18,2,2,2,2,2,2,2,2,2,2,2,2,2,7,7,2,2,2,2,2,2,2,7,7,7,7,7,7,7,7,7,7,7,7,7,7,7,7,7,14,2,2,2,2,2,2,2,2,2,2,2,14,1,14,1,1,1,1,1,1,1,9,9,1,1,14,14,14,2,2,2,2,2,2,2,6,2,2,14,2,2,7,7,7,7,7,7,7,7,7,2,2,2,2,2,2,2,18,18,4,17,16,16,16,16,16,16,0,0,0,17,4,18,18,18,14,7,7,7,7,7,7,7,2,14,7,14,2,2,2,2,2,2,2,2,2,2,2,2,2,18,6,17,17,17,16,0,16,16,16,16,16,0,0,0,0,0,0,0,0,0,0,16,0,0,17,17,17,17,17,0,0,17,18,7,7,7,7,18,1,9,9,1,1,1,9,9,9,9,9,7,18,4,0,16,16,16,16,16,16,17,4,18,14,7,7,7,7,7,7,7,7,7,7,14,14,14,7,7,10,17,16,16,16,16,16
16,16,16,16,16,16,16,16,16,16,16,16,16,16,16,16,16,16,16,16,16,17,4,18,7,7,7,7,2,2,2,2,2,2,2,2,2,2,2,2,2,2,7,7,7,7,2,2,2,2,7,7,7,7,7,7,7,7,7,7,7,7,7,7,7,7,7,7,7,14,2,2,14,2,2,2,2,2,2,2,2,18,1,7,14,1,9,1,1,9,9,1,9,9,1,1,14,1,1,1,2,2,14,2,2,2,2,2,14,13,7,7,7,7,7,7,7,7,7,2,2,2,2,2,2,2,18,4,4,17,0,16,16,16,16,16,16,0,0,17,17,17,6,4,18,18,7,7,2,2,2,7,14,2,2,2,2,2,2,2,2,2,2,2,2,2,2,2,2,2,2,2,18,18,4,17,17,17,16,16,16,16,0,0,0,0,16,16,16,16,16,16,16,0,0,17,4,18,4,18,4,4,4,14,14,7,7,18,18,1,1,1,9,1,5,9,9,9,9,9,1,18,4,17,16,16,16,16,16,16,17,4,14,7,7,7,7,7,7,7,7,7,7,7,14,14,7,7,7,18,18,4,16,16,16,16
16,16,16,16,16,16,16,16,16,16,16,16,16,16,16,16,16,16,16,16,0,17,4,14,7,7,7,7,2,2,2,2,2,2,2,2,2,2,2,2,7,7,7,7,7,7,7,7,2,2,7,7,7,7,14,7,7,14,7,7,7,2,7,7,7,7,7,7,7,7,2,2,2,2,2,2,2,2,2,2,2,2,2,14,14,9,1,1,9,9,9,9,9,9,9,9,1,9,9,18,14,2,14,2,2,2,2,2,2,7,7,7,7,7,7,7,7,7,7,2,2,2,2,2,2,2,18,4,17,0,16,16,16,16,16,16,16,16,16,16,0,16,0,17,4,18,2,2,2,2,2,2,14,18,18,2,2,2,2,2,2,2,2,2,2,2,2,2,2,2,2,2,2,2,18,17,17,17,0,16,16,0,17,17,0,0,16,16,16,16,16,16,16,0,17,17,18,7,7,7,18,18,14,18,18,18,18,18,1,1,1,1,1,8,9,9,9,9,9,9,9,18,4,17,0,16,16,16,16,16,16,17,4,7,7,7,7,7,7,7,7,7,7,7,14,14,7,7,7,7,18,4,0,16,16,16
16,16,16,16,16,16,16,16,16,16,16,16,16,16,16,16,16,16,16,16,17,17,18,7,7,7,7,7,7,2,2,2,2,2,2,2,2,2,2,7,7,7,7,7,7,7,7,2,2,7,7,7,7,7,7,14,2,2,2,2,2,2,2,2,2,7,7,7,7,14,2,2,2,2,2,2,2,2,2,2,2,2,2,2,18,1,1,1,9,9,9,9,9,1,1,9,9,9,1,1,1,1,1,18,2,2,2,2,2,2,7,7,7,7,7,7,7,7,7,7,2,2,2,2,2,18,18,17,17,17,0,16,16,16,16,16,16,16,16,16,16,16,16,17,4,6,18,2,2,2,2,14,18,18,18,18,2,2,2,2,2,2,2,2,2,2,2,2,2,2,2,2,2,2,18,4,17,17,17,0,0,4,4,17,17,0,0,16,16,16,16,16,16,0,17,4,14,7,7,7,7,14,2,2,18,1,1,1,1,1,1,1,8,9,9,9,9,9,9,1,18,18,4,0,16,16,16,16,16,16,16,17,4,7,7,7,7,7,7,7,7,7,7,14,14,7,7,7,7,7,7,14,17,16,16,16
16,16,16,16,16,16,16,16,16,16,16,16,16,16,16,16,16,16,16,16,0,17,18,7,7,7,7,7,2,2,2,2,2,2,2,2,2,2,2,2,2,7,7,7,7,7,7,7,7,7,7,7,7,14,14,7,7,2,14,2,2,2,2,2,2,14,7,7,7,14,2,2,2,2,2,2,2,2,2,2,2,2,2,2,2,14,1,1,9,9,9,1,1,9,9,1,1,1,9,9,9,9,1,18,2,2,2,2,2,2,2,2,7,7,7,7,7,7,7,7,2,2,2,2,18,4,4,17,4,17,0,16,16,0,16,16,16,16,16,16,16,16,16,0,4,4,18,2,2,2,18,18,17,17,17,6,18,4,6,2,2,2,2,2,2,2,2,2,2,2,2,2,18,2,18,4,4,4,4,6,4,4,14,18,17,0,17,16,16,16,16,16,16,16,0,4,7,7,7,7,7,18,14,14,18,1,1,1,1,1,8,8,5,9,9,9,9,9,9,1,18,4,17,0,16,16,16,16,16,16,16,17,18,7,7,7,7,7,7,7,7,14,14,14,7,7,7,7,7,7,7,4,17,16,16,16
16,16,16,16,16,16,16,16,16,16,16,16,16,16,16,16,16,16,16,16,16,0,17,4,18,7,7,18,18,2,2,2,2,2,2,2,2,2,2,2,2,7,7,7,7,7,14,7,7,14,7,7,7,14,2,2,2,2,2,2,2,2,2,2,2,2,14,14,14,14,2,2,2,2,2,2,2,2,2,2,2,2,2,2,2,2,1,1,1,1,1,1,9,9,9,1,18,1,1,1,9,1,18,18,14,2,2,2,2,2,2,2,7,7,7,7,7,7,7,2,2,2,2,18,18,4,17,17,4,4,17,17,17,0,16,16,16,16,16,16,16,16,16,0,17,6,18,18,14,14,18,17,17,17,17,17,17,4,6,2,2,2,2,2,2,2,2,2,2,2,2,18,2,7,7,14,14,6,6,18,18,14,14,14,13,4,4,0,0,16,16,16,0,0,17,18,7,7,7,7,18,1,1,1,1,1,1,1,1,5,8,8,9,9,9,9,9,9,9,1,6,17,17,0,16,16,16,16,16,16,16,0,4,7,7,7,7,7,7,7,14,14,1,7,7,7,7,7,7,7,18,17,16,16,16,16
16,16,16,16,16,16,16,16,16,16,16,16,16,16,16,16,16,16,16,16,16,16,17,17,17,18,17,4,18,2,2,2,2,2,2,2,2,2,2,2,7,7,7,7,2,2,7,7,7,7,14,14,14,14,2,2,2,2,2,2,2,7,7,2,2,2,2,2,2,2,2,2,2,2,2,2,2,2,2,2,2,2,2,2,2,2,14,9,1,1,1,9,9,9,1,18,4,4,6,18,1,18,18,18,18,18,18,18,2,2,2,2,2,2,7,7,7,7,7,7,2,2,2,2,18,4,17,17,4,4,4,17,17,0,0,16,16,16,16,16,16,16,16,0,17,17,17,17,4,6,17,17,17,17,17,17,17,17,6,14,2,2,2,2,2,2,2,2,4,4,17,18,2,7,14,7,7,14,14,7,7,7,14,1,18,14,4,17,17,16,0,0,4,17,0,6,7,7,7,7,18,1,1,1,1,1,9,1,8,5,9,9,9,9,9,9,9,9,5,5,18,17,17,17,16,16,16,16,16,16,16,0,4,18,7,7,7,7,14,14,14,14,14,7,7,7,7,7,7,18,17,0,16,16,16,16
16,16,16,16,16,16,16,16,16,16,16,16,16,16,16,16,16,16,16,16,16,16,16,16,17,17,17,4,6,18,2,2,2,2,2,2,2,2,7,7,7,7,7,7,2,2,7,7,7,14,7,14,2,14,2,2,2,2,2,2,2,14,2,2,2,2,2,2,2,2,2,2,2,2,2,2,2,2,2,2,2,2,2,2,2,2,14,9,1,4,1,1,1,9,1,4,4,4,4,18,18,18,17,17,17,4,18,18,17,4,18,2,2,7,7,7,7,7,7,7,7,2,2,2,18,18,18,6,18,18,18,18,6,17,0,16,16,16,16,16,16,16,16,16,16,16,17,17,17,17,17,17,0,0,0,17,17,17,4,13,18,2,2,2,2,2,2,2,4,17,17,14,2,2,14,7,7,7,14,7,7,18,7,7,14,14,6,4,17,0,0,4,4,4,4,4,18,7,7,7,18,1,9,1,1,9,1,1,8,5,9,9,9,9,9,9,9,9,5,5,6,17,0,0,16,16,0,0,0,16,16,0,4,7,7,7,7,14,14,14,14,14,7,7,7,7,7,7,18,17,16,16,16,16,16,16
16,16,16,16,16,16,16,16,16,16,16,16,16,16,16,16,16,16,16,16,16,16,16,16,0,0,17,17,18,2,2,2,2,2,2,2,2,2,7,7,7,7,14,7,7,2,2,2,14,7,7,7,2,2,14,2,2,2,2,2,2,2,2,2,2,2,2,2,2,2,2,2,2,2,2,2,2,2,2,2,2,2,2,2,2,2,18,18,4,4,6,18,1,1,1,18,4,4,4,4,4,17,17,17,17,17,17,17,17,4,4,18,4,18,7,7,7,7,7,7,7,7,2,2,2,18,18,18,2,2,2,2,18,17,0,0,16,16,16,16,0,16,16,16,16,16,16,0,0,0,0,0,16,16,16,0,17,17,4,18,2,2,2,2,2,2,2,2,4,4,18,14,7,2,18,18,7,7,14,14,1,18,7,7,7,7,18,6,4,4,4,6,14,18,6,18,18,18,1,14,18,1,1,1,1,9,1,8,8,9,5,9,9,9,9,1,5,5,18,4,17,0,0,16,16,16,0,4,17,16,0,0,18,7,7,7,7,14,14,14,14,7,7,7,14,14,7,14,17,17,16,16,16,16,16,16
16,16,16,16,16,16,16,16,16,16,16,16,16,16,16,16,16,16,16,16,16,16,16,16,17,17,4,6,18,2,2,2,2,2,2,2,2,2,2,7,7,7,14,2,2,2,2,2,14,7,7,7,14,7,7,7,7,7,14,2,2,2,2,2,2,2,2,2,2,2,2,2,2,2,2,2,2,2,2,2,2,2,2,2,2,2,18,4,4,4,4,18,1,1,1,1,18,4,17,17,17,17,17,0,0,0,17,0,17,17,17,17,4,4,18,7,7,7,7,7,7,7,2,2,2,2,18,2,2,2,2,2,2,4,0,0,0,16,16,0,0,16,16,16,16,16,16,16,16,16,16,16,16,16,16,0,0,17,6,18,2,2,2,2,2,2,2,18,4,17,18,14,14,14,17,17,4,18,14,9,9,1,7,7,7,7,7,18,18,18,18,18,2,2,14,14,14,18,18,1,18,1,1,9,1,9,1,5,8,9,9,9,9,9,18,18,4,17,17,17,17,16,16,16,16,17,18,7,7,18,18,6,14,7,7,14,14,14,14,14,7,7,14,14,18,4,4,17,17,16,16,16,16,16,16,16
16,16,16,16,16,16,16,16,16,16,16,16,16,16,16,16,16,16,16,16,16,0,0,0,17,17,4,6,18,2,2,2,2,2,2,2,2,2,14,7,7,7,7,2,2,2,2,2,14,7,7,7,7,14,7,7,7,7,2,2,2,2,2,2,2,2,2,2,2,2,2,2,2,2,2,2,2,18,18,18,13,18,2,2,18,18,6,4,4,4,18,1,1,9,9,9,18,18,17,17,17,17,0,16,16,0,0,0,0,17,17,17,17,17,4,18,7,7,7,7,7,7,2,2,2,2,2,2,2,2,2,2,2,18,6,4,17,0,0,0,0,0,16,16,16,16,16,16,16,16,16,16,16,16,16,0,0,17,6,18,18,2,2,2,2,2,2,4,17,17,4,17,13,18,17,17,4,4,14,7,14,14,1,7,7,7,7,1,9,1,18,14,2,2,2,14,18,1,1,1,1,1,1,1,1,1,8,5,5,9,9,9,1,1,18,17,0,16,17,0,16,16,16,16,0,17,18,7,7,7,7,18,14,1,1,14,14,14,14,7,7,14,14,10,18,4,17,0,16,16,16,16,16,16,16,16
16,16,16,16,16,16,16,16,16,16,16,16,16,16,16,16,16,16,16,16,16,16,17,17,6,18,6,2,2,2,2,2,2,2,2,2,2,2,14,2,7,7,7,2,2,2,2,14,7,7,7,7,7,7,7,7,2,2,2,2,2,2,2,2,2,2,2,2,2,2,2,2,2,2,2,2,2,4,6,6,17,17,6,18,18,4,17,4,4,4,18,5,9,9,1,9,1,18,18,17,0,0,16,16,16,16,16,0,0,0,17,17,17,6,18,18,7,7,7,7,7,7,2,2,2,2,2,2,2,2,2,2,2,2,2,18,17,17,0,0,0,0,16,16,16,16,16,16,16,16,16,16,16,16,16,16,16,17,17,17,18,18,2,2,2,2,2,2,18,17,4,17,4,4,17,17,4,6,18,14,14,14,1,1,7,7,14,7,7,7,14,7,2,2,2,18,1,1,1,1,1,1,9,1,9,8,5,9,9,9,9,9,18,6,17,17,0,16,16,16,16,16,16,16,0,0,18,7,7,7,7,7,1,1,1,4,14,14,7,7,7,14,18,17,17,17,16,16,16,16,16,16,16,16,16,16
16,16,16,16,16,16,16,16,16,16,16,16,16,16,16,16,16,16,16,16,16,0,17,17,18,2,2,2,2,2,2,2,2,2,2,2,2,2,2,2,2,2,2,2,2,2,7,7,7,7,7,7,7,7,7,7,2,2,2,2,2,2,2,2,2,2,2,2,2,2,2,2,2,2,2,2,18,4,17,17,17,17,17,18,18,4,17,17,17,4,18,5,18,1,1,1,1,18,18,17,17,0,16,16,16,16,16,17,0,17,17,17,6,18,2,2,2,7,7,7,7,7,7,7,2,2,2,2,2,2,2,2,2,2,2,18,17,17,0,0,0,0,16,16,16,16,16,16,16,16,16,16,16,16,16,16,16,0,17,17,17,6,18,2,2,2,2,2,18,18,14,17,17,0,17,17,4,6,18,18,14,14,18,1,7,14,1,1,7,7,7,7,7,7,14,18,1,1,9,1,1,9,1,9,9,9,9,9,9,9,9,9,5,4,17,17,0,16,16,16,16,16,16,16,16,0,17,18,7,7,7,7,7,7,7,4,4,4,7,7,18,4,17,0,16,16,16,16,16,16,16,16,16,16,16,16
16,16,16,16,16,16,16,16,16,16,16,16,16,16,16,16,0,0,0,0,0,0,17,6,18,2,2,2,2,2,2,2,2,2,2,2,2,2,2,2,2,2,2,2,2,2,2,2,7,7,7,7,7,7,7,7,7,7,7,7,2,2,2,2,2,2,2,2,2,2,2,2,2,2,2,2,14,18,4,0,17,17,17,4,17,17,17,17,17,17,4,6,18,14,18,18,18,18,17,17,17,0,16,16,16,16,0,0,17,17,17,17,17,17,6,2,14,7,7,7,7,7,7,7,2,2,2,2,2,2,2,2,2,2,18,18,17,17,17,17,0,0,16,16,16,16,16,16,16,16,16,16,16,16,16,16,16,0,0,17,4,18,2,2,2,2,2,2,2,2,2,13,4,17,0,17,17,17,17,6,6,4,6,18,14,1,1,9,1,7,7,7,7,7,7,1,1,9,1,1,9,9,9,9,9,9,1,1,9,9,9,1,1,6,17,0,16,16,16,16,16,16,0,16,0,17,18,14,7,7,7,7,7,7,7,4,4,4,14,14,17,17,17,0,16,16,16,16,16,16,16,16,16,16,16,16
16,16,16,16,16,16,16,16,16,16,16,16,16,16,16,16,0,17,17,17,0,0,17,18,2,2,2,2,2,2,2,2,2,2,2,2,2,2,2,2,2,2,2,2,2,2,2,2,7,7,7,7,7,7,7,7,7,7,7,7,7,2,2,2,2,2,2,2,2,2,2,2,2,2,2,2,2,18,4,17,17,17,0,0,0,0,0,0,17,17,4,6,14,14,18,17,17,17,17,0,0,16,16,16,16,0,17,0,0,17,17,17,17,17,4,14,14,7,7,7,7,7,7,7,7,2,2,2,2,2,2,2,18,18,18,4,17,17,17,17,17,17,16,16,16,16,16,16,16,16,16,16,16,16,16,16,16,16,16,0,6,18,2,2,2,2,18,2,2,2,2,18,4,17,17,17,17,17,17,17,17,17,17,4,18,18,1,9,1,1,7,7,7,7,1,1,1,1,1,9,9,9,9,9,9,9,9,9,9,9,5,5,5,6,17,0,16,16,16,16,16,0,0,17,17,18,7,6,14,14,4,7,7,7,7,7,4,14,18,17,17,0,0,0,16,16,16,16,16,16,16,16,16,16,16,16
16,16,16,16,16,16,16,16,16,16,16,16,16,0,0,0,17,13,17,17,17,17,17,2,2,2,2,2,2,2,2,2,2,2,2,2,2,2,2,2,2,2,2,2,2,2,2,7,7,7,7,7,7,7,14,14,7,7,7,7,7,2,2,2,2,2,2,2,2,2,2,2,2,2,2,2,2,18,17,17,17,17,17,0,16,16,16,0,17,4,18,14,14,14,18,17,17,17,0,16,16,16,16,16,16,0,0,0,0,0,0,17,17,6,6,7,7,2,2,2,7,7,2,2,2,2,2,2,2,2,2,2,6,17,4,17,17,17,0,0,0,16,16,16,16,16,16,16,16,16,16,16,16,16,16,16,16,16,16,0,17,18,14,18,18,14,2,2,2,2,2,2,18,4,17,17,17,17,0,0,17,17,17,4,4,6,18,1,1,9,1,1,1,1,9,9,9,9,9,9,1,1,9,9,9,1,1,9,5,5,5,5,6,17,17,0,16,16,16,16,16,0,17,4,14,7,7,7,14,14,4,7,7,7,7,7,18,18,6,17,0,16,16,16,16,16,16,16,16,16,16,16,16,16,16,16
16,16,16,16,16,16,16,16,16,16,16,16,0,0,17,17,18,14,2,4,4,17,6,2,2,2,2,2,2,2,2,2,2,2,2,2,2,2,2,2,2,2,2,2,2,2,2,7,7,7,7,7,7,7,7,7,7,7,7,7,7,2,2,2,2,2,2,2,2,2,2,2,2,2,2,2,2,18,17,17,17,17,0,16,16,16,16,0,17,6,14,14,18,17,17,17,0,16,16,16,16,16,16,16,16,16,0,0,0,0,0,17,17,6,7,7,7,7,7,2,2,2,2,2,2,2,2,2,2,2,2,2,18,17,17,0,0,0,16,16,16,16,16,16,16,16,16,16,16,16,16,16,16,16,16,16,16,16,16,16,17,17,4,4,4,18,14,2,2,2,2,2,18,18,18,14,17,17,17,17,5,5,4,4,4,4,18,5,5,5,5,1,9,9,1,9,9,9,9,9,5,5,5,5,18,18,5,5,6,4,18,4,0,0,0,16,16,16,17,16,0,0,17,6,7,7,7,7,14,4,7,7,7,7,7,7,18,17,17,17,0,16,16,16,16,16,16,16,16,16,16,16,16,16,16,16
16,16,16,16,16,16,16,16,16,16,16,16,0,0,17,6,2,2,2,2,18,13,6,2,2,2,2,2,2,2,2,2,2,2,2,2,2,2,2,2,2,2,2,2,2,7,7,7,7,7,7,7,7,7,7,14,7,2,7,7,2,2,2,2,2,2,2,2,2,2,2,2,2,2,2,2,2,6,17,17,0,0,16,16,16,16,16,0,17,17,17,18,17,17,17,0,16,16,16,16,16,16,16,16,16,16,0,17,0,0,17,17,4,18,7,7,7,7,7,2,2,2,2,2,2,2,2,2,2,2,2,2,18,4,17,0,0,16,16,16,16,16,16,16,16,16,16,16,16,16,16,16,16,16,16,16,16,16,16,16,0,16,0,17,4,4,6,10,2,2,2,2,2,2,2,2,18,17,18,4,4,14,14,18,4,17,17,4,6,18,5,5,9,9,9,1,5,18,18,5,5,5,5,18,4,4,4,17,17,17,17,17,0,16,16,16,16,0,17,17,17,4,18,7,7,7,7,7,7,6,7,7,7,7,7,7,18,17,17,0,17,0,16,16,16,16,16,16,16,16,16,16,16,16,16,16
16,16,16,16,16,16,16,16,16,16,16,16,17,6,4,6,14,2,2,2,2,2,2,2,2,2,2,2,2,2,2,2,2,2,2,2,2,2,2,2,2,2,2,2,2,7,7,7,7,7,7,7,7,7,7,2,2,2,2,2,2,2,2,2,2,2,2,2,2,2,2,2,2,2,2,2,2,6,4,17,0,0,16,16,16,16,16,16,17,17,17,17,0,0,0,0,16,16,16,16,16,16,16,16,16,16,0,17,17,4,4,17,6,18,7,7,7,7,7,2,2,2,2,2,2,2,2,2,2,2,18,18,4,17,0,0,0,16,16,16,16,16,16,16,16,16,16,16,16,16,16,16,16,16,16,16,16,16,16,16,16,16,0,0,4,4,4,18,2,2,2,2,2,2,2,2,2,2,18,13,17,4,2,2,13,17,17,17,4,4,5,5,5,5,18,18,18,4,6,6,4,6,4,4,17,17,0,0,16,16,16,0,16,16,16,0,17,4,13,14,7,18,7,7,7,7,7,4,4,4,4,7,14,18,7,7,7,18,4,17,17,17,16,16,16,16,16,16,16,16,16,16,16,16,16,16
16,16,16,16,16,16,16,16,16,16,0,17,18,18,7,14,7,7,7,2,2,2,2,2,2,2,2,2,2,2,2,2,2,2,2,2,2,2,2,2,2,2,2,2,2,2,2,7,7,7,7,7,7,7,7,14,2,2,2,2,2,2,2,2,2,2,2,2,2,2,2,2,2,2,2,2,2,18,6,17,17,0,16,16,16,16,16,0,17,17,0,16,16,16,16,16,16,16,16,16,16,16,16,16,16,16,17,4,18,4,4,4,4,14,7,7,2,2,2,2,2,2,2,2,2,2,2,2,2,2,18,4,4,17,17,17,0,16,16,16,16,16,16,16,16,16,16,16,16,16,16,16,16,16,16,16,16,16,16,16,16,16,16,0,17,6,10,2,2,2,2,2,2,2,2,2,2,2,18,4,17,18,18,18,4,17,17,0,0,4,4,18,1,18,4,4,6,4,17,4,17,17,17,17,17,0,16,16,16,16,16,16,16,16,0,17,17,4,6,7,7,7,7,7,7,7,7,4,4,4,6,14,1,7,7,7,7,18,18,4,17,0,16,16,16,16,16,16,16,16,16,16,16,16,16,16
16,16,16,16,16,16,16,16,16,16,0,4,6,7,7,7,7,7,7,7,2,2,2,2,2,2,2,2,2,2,2,2,2,2,2,2,2,2,2,2,2,2,2,2,2,2,2,7,7,7,7,7,7,7,2,2,2,2,2,2,2,2,2,2,2,2,2,2,2,2,2,2,2,2,2,2,2,18,17,17,17,16,16,16,16,16,16,16,16,0,16,16,16,16,16,16,16,16,16,16,16,16,16,16,17,17,4,18,2,18,4,4,4,4,18,2,2,2,2,2,2,2,2,2,2,2,2,2,2,2,2,18,18,17,17,17,0,16,16,16,16,16,16,16,16,16,16,16,16,16,16,16,16,16,16,16,16,16,16,16,16,16,16,16,17,17,6,18,2,2,2,2,2,2,2,2,2,2,18,17,17,18,2,18,6,4,17,0,0,0,17,4,4,17,0,0,17,17,17,17,0,0,0,0,0,16,16,16,16,16,16,16,16,16,17,17,18,7,18,18,7,7,7,7,7,7,7,4,4,4,6,6,4,7,7,7,7,7,7,6,17,17,16,16,16,16,16,16,16,16,16,16,16,16,16,16
16,16,16,16,16,16,16,16,16,16,0,4,6,7,7,7,7,7,7,7,2,2,2,2,2,2,2,2,2,2,2,2,2,2,2,2,2,2,2,2,2,2,2,2,2,2,7,7,7,7,7,7,7,2,2,2,2,2,2,2,2,2,2,2,2,2,2,2,2,2,2,2,2,2,2,2,2,2,17,17,17,17,16,16,16,16,16,16,16,16,16,16,16,16,16,16,16,16,16,16,16,16,0,16,17,18,2,2,2,2,18,17,17,4,4,2,2,2,2,2,2,2,2,2,2,2,2,2,2,2,2,2,2,18,17,17,0,0,16,16,16,16,16,16,16,16,16,16,16,16,16,16,16,16,0,16,16,16,16,16,16,16,16,16,0,17,17,18,2,2,2,2,2,2,2,2,2,2,2,18,18,2,2,2,2,2,17,17,0,0,0,17,17,0,0,16,0,0,0,0,16,16,16,16,16,16,16,16,16,16,16,16,16,16,0,17,18,7,7,7,7,7,7,7,7,7,7,4,4,4,4,4,4,7,7,7,7,7,7,14,4,17,17,0,16,16,16,16,16,16,16,16,16,16,16,16
16,16,16,16,16,16,16,16,16,16,16,4,4,14,7,7,7,7,7,7,2,2,2,2,2,2,2,2,2,2,2,2,7,7,2,2,2,2,2,2,18,2,2,2,2,14,7,7,7,7,7,7,7,2,2,2,2,2,2,2,2,2,2,2,2,2,2,2,18,18,18,18,2,2,2,2,2,2,18,4,17,17,0,16,16,16,16,16,16,16,16,16,16,16,16,16,16,16,16,16,16,17,17,17,13,2,2,2,2,2,4,17,17,4,6,2,2,2,2,2,2,2,2,2,2,2,2,2,2,2,2,2,2,18,6,4,17,17,17,16,16,16,16,0,0,16,16,17,17,0,16,16,16,16,0,0,0,16,16,16,16,16,16,16,16,17,17,18,2,2,2,2,2,2,2,2,2,2,2,2,2,2,2,2,2,2,18,17,17,0,17,17,0,0,0,16,16,16,16,16,16,0,0,0,0,0,16,0,16,16,16,16,16,16,0,17,17,7,7,7,7,7,7,7,7,7,7,7,7,6,6,7,7,7,7,7,7,7,7,7,4,17,17,0,16,16,16,16,16,16,16,16,16,16,16,16
16,16,16,16,16,16,16,16,16,16,16,0,4,4,18,7,7,7,7,2,2,2,2,2,2,2,2,2,2,2,2,2,7,7,7,14,2,18,4,18,6,2,2,2,2,2,2,7,7,7,7,7,7,7,2,2,2,2,2,2,2,2,2,2,2,2,2,2,6,17,17,4,18,18,18,2,2,2,18,18,18,4,17,16,16,16,16,16,16,16,16,16,16,16,16,16,16,16,16,16,16,17,17,6,18,2,2,2,2,14,18,17,0,4,18,2,2,2,2,2,2,2,2,2,2,2,2,2,2,2,2,2,2,2,18,4,17,17,0,0,16,16,0,17,17,17,4,4,4,17,17,16,0,0,0,17,0,16,16,16,16,16,16,16,17,17,17,18,14,2,2,2,2,2,2,2,2,2,2,2,2,2,2,2,2,2,2,18,17,18,4,4,17,17,17,17,0,0,0,0,16,0,0,0,17,17,17,17,17,0,16,16,16,16,0,17,18,7,7,7,7,7,7,7,7,7,7,7,7,6,14,7,7,7,7,7,7,7,13,18,4,17,17,0,16,16,16,16,16,16,16,16,16,16,16,16
16,16,16,16,16,16,16,16,16,16,0,0,4,4,7,7,7,7,7,2,2,2,2,2,2,2,2,2,2,2,2,2,7,7,7,7,7,18,17,17,4,6,2,2,2,2,14,7,7,7,7,7,7,7,2,2,2,2,2,2,2,2,2,2,2,2,2,2,18,4,17,17,17,4,4,18,4,17,18,18,18,4,17,0,16,16,16,16,16,16,16,16,16,16,16,16,16,16,16,17,17,4,18,18,2,2,2,2,2,18,17,17,17,4,2,2,2,2,2,2,2,2,2,2,2,2,2,2,2,2,2,2,2,2,14,18,17,17,0,0,0,0,4,4,17,4,4,14,2,18,17,0,0,16,16,17,0,0,16,16,16,16,16,16,0,16,17,17,6,18,2,2,2,2,2,2,2,2,2,2,2,2,2,2,2,2,2,18,18,18,2,2,4,14,14,14,4,17,17,0,0,0,0,0,17,17,5,18,18,17,16,16,16,17,17,18,7,7,7,7,7,7,7,7,7,7,7,7,7,14,14,7,7,7,7,7,7,14,6,4,4,17,0,0,16,16,16,16,16,16,16,16,16,16,16,16
16,16,16,16,16,16,16,16,0,16,0,17,4,13,7,7,7,2,2,2,2,2,2,2,2,2,2,2,2,2,2,7,7,7,7,7,7,4,17,0,17,4,6,2,2,2,2,2,7,7,7,7,7,7,2,2,2,2,2,2,2,2,2,2,2,2,2,18,18,17,0,0,0,17,17,17,17,17,17,17,17,17,0,16,16,16,16,16,16,16,16,16,16,16,16,16,16,16,16,17,17,18,2,2,2,2,2,2,18,4,17,17,4,18,18,2,2,2,2,2,2,2,2,2,2,2,2,2,2,2,2,2,2,2,2,18,4,17,4,4,4,4,18,18,4,17,18,2,2,2,18,17,17,0,17,17,0,0,0,0,16,16,16,16,16,16,16,0,17,18,2,2,14,14,2,2,2,2,2,2,2,2,2,2,2,2,2,2,2,2,2,2,2,14,2,2,14,18,17,17,17,17,0,17,5,5,5,7,18,17,0,16,16,4,18,7,7,7,7,7,7,7,7,7,7,7,10,13,6,14,14,14,7,7,7,7,7,14,4,17,0,16,16,16,16,16,16,16,16,16,16,16,16,16,16,16
16,16,16,16,16,16,16,16,17,17,17,17,6,7,7,7,7,2,2,2,2,2,2,2,2,2,2,2,2,2,2,14,7,7,7,7,18,4,17,0,0,17,17,14,2,2,2,2,2,7,7,7,2,2,2,2,2,2,2,2,2,2,2,2,2,2,2,18,4,17,0,16,16,17,17,17,16,16,16,16,16,16,16,16,16,16,16,16,16,16,16,16,16,16,16,16,16,16,16,16,17,18,2,2,2,2,18,18,6,17,17,0,17,4,18,18,18,2,2,2,2,2,2,2,2,2,2,2,2,2,2,2,2,2,18,18,4,18,10,6,4,18,2,2,18,18,2,2,14,14,4,17,17,17,17,17,17,0,16,16,16,16,16,16,16,16,16,0,17,4,4,18,14,18,2,2,2,2,2,2,2,2,2,2,2,2,2,2,2,2,2,18,2,2,2,2,2,14,14,6,18,14,17,17,14,5,5,18,18,17,0,16,17,4,4,7,7,7,7,7,7,7,7,18,6,17,0,0,17,4,14,18,18,7,7,7,7,7,18,4,16,16,16,16,16,16,16,16,16,16,16,16,16,16,16,16
16,16,16,16,16,16,16,17,17,17,17,4,18,7,7,7,2,2,2,2,18,4,2,18,2,2,2,2,7,7,14,7,7,7,7,7,4,17,0,16,16,0,17,18,2,2,2,2,2,7,2,7,2,2,2,2,2,2,2,2,2,2,18,18,2,18,18,18,6,17,0,16,16,16,16,16,16,16,16,16,16,16,16,16,16,16,16,16,16,16,16,16,16,16,16,16,16,16,16,16,17,18,2,2,2,18,4,17,17,17,0,0,17,18,6,17,6,18,2,2,2,2,2,2,2,2,2,2,2,2,2,2,2,2,2,18,18,4,18,14,2,2,2,2,2,18,2,2,17,17,17,17,17,4,17,17,17,17,16,16,0,17,16,16,16,16,16,0,0,17,17,17,6,18,14,2,2,2,2,2,2,2,2,2,2,2,2,2,2,2,2,2,2,2,2,2,2,7,2,2,2,2,2,14,14,18,4,17,17,0,0,16,17,4,18,7,7,7,14,7,7,7,18,17,16,0,16,16,0,17,18,7,7,7,7,7,7,18,4,4,16,16,16,16,16,16,16,16,16,16,16,16,16,16,16,16
16,16,16,16,16,16,16,16,17,17,17,4,18,7,7,7,18,2,18,6,17,17,17,17,4,2,2,7,7,7,7,7,7,7,7,14,4,17,0,16,0,0,17,4,18,2,2,2,2,2,2,2,2,2,2,2,2,2,2,2,18,6,17,4,6,17,17,4,17,16,16,16,16,16,16,16,16,16,16,16,16,16,16,16,16,16,16,16,16,16,16,16,16,16,16,16,16,16,16,16,0,17,4,4,14,6,17,0,0,17,17,4,18,14,14,0,4,18,2,2,2,2,2,2,2,2,2,2,2,2,2,2,2,2,2,2,18,18,18,14,2,2,2,2,2,14,18,14,14,6,17,17,4,6,2,18,17,17,17,17,17,17,17,16,16,16,16,0,0,0,0,17,17,6,18,2,2,2,2,2,2,2,2,2,2,2,2,2,2,2,2,2,2,2,2,2,2,2,2,2,2,2,2,2,2,18,17,17,17,0,16,16,0,4,7,14,18,17,17,18,7,7,17,17,16,16,16,16,0,17,7,7,7,7,7,7,7,5,4,16,16,16,16,16,16,16,16,16,16,16,16,16,16,16,16,16
16,16,16,16,16,16,16,16,16,17,17,14,7,7,7,14,17,17,17,17,17,17,17,17,4,18,2,2,7,7,7,7,7,7,7,7,18,17,4,17,0,0,0,4,18,18,2,2,2,2,2,2,2,2,2,2,2,2,2,2,18,17,17,0,17,17,17,17,0,16,16,16,16,16,16,16,16,16,16,16,16,16,16,16,16,16,16,16,16,16,16,16,16,16,16,16,16,16,16,16,16,0,17,4,4,17,17,17,17,4,18,18,18,14,18,14,4,18,2,2,2,2,2,2,2,2,2,2,2,2,2,2,2,2,2,2,2,2,2,2,2,2,2,2,2,2,2,2,2,18,4,6,2,2,2,2,18,4,4,4,18,14,17,0,16,16,16,16,0,0,17,17,17,4,18,2,2,2,2,2,2,2,2,2,2,2,2,2,2,2,2,2,2,2,2,2,2,2,14,2,2,2,2,2,17,17,17,17,0,0,16,0,17,13,18,4,17,0,17,17,6,17,17,0,16,16,17,17,17,7,7,7,7,7,7,7,7,18,4,17,0,16,16,16,16,16,16,16,16,16,16,16,16,16,16,16
16,16,16,16,16,16,16,16,16,17,4,4,14,14,18,4,17,16,16,0,0,0,17,4,18,2,2,2,7,7,7,7,7,7,7,7,7,7,14,17,17,0,0,17,18,18,2,2,2,2,2,2,2,2,2,2,2,2,2,18,18,4,17,0,0,0,17,0,0,0,16,16,16,16,16,16,16,16,16,16,16,16,16,16,16,16,16,16,16,16,16,16,16,16,16,16,16,16,16,16,16,16,0,17,17,4,4,17,4,18,2,2,2,2,2,14,5,4,2,2,2,2,2,2,2,2,2,2,2,2,2,2,2,2,2,2,2,2,2,2,2,2,2,2,2,2,2,2,2,2,2,2,2,2,2,2,2,14,14,2,2,18,4,0,16,16,16,16,16,16,16,16,0,17,18,2,2,2,2,2,2,2,2,18,18,18,2,2,2,2,2,2,2,2,2,2,2,2,2,2,2,2,2,18,17,17,17,0,0,0,0,0,17,17,17,0,0,16,16,0,17,0,0,16,16,0,4,14,14,7,7,7,7,7,7,14,18,4,17,17,0,16,16,16,16,16,16,16,16,16,16,16,16,16,16,16
16,16,16,16,16,16,16,16,16,16,17,17,17,17,17,0,16,16,16,16,0,17,17,4,6,18,6,14,7,7,7,7,7,7,7,7,7,7,18,4,0,16,0,17,17,18,2,2,2,2,2,2,2,2,2,2,2,2,18,6,17,17,0,0,16,16,16,16,16,16,16,16,16,16,16,16,16,16,16,16,16,16,16,16,16,16,16,16,16,16,16,16,17,0,0,0,17,0,16,16,16,16,0,0,17,4,18,4,18,14,2,2,2,2,2,2,2,2,2,2,2,2,2,2,2,2,2,2,2,2,2,2,18,18,18,18,14,2,2,2,2,2,2,2,2,2,2,2,2,2,2,2,2,2,2,2,2,14,14,2,2,18,4,17,17,16,16,16,16,16,16,16,0,17,18,18,2,2,2,2,2,2,18,17,17,4,6,14,2,2,2,2,2,2,2,2,2,2,18,14,18,2,2,2,18,17,17,17,17,17,17,0,0,0,17,0,16,16,16,0,0,16,16,16,0,4,14,7,7,7,7,7,7,7,7,14,4,17,16,16,16,16,16,16,16,16,16,16,16,16,16,16,16,16,16,16
16,16,16,16,16,16,16,16,16,16,16,16,16,16,16,16,16,16,16,16,16,17,17,17,17,4,4,18,7,7,7,7,7,7,7,7,7,7,18,17,0,16,16,0,17,4,18,2,2,2,2,2,2,2,2,2,2,18,17,17,17,0,16,16,16,16,16,16,16,16,16,16,16,16,16,16,16,16,16,16,16,16,16,16,16,16,16,16,16,16,16,16,17,17,17,17,4,14,17,17,17,0,0,0,4,6,18,18,14,2,2,2,2,2,2,2,2,2,2,2,2,2,2,2,2,2,2,2,2,2,2,14,18,17,17,17,17,17,17,18,2,2,2,2,18,17,17,17,4,18,2,2,2,2,2,2,2,14,18,18,18,18,17,17,17,17,16,16,16,16,16,16,0,17,4,4,2,2,2,2,2,18,17,0,0,0,17,0,18,2,2,18,18,17,17,17,18,17,17,0,17,18,18,18,14,14,17,17,18,17,17,16,16,16,16,16,16,16,16,16,16,16,16,0,4,14,7,7,7,7,7,7,7,7,7,4,0,16,16,16,16,16,16,16,16,16,16,16,16,16,16,16,16,16,16,16
16,16,16,16,16,16,16,16,16,16,16,16,16,16,16,16,16,16,16,16,0,17,17,17,17,17,17,17,4,18,7,7,7,7,7,7,7,14,18,17,0,16,16,16,0,4,18,14,18,2,2,2,2,2,2,2,2,18,17,0,16,16,16,16,16,16,16,16,16,16,16,16,16,16,16,16,16,16,16,16,16,16,16,16,16,16,16,16,16,16,16,16,17,17,18,4,18,7,7,7,4,17,0,4,4,7,7,14,2,2,2,2,2,2,2,2,2,2,2,2,2,2,2,2,2,2,2,2,2,2,2,4,17,17,0,0,0,0,17,18,14,14,18,18,17,17,0,16,0,17,6,17,18,2,2,2,2,2,14,18,17,18,17,17,0,16,16,16,16,16,16,17,17,17,17,6,2,2,2,2,2,2,4,0,0,16,16,0,17,17,18,18,0,17,0,17,17,17,17,17,17,17,17,4,4,14,14,14,18,4,17,16,16,16,16,16,16,16,16,16,16,0,0,17,18,7,7,7,7,7,7,7,7,7,4,17,16,16,16,16,16,16,16,16,16,16,16,16,16,16,16,16,16,16,16,16
16,16,16,16,16,16,16,16,16,16,16,16,16,16,16,16,16,16,16,16,0,0,0,17,17,17,17,17,4,18,7,7,7,7,7,7,7,4,17,0,16,16,16,16,0,17,17,4,17,6,18,2,2,2,2,2,18,4,0,0,16,0,0,16,0,16,16,16,16,16,16,16,16,16,16,16,16,16,16,16,16,16,16,16,16,16,16,16,16,16,16,16,17,18,14,14,7,7,7,7,18,4,4,14,7,7,7,7,14,2,2,2,2,2,2,2,2,2,2,2,2,2,2,2,2,2,2,2,2,2,18,17,17,0,0,0,0,0,17,4,18,18,17,0,0,0,16,16,16,16,0,17,4,18,4,18,2,2,13,17,16,16,0,0,16,16,16,16,16,16,17,17,4,4,13,18,2,2,2,2,2,2,18,17,0,16,16,0,0,16,16,16,16,16,0,17,17,17,17,17,0,0,0,16,0,4,13,17,18,4,16,16,16,16,16,16,16,16,16,17,17,4,4,6,14,7,7,7,7,7,7,7,7,4,17,0,16,16,16,16,16,16,16,16,16,16,16,16,16,16,16,16,16,16,16,16
16,16,16,16,16,16,16,16,16,16,16,16,16,16,16,16,16,16,16,16,16,0,17,0,0,17,0,0,17,17,6,18,7,7,7,7,7,4,17,16,16,16,16,16,16,0,17,17,17,6,18,2,2,2,2,2,18,17,0,17,0,0,17,17,17,16,16,16,16,16,16,16,16,16,16,16,16,16,16,16,16,16,16,16,16,16,16,16,16,16,16,0,17,17,18,7,7,7,7,7,7,14,7,7,7,7,7,7,7,18,2,2,2,2,2,2,2,2,2,2,2,2,2,2,2,2,2,2,2,2,18,17,0,0,17,17,0,0,0,17,17,17,17,0,0,0,16,16,16,16,16,0,17,17,0,17,18,2,17,16,16,16,16,16,16,16,16,16,16,16,16,4,18,14,14,7,7,7,4,4,2,7,7,18,0,17,4,17,16,16,16,16,16,16,0,17,17,17,17,0,0,16,16,16,16,17,17,17,17,0,16,16,16,16,16,16,16,16,16,17,6,14,7,7,7,7,7,7,7,7,7,7,4,17,0,16,16,16,16,16,16,16,16,16,16,16,16,16,16,16,16,16,16,16,16,16
16,16,16,16,16,16,16,16,16,16,16,16,16,16,16,16,16,16,16,16,16,0,17,0,0,17,0,0,0,0,17,4,14,7,7,7,7,7,13,17,16,16,16,16,16,0,0,0,17,17,6,2,2,2,2,2,18,17,17,17,17,0,17,17,17,17,16,16,16,16,16,16,16,16,16,16,16,16,16,16,16,16,16,16,16,16,16,16,16,16,16,16,0,17,7,7,7,7,7,7,7,7,7,7,7,7,7,7,7,7,7,14,2,2,2,2,2,2,2,2,2,2,2,2,2,2,2,2,2,2,18,18,17,0,17,4,4,17,0,0,17,17,4,4,0,0,17,0,16,16,16,16,16,0,16,16,4,4,0,16,16,16,16,16,16,16,16,16,16,16,16,4,18,7,7,7,7,7,4,4,7,7,7,7,7,7,14,4,0,16,16,16,16,16,17,17,17,0,0,0,0,16,16,16,16,17,17,16,16,16,16,16,16,16,16,16,16,16,16,17,18,7,7,7,7,7,7,7,7,7,7,7,4,4,0,16,16,16,16,16,16,16,16,16,16,16,16,16,16,16,16,16,16,16,16,16
16,16,16,16,16,16,16,16,16,16,16,16,16,16,16,16,16,16,16,16,0,17,17,0,16,16,0,0,0,17,4,4,7,7,7,7,7,7,14,17,16,16,16,16,16,16,16,0,17,6,2,2,2,2,2,2,2,18,18,17,17,18,18,6,17,17,16,16,16,16,16,16,16,16,16,16,16,16,16,16,16,16,16,16,16,16,16,16,16,16,16,0,17,4,7,7,7,7,7,7,7,7,7,7,7,7,7,7,7,7,7,18,2,2,2,2,2,2,2,2,2,2,2,2,2,2,2,18,2,18,6,17,0,0,0,18,14,4,17,4,17,6,14,6,17,0,17,17,16,16,16,16,16,16,16,16,16,16,16,16,16,16,16,16,16,16,16,16,16,16,17,4,18,14,2,7,2,7,7,7,7,7,7,7,7,7,7,18,4,4,17,17,16,16,16,16,16,17,16,16,16,16,16,16,16,16,16,16,16,16,16,16,16,16,16,16,16,16,17,4,6,18,7,7,7,7,7,7,7,7,7,7,7,4,17,17,0,16,16,16,16,16,16,16,16,16,16,16,16,16,16,16,16,16,16,16
16,16,16,16,16,16,16,16,16,16,16,16,16,16,16,16,16,16,16,16,16,17,17,16,16,16,0,17,17,6,6,14,7,7,7,7,7,18,4,17,16,16,16,16,16,16,17,4,6,18,2,2,2,2,2,2,2,2,2,18,18,14,14,18,6,17,0,0,16,16,16,16,16,16,16,16,16,16,16,16,16,16,16,16,16,16,16,16,16,16,0,17,13,14,7,7,7,7,7,7,7,7,7,7,7,7,7,7,7,7,7,14,4,4,18,18,2,2,2,2,2,2,2,2,18,18,18,4,18,14,18,17,0,0,4,2,2,2,2,2,2,2,2,13,17,17,0,17,16,16,16,16,16,16,16,16,16,16,16,16,16,16,16,16,16,16,16,16,16,16,16,0,4,14,14,2,7,7,7,7,7,7,7,7,7,7,7,7,7,10,14,18,0,16,16,16,16,16,16,16,16,16,16,16,16,16,16,16,16,16,16,16,16,16,16,16,16,16,0,17,17,6,7,7,7,7,7,7,7,7,7,7,7,7,17,17,17,0,16,16,16,16,16,16,16,16,16,16,16,16,16,16,16,16,16,16
16,16,16,16,16,16,16,16,16,16,16,16,16,16,16,16,16,16,16,16,16,0,17,16,16,16,0,17,4,14,7,7,7,7,7,7,7,18,17,17,16,16,16,16,16,17,4,14,2,2,2,2,2,2,2,2,2,2,2,2,2,2,2,18,13,17,17,17,16,16,16,16,16,16,16,16,16,16,16,16,16,16,16,16,16,16,16,16,16,16,16,17,17,7,7,7,7,7,7,7,7,7,7,7,7,7,7,7,7,7,18,18,4,17,4,4,2,2,2,2,2,2,2,2,18,17,17,17,17,4,17,17,0,0,17,4,14,2,2,2,2,2,14,4,17,17,0,17,17,16,16,16,16,16,16,16,16,16,16,16,16,16,16,16,16,16,16,16,16,16,16,16,16,17,4,18,14,7,7,7,7,7,7,18,7,7,18,14,7,14,14,14,4,17,16,16,16,16,16,16,16,16,16,16,16,16,16,16,16,16,16,16,16,16,16,16,16,16,16,17,17,4,14,7,14,7,7,7,7,7,7,7,7,7,4,17,17,17,0,16,16,16,16,16,16,16,16,16,16,16,16,16,16,16,16,16
16,16,16,16,16,16,16,16,16,16,16,16,16,16,16,16,16,16,16,16,16,16,16,16,16,16,0,17,13,14,7,7,7,18,7,7,6,17,16,16,16,16,16,16,16,17,18,14,18,2,2,2,2,2,6,18,2,2,2,2,2,2,2,18,4,17,17,17,16,16,16,16,16,16,16,16,16,16,16,16,16,16,16,16,16,16,16,16,16,16,16,17,4,7,7,7,7,7,7,7,7,7,7,7,7,7,7,7,7,18,17,17,17,17,17,6,18,18,2,2,2,2,2,2,6,17,0,16,16,17,0,16,16,16,17,17,4,2,2,2,2,2,18,17,17,17,16,16,16,16,16,16,16,16,16,16,16,16,16,16,16,16,16,16,16,16,16,16,16,16,16,16,16,0,17,18,14,18,7,7,7,7,18,4,6,7,4,6,6,17,18,18,6,4,4,16,16,16,16,16,16,16,16,16,16,16,16,16,16,16,16,16,16,16,16,16,16,16,16,16,16,0,17,4,4,14,18,7,7,7,7,18,4,4,17,17,17,0,16,16,16,16,16,16,16,16,16,16,16,16,16,16,16,16,16,16
16,16,16,16,16,16,16,16,16,16,16,16,16,16,16,16,16,16,16,16,16,16,16,16,16,16,16,17,4,18,7,7,7,6,17,4,17,16,16,16,16,16,16,16,16,17,17,17,6,10,2,2,18,6,17,6,18,17,13,2,2,2,2,18,4,17,17,17,17,16,16,16,16,16,16,16,16,16,16,16,16,16,16,16,16,16,16,16,16,16,17,17,4,7,18,6,14,7,7,7,7,7,7,7,7,7,7,7,7,4,0,0,0,0,17,17,17,4,13,18,2,2,2,2,2,17,0,16,16,16,16,16,16,16,0,17,4,6,2,2,2,2,18,17,17,17,16,16,16,16,16,16,16,16,16,16,16,16,16,16,16,16,16,16,16,16,16,16,16,16,16,16,16,16,16,0,17,17,14,7,7,18,18,4,17,4,17,0,17,17,4,13,13,4,4,0,16,16,16,16,16,16,16,16,16,16,16,16,16,16,16,16,16,16,16,16,16,16,16,16,16,16,16,16,17,17,17,18,7,7,18,4,17,17,16,16,0,16,16,16,16,16,16,16,16,16,16,16,16,16,16,16,16,16,16,16
16,16,16,16,16,16,16,16,16,16,16,16,16,16,16,16,16,16,16,16,16,16,16,16,16,16,16,0,4,18,14,14,18,17,17,16,16,16,16,16,16,16,16,16,16,0,0,0,17,4,18,18,17,17,17,0,17,17,17,2,2,18,18,17,17,17,17,17,0,16,16,16,16,16,16,16,16,16,16,16,16,16,16,16,16,16,16,16,16,16,16,0,17,4,17,17,17,17,7,7,7,7,18,18,7,7,7,7,14,17,0,16,16,16,0,16,16,16,4,18,2,2,2,2,14,17,16,16,16,16,16,16,16,16,17,17,4,2,2,2,2,2,2,2,4,17,16,16,16,16,16,16,16,16,16,16,16,16,16,16,16,16,16,16,16,16,16,16,16,16,16,16,16,16,16,16,16,17,14,7,18,17,0,0,17,16,16,0,16,16,16,4,4,4,4,16,16,16,16,16,16,16,16,16,16,16,16,16,16,16,16,16,16,16,16,16,16,16,16,16,16,16,16,16,16,16,16,17,18,18,4,17,17,0,16,16,16,16,16,16,16,16,16,16,16,16,16,16,16,16,16,16,16,16,16,16
16,16,16,16,16,16,16,16,16,16,16,16,16,16,16,16,16,16,16,16,16,16,16,16,16,16,16,17,4,4,4,4,17,17,0,16,16,16,16,16,16,16,16,16,16,16,16,16,17,17,17,17,16,16,0,17,0,17,17,18,18,17,0,16,0,17,0,0,16,16,16,16,16,16,16,16,16,16,16,16,16,16,16,16,16,16,16,16,16,16,16,16,16,16,16,16,17,4,7,7,7,7,18,17,17,6,7,7,14,17,0,16,16,16,16,16,16,16,4,4,18,2,14,6,4,17,16,16,16,16,16,16,16,16,0,6,2,2,2,2,2,2,2,2,18,17,0,16,16,16,16,16,16,16,16,16,16,16,16,16,16,16,16,16,16,16,16,16,16,16,16,16,16,16,16,16,17,17,18,18,13,17,0,16,16,16,16,16,16,16,16,16,0,16,16,16,16,16,16,16,16,16,16,16,16,16,16,16,16,16,16,16,16,16,16,16,16,16,16,16,16,16,16,16,16,16,16,17,17,17,16,16,16,16,16,16,16,16,16,16,16,16,16,16,16,16,16,16,16,16,16,16,16,16,16,16
16,16,16,16,16,16,16,16,16,16,16,16,16,16,16,16,16,16,16,16,16,16,16,16,16,16,16,16,16,17,17,17,16,16,16,16,16,16,16,16,16,16,16,16,16,16,16,16,16,17,16,16,16,16,0,0,16,16,17,17,17,0,16,16,16,16,16,0,16,16,16,16,16,16,16,16,16,16,16,16,16,16,16,16,16,16,16,16,16,16,16,16,16,16,16,16,17,6,14,7,18,17,17,16,17,17,14,14,4,17,17,16,16,16,16,16,16,16,17,17,13,4,17,17,0,16,16,16,16,16,16,16,16,16,17,17,2,2,14,18,18,18,17,17,17,17,16,16,16,16,16,16,16,16,16,16,16,16,16,16,16,16,16,16,16,16,16,16,16,16,16,16,16,16,16,16,16,16,4,4,4,17,16,16,16,16,16,16,16,16,16,16,16,16,16,16,16,16,16,16,16,16,16,16,16,16,16,16,16,16,16,16,16,16,16,16,16,16,16,16,16,16,16,16,16,16,16,16,16,16,16,16,16,16,16,16,16,16,16,16,16,16,16,16,16,16,16,16,16,16,16,16,16,16,16,16
16,16,16,16,16,16,16,16,16,16,16,16,16,16,16,16,16,16,16,16,16,16,16,16,16,16,16,16,16,16,16,16,16,16,16,16,16,16,16,16,16,16,16,16,16,16,16,16,16,16,16,16,16,16,16,16,16,16,0,0,0,16,16,16,16,16,16,16,16,16,16,16,16,16,16,16,16,16,16,16,16,16,16,16,16,16,16,16,16,16,16,16,16,16,16,16,0,0,17,17,17,17,16,16,16,17,17,17,17,0,16,16,16,16,16,16,16,16,17,17,17,17,0,0,16,16,16,16,16,16,16,16,16,16,16,17,18,17,18,17,16,16,16,16,16,16,16,16,16,16,16,16,16,16,16,16,16,16,16,16,16,16,16,16,16,16,16,16,16,16,16,16,16,16,16,16,16,16,16,16,16,16,16,16,16,16,16,16,16,16,16,16,16,16,16,16,16,16,16,16,16,16,16,16,16,16,16,16,16,16,16,16,16,16,16,16,16,16,16,16,16,16,16,16,16,16,16,16,16,16,16,16,16,16,16,16,16,16,16,16,16,16,16,16,16,16,16,16,16,16,16,16,16,16,16,16
16,16,16,16,16,16,16,16,16,16,16,16,16,16,16,16,16,16,16,16,16,16,16,16,16,16,16,16,16,16,16,16,16,16,16,16,16,16,16,16,16,16,16,16,16,16,16,16,16,16,16,16,16,16,16,16,16,16,16,16,16,16,16,16,16,16,16,16,16,16,16,16,16,16,16,16,16,16,16,16,16,16,16,16,16,16,16,16,16,16,16,16,16,16,16,16,16,16,0,0,16,16,16,16,16,16,16,16,16,16,16,16,16,16,16,16,16,16,16,16,16,16,16,16,16,16,16,16,16,16,16,16,16,16,16,16,16,17,17,0,16,16,16,16,16,16,16,16,16,16,16,16,16,16,16,16,16,16,16,16,16,16,16,16,16,16,16,16,16,16,16,16,16,16,16,16,16,16,16,16,16,16,16,16,16,16,16,16,16,16,16,16,16,16,16,16,16,16,16,16,16,16,16,16,16,16,16,16,16,16,16,16,16,16,16,16,16,16,16,16,16,16,16,16,16,16,16,16,16,16,16,16,16,16,16,16,16,16,16,16,16,16,16,16,16,16,16,16,16,16,16,16,16,16,16,16
16,16,16,16,16,16,16,16,16,16,16,16,16,16,16,16,16,16,16,16,16,16,16,16,16,16,16,16,16,16,16,16,16,16,16,16,16,16,16,16,16,16,16,16,16,16,16,16,16,16,16,16,16,16,16,16,16,16,16,16,16,16,16,16,16,16,16,16,16,16,16,16,16,16,16,16,16,16,16,16,16,16,16,16,16,16,16,16,16,16,16,16,16,16,16,16,16,16,16,16,16,16,16,16,16,16,16,16,16,16,16,16,16,16,16,16,16,16,16,16,16,16,16,16,16,16,16,16,16,16,16,16,16,16,16,16,16,16,16,16,16,16,16,16,16,16,16,16,16,16,16,16,16,16,16,16,16,16,16,16,16,16,16,16,16,16,16,16,16,16,16,16,16,16,16,16,16,16,16,16,16,16,16,16,16,16,16,16,16,16,16,16,16,16,16,16,16,16,16,16,16,16,16,16,16,16,16,16,16,16,16,16,16,16,16,16,16,16,16,16,16,16,16,16,16,16,16,16,16,16,16,16,16,16,16,16,16,16,16,16,16,16,16,16,16,16,16,16,16,16,16,16,16,16,16,16
16,16,16,16,16,16,16,16,16,16,16,16,16,16,16,16,16,16,16,16,16,16,16,16,16,16,16,16,16,16,16,16,16,16,16,16,16,16,16,16,16,16,16,16,16,16,16,16,16,16,16,16,16,16,16,16,16,16,16,16,16,16,16,16,16,16,16,16,16,16,16,16,16,16,16,16,16,16,16,16,16,16,16,16,16,16,16,16,16,16,16,16,16,16,16,16,16,16,16,16,16,16,16,16,16,16,16,16,16,16,16,16,16,16,16,16,16,16,16,16,16,16,16,16,16,16,16,16,16,16,16,16,16,16,16,16,16,16,16,16,16,16,16,16,16,16,16,16,16,16,16,16,16,16,16,16,16,16,16,16,16,16,16,16,16,16,16,16,16,16,16,16,16,16,16,16,16,16,16,16,16,16,16,16,16,16,16,16,16,16,16,16,16,16,16,16,16,16,16,16,16,16,16,16,16,16,16,16,16,16,16,16,16,16,16,16,16,16,16,16,16,16,16,16,16,16,16,16,16,16,16,16,16,16,16,16,16,16,16,16,16,16,16,16,16,16,16,16,16,16,16,16,16,16,16,16
16,16,16,16,16,16,16,16,16,16,16,16,16,16,16,16,16,16,16,16,16,16,16,16,16,16,16,16,16,16,16,16,16,16,16,16,16,16,16,16,16,16,16,16,16,16,16,16,16,16,16,16,16,16,16,16,16,16,16,16,16,16,16,16,16,16,16,16,16,16,16,16,16,16,16,16,16,16,16,16,16,16,16,16,16,16,16,16,16,16,16,16,16,16,16,16,16,16,16,16,16,16,16,16,16,16,16,16,16,16,16,16,16,16,16,16,16,16,16,16,16,16,16,16,16,16,16,16,16,16,16,16,16,16,16,16,16,16,16,16,16,16,16,16,16,16,16,16,16,16,16,16,16,16,16,16,16,16,16,16,16,16,16,16,16,16,16,16,16,16,16,16,16,16,16,16,16,16,16,16,16,16,16,16,16,16,16,16,16,16,16,16,16,16,16,16,16,16,16,16,16,16,16,16,16,16,16,16,16,16,16,16,16,16,16,16,16,16,16,16,16,16,16,16,16,16,16,16,16,16,16,16,16,16,16,16,16,16,16,16,16,16,16,16,16,16,16,16,16,16,16,16,16,16,16,16
16,16,16,16,16,16,16,16,16,16,16,16,16,16,16,16,16,16,16,16,16,16,16,16,16,16,16,16,16,16,16,16,16,16,16,16,16,16,16,16,16,16,16,16,16,16,16,16,16,16,16,16,16,16,16,16,16,16,16,16,16,16,16,16,16,16,16,16,16,16,16,16,16,16,16,16,16,16,16,16,16,16,16,16,16,16,16,16,16,16,16,16,16,16,16,16,16,16,16,16,16,16,16,16,16,16,16,16,16,16,16,16,16,16,16,16,16,16,16,16,16,16,16,16,16,16,16,16,16,16,16,16,16,16,16,16,16,16,16,16,16,16,16,16,16,16,16,16,16,16,16,16,16,16,16,16,16,16,16,16,16,16,16,16,16,16,16,16,16,16,16,16,16,16,16,16,16,16,16,16,16,16,16,16,16,16,16,16,16,16,16,16,16,16,16,16,16,16,16,16,16,16,16,16,16,16,16,16,16,16,16,16,16,16,16,16,16,16,16,16,16,16,16,16,16,16,16,16,16,16,16,16,16,16,16,16,16,16,16,16,16,16,16,16,16,16,16,16,16,16,16,16,16,16,16,16
