0,0,0,0,0,0,0,0,0,0,0,0,0,0,0,0,0,0,0,0,0,0,0,0,0,0,0,0,0,0,0,0,0,0,0,0,0,0,0,0,0,0,0,0,0,0,0,0,0,0,0,0,0,0,0,0,0,0,0,0,0,0,0,0,0,0,0,0,0,0,0,0,0,0,0,0,0,0,0,0,0,0,0,0,0,0,0,0,0,0,0,0,0,0,0,0,0,0,0,0,0,0,0,0,0,0,0,0,0,0,0,0,0,0,0,0,0,0,0,0,0,0,0,0,0,0,0,0,0,0,0,0,0,0,0,0,0,0,0,0,0,0,0,0,0,0,0,0,0,0,0,0,0,0,0,0,0,0,0,0,0,0,0,0,0,0,0,0,0,0,0,0,0,0,0,0,0,0,0,0,0,0,0,0,0,0,0,0,0,0,0,0,0,0,0,0,0,0,0,0,0,0,0,0,0,0,0,0,0,0,0,0,0,0,0,0,0,0,0,0,0,0,0,0,0,0,0,0,0,0,0,0,0,0,0,0,0,0,0,0,0,0,0,0,0,0,0,0,0,0,0,0,0,0,0,0
0,0,0,0,0,0,0,0,0,0,0,0,0,0,0,0,0,0,0,0,0,0,0,0,0,0,0,0,0,0,0,0,0,0,0,0,0,0,0,0,0,0,0,0,0,0,0,0,0,0,0,0,0,0,0,0,0,0,0,0,0,0,0,0,0,0,0,0,0,0,0,0,0,0,0,0,0,0,0,0,0,0,0,0,0,0,0,0,0,0,0,0,0,0,0,0,0,0,0,0,0,0,0,0,0,0,0,0,0,0,0,0,0,0,0,0,0,0,0,0,0,0,0,0,0,0,0,0,0,0,0,0,0,0,0,0,0,0,0,0,0,0,0,0,0,0,0,0,0,0,0,0,0,0,0,0,0,0,0,0,0,0,0,0,0,0,0,0,0,0,0,0,0,0,0,0,0,0,0,0,0,0,0,0,0,0,0,0,0,0,0,0,0,0,0,0,0,0,0,0,0,0,0,0,0,0,0,0,0,0,0,0,0,0,0,0,0,0,0,0,0,0,0,0,0,0,0,0,0,0,0,0,0,0,0,0,0,0,0,0,0,0,0,0,0,0,0,0,0,0,0,0,0,0,0,0
0,0,0,0,0,0,0,0,0,0,0,0,0,0,0,0,0,0,0,0,0,0,0,0,0,0,0,0,0,0,0,0,0,0,0,0,0,0,0,0,0,0,0,0,0,0,0,0,0,0,0,0,0,0,0,0,0,0,0,0,0,0,0,0,0,0,0,0,0,0,0,0,0,0,0,0,0,0,0,0,0,0,0,0,0,0,0,0,0,0,0,0,0,0,0,0,0,0,0,0,0,0,0,0,0,0,0,0,0,0,0,0,0,0,0,0,0,0,0,0,0,0,0,0,0,0,0,0,0,0,0,0,0,0,0,0,0,0,0,0,0,0,0,0,0,0,0,0,0,0,0,0,0,0,0,0,0,0,0,0,0,0,0,0,0,0,0,0,0,0,0,0,0,0,0,0,0,0,0,0,0,0,0,0,0,0,0,0,0,0,0,0,0,0,0,0,0,0,0,0,0,0,0,0,0,0,0,0,0,0,0,0,0,0,0,0,0,0,0,0,0,0,0,0,0,0,0,0,0,0,0,0,0,0,0,0,0,0,0,0,0,0,0,0,0,0,0,0,0,0,0,0,0,0,0,0
0,0,0,0,0,0,0,0,0,0,0,0,0,0,0,0,0,0,0,0,0,0,0,0,0,0,0,0,0,0,0,0,0,0,0,0,0,0,0,0,0,0,0,0,0,0,0,0,0,0,0,0,0,0,0,0,0,0,0,0,0,0,0,0,0,0,0,0,0,0,0,0,0,0,0,0,0,0,0,0,0,0,0,0,0,0,0,0,0,0,0,0,0,0,0,0,0,0,0,0,0,0,0,0,0,0,0,0,0,0,0,0,0,0,0,0,0,0,0,0,0,0,0,0,0,0,0,0,0,0,0,0,0,0,0,0,0,0,0,0,0,0,0,0,0,0,0,0,0,0,0,0,0,0,0,0,0,0,0,146,146,146,146,146,0,0,0,0,0,0,0,0,0,0,0,0,0,0,0,0,0,0,0,0,0,0,0,0,0,0,0,0,0,0,0,0,0,0,0,0,0,0,0,0,0,0,0,0,0,0,0,0,0,0,0,0,0,0,0,0,0,0,0,0,0,0,0,0,0,0,0,0,0,0,0,0,0,0,0,0,0,0,0,0,0,0,0,0,0,0,0,0,0,0,0,0
0,0,0,0,0,0,0,0,0,0,0,0,0,0,0,0,0,0,0,0,0,0,0,0,0,0,0,0,0,0,0,0,0,0,0,0,0,0,0,0,0,0,0,0,0,0,0,0,0,0,0,0,0,0,0,0,0,0,0,0,0,0,0,0,0,0,0,0,0,0,0,0,0,0,0,0,0,0,0,0,0,0,0,0,0,0,0,0,0,0,0,0,0,0,0,0,0,0,0,0,0,0,0,0,0,0,0,0,0,0,0,0,0,0,0,0,0,0,0,0,0,0,0,0,0,0,0,0,0,0,0,0,0,0,0,0,0,0,0,0,0,0,0,0,0,0,0,0,0,0,0,0,0,0,0,0,0,0,0,146,146,146,146,146,0,0,0,0,0,0,0,0,0,0,0,0,0,0,0,0,0,0,0,0,0,0,0,0,0,0,0,0,0,0,0,0,0,0,0,0,0,0,0,0,0,0,0,0,0,0,0,0,0,0,0,0,0,0,0,0,0,0,0,0,0,0,0,0,0,0,0,0,0,0,0,0,0,0,0,0,0,0,0,0,0,0,0,0,0,0,0,0,0,0,0,0
0,0,0,0,0,0,0,0,0,0,0,0,0,0,0,0,0,0,0,0,0,0,0,0,0,0,0,0,0,0,0,0,0,0,0,0,0,0,0,0,0,0,0,0,0,0,0,0,0,0,0,0,0,0,0,0,0,0,0,0,0,0,0,0,0,0,0,0,0,0,0,0,0,0,0,0,0,0,0,0,0,0,0,0,0,0,0,0,0,170,170,170,0,0,0,0,0,0,0,0,0,0,0,0,0,0,0,0,0,0,0,0,0,0,0,0,0,0,0,0,0,0,0,0,0,0,0,0,0,0,0,0,0,0,0,0,0,0,0,0,0,0,0,0,0,0,0,0,0,0,0,0,0,0,0,0,0,0,0,0,146,146,146,146,0,0,0,0,0,0,0,0,0,0,0,0,0,0,0,0,0,0,0,0,0,0,0,0,0,2,101,171,0,0,0,0,0,0,0,0,0,0,0,0,0,0,0,0,0,0,0,0,0,0,0,0,0,0,0,0,0,0,0,0,0,0,0,0,0,0,0,0,0,0,0,0,0,0,0,0,0,0,0,0,0,0,0,0,0,0,0,0,0,0,0,0
0,0,0,0,0,0,0,0,0,0,0,0,0,0,0,0,0,0,0,0,0,0,0,0,0,0,0,0,0,0,0,0,0,0,0,0,0,0,0,0,0,0,0,0,0,0,0,0,0,0,0,0,0,0,0,0,0,0,0,0,0,0,0,0,0,0,0,0,0,0,0,0,0,0,0,0,0,0,0,0,0,0,0,0,0,0,0,0,170,170,170,0,0,0,0,0,0,0,0,165,0,0,0,0,165,0,0,0,0,0,0,0,0,0,0,0,0,0,0,0,0,0,0,0,0,0,0,0,0,0,0,0,0,0,0,0,0,0,0,0,0,0,0,0,0,0,0,0,0,0,0,0,0,0,0,0,0,0,0,0,0,146,146,146,0,0,0,0,0,0,0,0,0,0,0,0,170,0,0,0,0,0,0,0,0,0,0,0,0,2,146,146,0,0,0,0,0,0,0,0,0,0,0,0,0,0,0,0,0,0,0,0,0,0,0,0,0,0,0,0,0,0,0,0,0,0,0,0,0,0,0,0,0,165,170,0,0,0,0,0,0,0,0,0,0,0,0,0,0,0,0,0,0,0,0,0
0,0,0,0,0,0,0,0,0,0,0,0,0,0,0,0,0,0,0,0,0,0,0,0,0,0,0,0,0,0,0,0,0,0,0,0,0,0,0,0,0,0,0,0,0,0,0,0,0,0,0,0,0,0,0,0,0,0,0,0,0,0,0,0,0,0,0,0,0,0,0,0,0,0,0,0,0,0,0,0,0,0,0,0,0,0,170,170,170,170,170,0,0,0,0,0,0,0,146,146,146,146,146,170,0,0,0,0,0,0,0,0,0,0,0,0,0,0,0,0,0,0,0,0,0,0,0,0,0,0,0,0,0,0,0,0,0,0,0,0,0,0,0,0,0,0,0,0,0,0,0,0,0,0,0,0,0,0,0,0,0,146,146,146,146,146,0,0,0,0,0,0,0,0,0,194,170,0,0,0,0,0,0,0,0,0,0,0,0,146,146,146,0,0,0,0,0,0,0,0,0,0,0,0,0,0,0,0,0,0,0,0,0,0,0,0,0,0,0,0,0,0,0,0,0,0,0,0,0,0,0,0,0,0,170,170,170,0,170,170,0,0,0,0,0,0,0,0,0,0,0,0,0,0,0,0
0,0,0,0,0,0,0,0,0,0,0,0,0,0,0,0,0,0,0,0,0,0,0,0,0,0,0,0,0,0,0,0,0,0,0,0,0,0,0,0,0,0,0,0,0,0,0,0,0,0,0,0,0,0,0,0,0,0,0,0,0,0,0,0,0,0,0,0,0,0,0,0,0,0,0,0,0,0,0,0,0,0,0,0,0,170,170,170,170,170,170,0,0,0,0,0,0,0,146,146,146,146,146,146,0,0,0,0,0,165,0,0,0,0,0,0,0,0,0,0,0,0,0,0,0,0,0,0,0,0,0,0,0,0,0,0,0,0,0,0,0,0,0,0,0,0,0,0,0,0,0,0,0,0,0,0,0,0,0,0,0,146,146,146,146,146,165,0,0,0,194,194,0,0,194,194,170,0,0,0,0,0,0,0,0,0,0,0,0,146,146,146,0,0,0,0,0,0,0,0,0,0,0,0,0,0,0,0,0,0,0,0,0,0,0,0,0,0,0,0,0,0,0,0,0,0,0,0,0,0,0,0,0,0,0,170,170,170,170,170,0,0,0,0,0,0,0,0,0,0,0,0,0,0,0,0
0,0,0,0,0,0,0,0,0,0,0,0,0,0,0,0,0,0,0,0,0,0,0,0,0,0,0,0,0,0,0,0,0,0,0,0,0,0,0,0,0,0,0,0,0,0,0,0,0,0,0,0,0,0,0,0,0,0,0,0,0,0,0,0,0,0,0,0,0,0,0,0,0,0,0,0,0,0,0,0,0,0,0,0,0,0,170,170,170,170,170,170,0,0,0,0,0,146,146,146,146,146,0,0,0,0,0,0,165,193,164,193,0,0,0,0,0,0,0,0,0,0,0,0,0,0,90,193,0,0,0,0,0,0,0,0,0,0,0,0,0,0,0,0,0,0,0,0,0,0,0,0,0,0,0,0,0,0,0,0,165,146,146,146,146,146,0,0,0,194,146,194,101,2,194,0,0,0,0,0,0,165,165,0,0,0,194,194,146,146,146,146,146,0,0,0,0,0,0,0,0,0,0,0,0,0,0,0,0,0,0,0,0,0,0,0,0,0,0,0,0,0,0,0,0,0,0,0,0,0,0,0,0,0,0,0,194,170,170,170,170,170,170,165,0,0,0,0,0,0,0,0,0,0,0,0
0,0,0,0,0,0,0,0,0,0,0,0,0,0,0,0,0,0,0,0,0,0,0,0,0,0,0,0,0,0,0,0,0,0,0,0,0,0,0,0,0,0,0,0,0,0,0,0,0,0,0,0,0,0,0,0,0,0,0,0,0,0,0,0,0,0,0,0,0,0,0,0,0,0,0,0,0,0,0,0,0,0,0,0,0,165,170,170,170,170,170,170,170,146,146,146,146,146,146,146,146,0,0,0,0,0,0,165,90,193,164,164,193,0,0,0,0,0,0,0,0,0,171,165,0,90,90,90,171,0,0,0,0,0,0,0,0,171,171,0,0,171,171,0,0,0,0,0,0,0,0,0,0,0,0,0,0,0,0,0,146,146,146,146,146,146,0,0,170,170,170,194,194,194,0,0,0,0,0,0,0,194,194,0,0,0,146,146,146,146,146,146,146,0,0,0,0,0,0,0,0,0,0,0,0,0,0,0,0,0,0,0,0,0,0,0,0,0,0,0,0,0,0,0,0,0,0,0,0,0,0,0,0,0,0,0,0,170,146,170,170,170,170,170,165,0,0,0,0,0,0,0,0,0,0,0
0,0,0,0,0,0,0,0,0,0,0,0,0,0,0,0,0,0,0,0,0,0,0,0,0,0,0,0,0,0,0,0,0,0,0,0,0,0,0,0,0,0,0,0,0,0,0,0,0,0,0,0,0,0,0,0,0,0,0,0,0,0,0,0,0,0,0,0,0,0,0,0,0,0,0,0,0,0,0,0,0,0,0,0,170,170,170,170,170,170,170,146,146,146,146,146,146,146,146,170,171,0,0,0,0,0,0,90,90,164,164,193,165,0,0,0,0,0,0,0,171,171,90,171,90,193,193,90,90,171,171,171,0,0,0,0,171,171,171,171,171,171,171,171,171,165,165,0,0,0,0,0,0,0,0,0,0,0,0,0,146,146,146,146,146,194,0,0,0,170,170,170,194,165,0,0,0,0,0,0,194,170,170,194,165,146,146,146,146,146,146,146,165,0,0,0,0,0,0,0,0,0,0,0,0,0,0,0,0,0,0,0,0,0,0,0,0,0,193,24,24,165,0,0,0,0,0,0,0,0,0,0,0,0,0,0,0,146,146,146,146,170,170,170,170,165,165,0,0,0,0,0,0,0,0,0
0,0,0,0,0,0,0,0,0,0,0,0,0,0,0,0,0,0,0,0,0,0,0,0,0,0,0,0,0,0,0,0,0,0,0,0,0,0,0,0,0,0,0,0,0,0,0,0,0,0,0,0,0,0,0,0,0,0,0,0,0,0,0,0,0,0,0,0,0,0,0,0,0,0,0,0,0,0,0,0,0,0,170,170,170,170,170,170,170,170,146,146,146,146,146,146,146,146,146,170,90,171,171,0,0,0,165,193,189,164,164,90,165,0,0,0,0,0,0,165,171,90,90,189,189,189,189,193,189,171,171,171,171,0,165,171,90,171,171,90,24,171,171,171,171,0,0,0,0,0,0,0,0,0,0,0,0,0,0,0,165,170,146,146,146,194,0,0,0,0,170,170,170,165,165,0,0,0,170,170,170,170,170,146,146,146,146,146,146,146,146,146,165,0,0,0,0,0,0,0,0,0,0,0,0,0,0,0,0,0,0,0,0,0,0,0,0,24,24,24,24,24,0,0,0,0,0,0,194,146,0,0,0,0,0,0,0,165,146,146,146,146,146,170,165,0,0,0,0,0,0,0,0,0,0,0
0,0,0,0,0,0,0,0,0,0,0,0,0,0,0,0,0,0,0,0,0,0,0,0,0,0,0,0,0,0,0,0,0,0,0,0,0,0,0,0,0,0,0,0,0,0,0,0,0,0,0,0,0,0,0,0,0,0,0,0,0,0,0,0,0,0,0,0,0,0,0,0,0,0,0,0,0,0,0,0,0,0,165,170,170,170,170,170,170,170,146,146,146,146,146,146,146,146,146,146,90,90,193,171,165,90,193,193,189,90,164,90,171,0,0,0,0,0,0,0,171,171,90,193,189,189,90,90,70,24,171,171,90,171,90,90,90,90,90,90,171,171,171,165,0,0,0,0,0,0,0,0,0,0,0,0,0,0,0,0,170,170,170,170,194,0,0,0,0,0,170,170,170,170,165,0,0,170,170,170,170,170,146,146,146,146,146,146,146,146,146,0,0,0,0,0,0,0,0,0,0,0,0,0,0,0,0,0,0,0,0,0,0,0,0,24,24,24,24,24,24,24,0,0,0,0,0,146,146,146,146,0,0,0,0,0,165,146,146,146,146,146,146,170,165,0,0,0,0,0,0,0,0,0,0,0
0,0,0,0,0,0,0,0,0,0,0,0,0,0,0,0,0,0,0,0,0,0,0,0,0,0,0,0,0,0,0,0,0,0,0,0,0,0,0,0,0,0,0,0,0,0,0,0,0,0,0,0,0,0,0,0,0,0,0,0,0,165,0,0,165,0,0,0,0,0,0,0,0,0,0,0,0,0,0,0,0,0,165,170,170,170,170,170,170,170,146,146,146,170,146,146,146,146,146,171,171,90,189,164,189,193,90,189,189,189,193,164,193,165,0,0,0,0,0,165,171,90,90,193,193,189,189,189,193,90,189,90,193,189,90,189,90,90,171,171,171,171,171,0,0,0,0,0,0,0,0,0,165,170,170,170,165,0,165,170,170,170,170,170,0,0,0,0,0,170,170,170,170,170,170,170,170,170,170,170,146,146,146,146,146,146,146,146,146,146,0,0,0,0,0,0,0,0,0,0,0,0,0,0,0,0,0,0,24,24,24,24,24,0,0,24,24,24,24,24,24,24,0,0,0,0,194,146,146,146,146,146,146,165,146,146,146,146,146,146,146,146,170,170,0,0,0,0,0,0,0,0,0,0,0,0
0,0,0,0,0,0,0,0,0,0,0,0,0,0,0,0,0,0,0,0,0,0,0,0,0,0,0,0,0,0,0,0,0,0,0,0,0,0,0,0,0,0,0,0,0,0,0,0,0,0,0,0,0,0,0,0,0,0,0,0,0,170,170,170,165,0,0,0,0,0,0,0,0,0,0,0,0,0,0,0,0,0,170,170,170,170,170,170,170,146,146,146,146,170,170,146,146,146,171,171,171,90,90,90,189,164,189,189,189,193,189,193,193,171,171,0,0,165,171,171,90,90,193,193,193,189,90,189,193,193,164,189,90,90,193,189,90,90,24,171,171,171,171,171,0,0,0,0,0,0,165,194,170,170,170,170,170,170,170,170,170,170,170,0,0,0,0,0,0,170,170,170,170,170,170,170,170,170,170,194,146,146,146,146,146,146,146,146,146,0,0,0,0,0,0,0,0,0,0,0,0,0,0,0,0,0,0,0,0,24,24,24,24,24,24,24,24,24,24,24,120,24,24,0,0,0,0,0,165,146,146,146,146,146,146,146,146,146,146,146,146,146,170,165,0,0,0,0,0,0,0,0,0,0,0,0
0,0,0,0,0,0,0,0,0,0,0,0,0,0,0,0,0,0,0,0,0,0,0,0,0,0,0,0,0,0,0,0,0,0,0,0,0,0,0,0,0,0,0,0,0,0,0,0,0,0,0,0,0,0,0,0,0,0,0,0,165,170,170,170,0,0,0,0,0,0,0,0,0,0,0,0,0,0,0,0,0,165,170,170,170,170,170,170,170,146,146,146,146,146,146,146,146,146,146,171,90,171,171,171,90,164,189,189,189,193,193,193,189,90,171,171,171,171,171,90,90,193,193,193,189,193,164,90,189,164,164,164,164,189,193,193,193,90,24,24,171,171,171,171,165,0,0,0,0,0,165,90,90,171,170,170,170,170,170,170,170,170,170,170,170,170,170,0,170,170,170,170,170,170,170,170,170,170,170,170,170,146,146,170,170,170,146,146,146,0,0,0,0,0,0,0,0,0,0,0,0,0,0,0,0,0,0,0,0,24,24,24,24,24,24,24,24,24,24,24,24,24,24,24,120,0,0,0,0,165,146,146,146,146,146,146,146,146,146,146,165,0,0,0,0,0,0,0,0,0,0,0,0,0,0,0
0,0,0,0,0,0,0,0,0,0,0,0,0,0,0,0,0,0,0,0,0,0,0,0,0,0,0,0,0,0,0,0,0,0,0,0,0,0,0,0,0,0,0,0,0,0,0,0,0,0,0,0,0,0,0,0,0,0,0,170,170,170,170,170,165,0,0,0,0,0,0,0,0,0,0,0,0,0,0,0,0,165,170,170,170,170,170,170,170,146,146,146,146,146,194,146,146,146,146,146,146,171,171,171,90,164,164,189,193,193,189,189,164,70,189,90,171,90,90,90,90,193,193,193,90,193,189,189,164,164,164,164,164,189,189,193,90,24,24,171,171,171,171,0,0,0,0,0,0,0,171,90,90,171,90,171,194,170,170,170,170,170,170,170,170,170,170,170,170,170,170,170,170,170,170,170,170,170,170,170,170,170,170,170,170,170,194,165,0,0,0,0,0,0,0,0,0,0,0,0,0,24,24,0,0,0,0,0,24,24,24,24,24,24,24,24,24,24,24,24,24,24,24,0,0,0,0,0,0,0,165,146,146,146,146,146,146,146,146,165,0,0,0,0,0,0,0,0,0,0,0,0,0,0,0,0
0,0,0,0,0,0,0,0,0,0,0,0,0,0,0,0,0,0,0,0,0,0,0,0,0,0,0,194,0,0,0,0,0,0,0,0,0,0,0,0,0,0,0,0,0,0,0,0,0,0,0,0,0,0,0,170,170,170,170,170,170,170,170,170,170,0,0,0,0,0,0,0,0,0,146,146,146,165,0,0,165,170,170,170,170,170,170,170,170,146,146,170,170,170,170,194,146,146,146,146,146,146,171,90,90,164,164,189,189,189,193,189,189,164,164,189,90,90,90,189,189,193,189,189,193,90,193,164,164,164,164,164,189,189,193,90,90,24,171,171,171,171,165,0,0,0,0,165,165,171,90,189,90,90,90,171,171,171,170,170,170,170,171,90,194,171,171,170,170,170,170,170,170,170,170,170,170,170,170,170,170,170,165,0,0,165,165,0,0,0,0,0,0,0,0,0,0,0,0,0,0,24,24,24,24,24,24,24,24,24,24,24,24,24,24,24,24,24,24,24,24,24,24,0,0,0,0,0,0,0,146,146,146,146,146,146,146,146,194,0,0,0,0,0,0,0,0,0,0,0,0,0,0,0,0,0
0,0,0,0,0,0,0,0,0,0,0,0,0,0,0,0,0,0,0,0,0,0,0,0,0,0,0,0,0,0,0,0,0,0,0,0,0,0,0,0,0,0,0,0,0,0,0,0,0,0,0,0,0,0,0,170,170,170,170,170,170,170,170,170,170,165,0,0,0,0,0,0,0,146,146,146,146,170,170,170,170,170,170,170,170,170,170,170,170,170,170,170,170,170,194,146,146,146,146,146,146,194,171,90,189,164,164,189,189,189,189,189,189,164,164,189,193,189,193,189,189,189,193,189,189,164,164,164,164,164,164,164,189,193,193,193,189,24,171,171,171,171,171,165,165,165,90,90,90,90,193,90,90,24,171,171,171,171,171,170,170,171,90,90,90,90,171,171,170,170,170,170,170,170,170,170,170,170,170,170,170,165,0,0,0,0,0,0,0,0,0,0,0,0,0,0,0,0,0,0,0,0,24,24,24,24,24,24,24,24,24,24,24,24,24,24,24,24,24,24,24,24,24,0,0,0,0,0,0,0,194,146,146,146,146,146,146,146,194,165,0,0,0,0,0,0,0,0,0,0,0,0,0,0,0,0
0,0,0,0,0,0,0,0,0,0,0,0,0,0,0,0,0,0,0,0,0,0,0,0,0,0,0,0,0,0,0,0,0,0,0,0,0,0,0,0,0,0,0,0,0,0,0,0,0,0,0,165,0,165,170,170,170,170,170,170,170,0,0,194,0,0,0,0,0,0,0,0,0,146,146,146,146,170,170,170,170,170,170,170,170,170,170,170,171,171,170,170,170,170,170,146,146,146,146,194,171,90,90,164,164,164,164,164,189,189,164,189,189,164,164,189,189,189,189,164,189,189,189,164,164,164,164,164,164,164,189,189,90,189,90,193,90,90,171,171,171,171,171,165,165,90,90,189,164,90,90,171,171,171,171,171,171,90,171,171,90,90,90,90,193,24,24,90,171,165,170,170,170,170,170,170,170,170,170,165,170,0,0,0,0,0,0,0,0,0,0,0,0,0,0,0,0,0,0,0,0,24,24,24,24,24,24,24,24,24,24,24,24,170,24,24,24,24,24,24,24,24,24,24,0,0,24,171,0,0,170,170,194,146,146,146,146,146,146,170,0,0,0,0,0,0,0,0,0,0,0,0,0,0,0,0
0,0,0,0,0,0,0,0,0,0,0,0,0,0,0,0,0,0,0,0,0,0,0,0,0,0,0,0,0,0,0,0,0,0,0,0,0,0,0,0,0,0,0,0,0,0,0,0,0,0,165,170,170,194,170,170,170,170,170,170,0,0,0,0,0,0,0,165,0,0,0,0,194,146,146,146,146,146,170,170,170,170,170,170,170,170,170,170,171,171,171,171,171,171,194,170,170,170,170,170,171,90,189,70,164,164,164,164,164,189,164,164,164,189,164,193,189,189,189,189,189,164,164,164,164,164,164,164,164,189,189,193,193,90,189,189,193,171,171,90,171,171,171,171,171,90,90,90,90,90,90,171,171,171,171,171,171,171,90,171,90,90,90,90,90,24,24,171,171,171,170,170,170,170,170,170,170,170,0,0,0,0,0,0,0,0,0,0,0,0,0,0,0,0,0,0,0,0,0,0,0,0,0,24,24,24,24,24,24,24,24,24,24,24,24,24,24,24,24,24,24,24,24,24,24,24,24,24,0,0,194,170,194,146,146,146,146,146,146,165,0,0,0,0,0,0,0,0,0,0,0,0,0,0,0,0
0,0,0,0,0,0,0,0,0,0,0,0,0,0,0,0,0,0,0,0,0,0,0,0,0,0,0,0,0,0,0,0,0,0,0,0,0,0,0,0,0,0,0,0,0,0,0,0,0,165,170,170,170,170,170,170,170,170,170,170,165,0,0,0,0,0,0,146,146,146,146,146,146,146,146,146,146,146,146,170,170,170,170,170,170,170,171,171,90,90,24,171,171,171,171,170,170,170,170,165,90,90,189,164,164,164,164,164,164,164,189,164,164,193,193,193,189,193,90,189,189,164,189,164,164,164,164,189,189,193,193,193,189,189,193,193,189,189,189,90,24,24,24,171,90,90,90,90,90,90,90,171,171,171,171,2,171,2,90,171,171,171,171,171,24,171,171,171,165,194,170,170,170,170,165,0,170,194,0,0,0,0,0,0,0,0,0,0,0,0,0,0,0,0,0,0,0,0,0,0,0,0,0,24,24,24,24,24,24,24,24,24,24,24,24,24,24,24,24,24,24,24,24,24,24,24,24,24,24,0,0,194,194,146,146,146,146,146,146,165,0,0,0,0,0,0,0,0,0,0,0,0,0,0,0,0
0,0,0,0,0,0,0,0,0,0,0,0,0,0,0,0,0,0,0,0,0,0,0,0,0,0,0,0,0,0,0,0,0,0,0,0,0,0,0,0,0,0,0,0,0,0,170,170,170,170,170,170,170,170,170,170,170,170,165,0,0,0,0,0,0,0,0,146,146,146,146,146,146,146,146,146,146,146,146,170,170,170,170,170,170,170,171,171,90,90,90,24,171,171,194,170,170,170,170,171,90,189,164,164,164,164,164,164,164,164,189,90,90,90,189,189,193,193,189,189,164,164,164,164,164,164,164,189,189,193,193,193,90,193,164,164,189,189,189,90,24,171,171,171,171,90,193,90,90,90,171,24,171,2,2,2,2,101,101,2,171,2,2,171,2,171,171,171,165,194,170,170,170,165,0,0,0,0,0,0,0,0,0,0,0,0,24,0,0,0,0,0,0,0,0,0,0,0,0,0,0,0,24,24,24,24,24,24,24,24,24,24,24,24,24,24,24,24,24,24,24,24,24,24,24,24,24,24,24,0,0,194,146,146,146,146,146,146,146,165,165,0,0,0,0,0,0,0,0,0,0,0,0,0,0,0
0,0,0,0,0,0,0,0,0,0,0,0,0,0,0,0,0,0,0,0,0,0,0,0,0,0,0,0,0,0,0,0,0,0,0,0,0,0,0,0,0,0,0,0,0,170,170,170,170,170,170,170,170,170,170,170,170,170,0,0,0,0,0,0,0,0,146,146,146,146,146,146,146,146,146,146,170,170,170,170,170,170,170,171,171,171,171,90,90,90,24,24,171,171,171,171,171,90,171,90,189,164,164,164,164,164,189,189,189,193,90,189,90,90,90,193,193,189,193,189,164,164,164,164,164,164,164,189,189,189,193,193,189,164,189,189,90,90,70,70,90,171,171,171,90,171,90,90,90,90,90,90,171,171,101,101,101,2,2,2,2,2,2,171,2,171,171,165,194,170,170,0,0,0,0,0,0,0,0,0,0,0,0,0,171,24,24,171,0,0,0,0,0,0,0,0,0,24,0,0,0,24,24,24,24,24,24,24,24,24,24,24,24,24,24,24,24,24,24,24,24,24,24,24,24,24,24,24,0,0,194,194,146,146,146,146,146,146,146,146,165,0,0,0,0,0,0,0,0,0,0,0,0,0,0,0
0,0,0,0,0,0,0,0,0,0,0,0,0,0,0,0,0,0,0,0,0,0,0,0,0,0,0,0,0,0,0,0,0,0,0,0,0,0,0,0,0,0,0,0,0,170,170,170,170,170,170,170,170,170,170,170,170,170,0,0,0,0,0,194,146,146,146,146,146,146,146,146,146,146,146,146,170,170,170,170,170,170,171,171,90,90,90,90,189,90,90,24,171,171,90,171,90,90,90,189,193,193,164,164,164,164,164,189,189,189,90,90,189,189,90,189,90,193,193,189,164,164,164,164,164,164,164,164,189,189,193,193,164,164,189,90,90,90,70,189,24,90,90,171,171,171,171,90,2,2,171,171,171,171,171,2,2,2,2,2,2,2,2,2,101,165,165,165,194,170,0,0,0,0,0,0,0,0,0,0,0,0,0,0,0,24,24,24,0,0,0,0,0,0,2,171,24,24,24,24,24,24,24,24,24,24,24,24,24,24,2,24,24,24,24,24,24,24,24,24,24,24,24,24,24,24,24,0,0,0,170,170,170,146,146,146,146,146,146,146,194,165,0,165,0,0,0,0,0,0,0,0,0,0,0,0
0,0,0,0,0,0,0,0,0,0,0,0,0,0,0,0,0,0,0,0,0,0,0,0,0,0,0,0,0,0,0,0,0,0,0,0,0,0,0,0,0,0,0,165,170,170,170,170,170,170,170,170,170,170,170,170,170,170,165,0,0,0,165,146,146,146,146,146,146,146,146,146,146,146,170,170,170,170,170,170,194,171,171,171,171,90,90,189,189,189,189,171,171,171,90,90,90,90,90,189,189,164,164,164,164,164,164,164,189,193,90,193,193,90,189,189,189,189,164,164,164,164,164,164,164,164,164,189,189,189,189,193,193,193,189,90,90,90,24,171,90,90,189,171,171,171,2,2,2,2,2,2,2,171,101,2,2,2,2,101,2,2,2,2,101,165,194,194,194,165,165,0,0,0,0,0,0,0,0,0,0,0,0,0,0,24,24,24,0,0,0,0,0,0,2,24,24,24,24,24,24,24,24,24,24,24,24,24,24,2,24,24,24,24,24,24,24,24,24,24,24,24,24,24,24,24,24,24,24,24,170,170,170,170,146,146,146,146,146,170,170,170,170,170,165,0,0,0,0,0,0,0,0,0,0,0
0,0,0,0,0,0,0,0,0,0,0,0,0,0,0,0,0,0,0,0,0,0,0,0,0,0,0,0,0,0,0,0,0,0,0,0,0,0,0,0,0,0,0,170,170,170,170,170,170,170,170,170,170,0,0,165,170,170,0,146,146,146,146,146,146,146,146,146,146,146,146,146,146,146,170,170,170,170,170,170,194,171,171,171,171,171,90,189,189,189,90,90,171,90,164,90,90,193,90,189,164,164,164,164,164,164,164,164,189,189,189,193,193,193,189,189,189,164,164,164,164,164,164,164,164,164,193,189,90,189,189,193,193,193,90,193,90,90,171,2,24,171,171,90,171,2,2,2,2,101,2,2,2,2,2,2,2,2,2,101,2,2,2,2,165,194,194,194,194,0,0,0,0,0,0,0,0,0,0,0,0,0,0,0,0,24,24,0,0,0,0,0,0,0,24,24,24,24,24,24,24,24,24,24,24,24,24,24,24,2,24,24,24,24,24,24,24,2,24,24,24,24,24,24,24,24,24,24,24,0,0,170,170,146,146,146,170,146,146,170,170,170,170,170,165,0,0,0,0,0,0,0,0,0,0,0
0,0,0,0,0,0,0,0,0,0,0,0,0,0,0,0,0,0,0,0,0,0,0,0,0,0,0,0,0,0,0,0,0,0,0,0,0,0,0,0,0,0,0,170,170,170,170,170,170,170,170,170,170,0,0,0,170,165,0,146,146,146,146,146,146,146,146,146,146,146,146,146,146,170,170,170,170,170,170,170,171,171,2,171,171,171,90,189,189,189,189,189,189,189,189,189,189,189,193,164,164,164,164,164,164,164,164,164,189,189,189,90,193,193,90,193,164,164,164,164,164,164,164,164,164,189,189,193,164,189,189,189,189,193,189,193,193,90,24,2,2,2,171,171,171,171,2,2,2,101,2,101,2,101,2,2,2,2,2,2,101,101,101,2,2,165,194,194,165,0,0,0,0,0,0,0,0,0,0,0,0,0,0,171,24,24,165,0,0,0,0,0,0,0,24,24,24,24,24,24,24,24,24,24,24,24,24,24,24,24,24,24,24,24,24,24,24,2,24,24,24,24,24,24,24,24,24,24,170,170,170,170,170,170,170,170,170,170,170,170,170,170,170,170,165,0,0,0,0,0,0,0,0,0,0,0
0,0,0,0,0,0,0,0,0,0,0,0,0,0,0,0,0,0,0,0,0,0,0,0,0,0,0,0,0,0,0,0,0,0,0,0,0,0,0,0,0,0,0,170,170,170,170,170,170,170,170,170,165,0,0,0,0,0,0,146,146,146,146,146,146,146,146,146,146,146,146,146,146,146,170,170,170,170,170,170,170,146,101,171,171,171,171,90,164,164,193,189,189,189,164,189,193,193,164,164,164,164,164,164,164,164,164,164,189,189,189,189,193,193,193,189,164,164,164,164,164,164,164,164,164,164,189,189,189,193,189,189,189,189,189,193,193,90,2,2,2,2,2,2,2,2,101,101,101,171,101,101,101,101,2,101,2,2,2,2,2,2,101,2,2,2,165,194,194,0,0,0,0,0,0,0,0,0,24,24,24,0,120,24,24,24,0,0,0,24,24,24,0,0,24,24,24,24,24,24,24,24,24,24,24,24,24,2,2,2,24,24,24,24,24,24,24,170,2,24,24,24,24,24,24,24,24,24,24,24,170,170,170,170,170,170,170,170,170,170,170,170,170,170,165,165,0,0,0,0,0,0,0,0,0,0
0,0,0,0,0,0,0,0,0,0,0,0,0,0,0,0,0,0,0,0,0,0,0,0,0,0,0,0,0,0,0,0,0,0,0,0,0,0,0,0,0,0,170,170,170,170,170,170,170,170,170,170,0,0,0,0,0,0,146,146,146,146,146,146,146,146,146,146,146,146,146,146,146,146,170,170,170,170,170,170,170,170,194,171,171,171,90,90,164,164,189,189,189,193,164,189,189,164,164,164,164,164,164,164,164,164,164,189,189,189,189,189,189,189,193,193,164,164,164,164,164,164,164,164,189,164,164,164,189,193,189,189,189,189,90,193,193,90,171,2,2,2,2,2,2,2,101,0,0,0,0,101,101,2,101,101,2,2,165,171,101,101,2,2,2,2,101,194,194,0,0,0,0,0,0,0,0,171,24,24,24,0,171,24,24,24,24,24,0,0,24,24,0,0,24,24,24,24,24,24,24,24,24,24,24,24,24,24,24,24,24,24,24,24,24,24,24,170,170,170,2,170,2,24,24,24,24,24,24,24,170,170,170,170,170,170,170,170,170,170,170,170,170,165,0,0,0,0,0,0,0,0,0,0,0,0
0,0,0,0,0,0,0,0,0,0,0,0,0,0,0,0,0,0,0,0,0,0,0,0,0,0,0,0,0,0,0,0,0,0,0,0,0,0,0,165,170,170,170,170,170,170,170,170,170,170,170,170,165,0,0,0,0,0,0,146,146,146,146,146,146,146,146,146,146,146,146,146,170,170,170,170,170,170,170,170,170,194,171,171,171,90,90,189,164,164,189,189,189,193,189,189,164,164,164,164,164,164,164,164,164,164,189,189,189,189,189,189,189,189,193,193,164,164,164,164,189,164,189,189,193,189,189,189,189,90,189,189,189,189,189,90,90,90,171,171,2,2,2,2,2,2,171,0,0,0,0,171,101,171,171,165,171,0,0,0,165,2,101,101,2,2,2,194,194,0,0,0,0,0,0,0,0,165,24,24,0,0,24,24,24,24,24,24,24,0,24,24,24,24,24,24,24,24,24,24,24,24,24,24,24,24,24,24,24,24,24,24,24,24,24,24,24,24,24,24,24,170,24,24,24,24,24,24,24,24,24,24,170,170,170,170,170,170,170,170,170,170,165,0,0,0,0,0,0,0,0,0,0,0,0,0
0,0,0,0,0,0,0,0,0,0,0,0,0,0,0,0,0,0,0,0,0,0,0,0,0,0,0,0,0,0,0,0,0,0,0,0,0,0,194,170,170,170,170,170,170,170,170,170,170,170,170,170,170,165,165,165,0,0,0,146,146,146,146,146,146,146,146,146,146,146,146,146,170,170,170,170,170,170,170,171,171,171,171,171,90,189,189,193,193,164,189,189,189,193,164,164,164,164,164,164,164,164,164,164,164,189,189,90,189,189,90,193,193,189,164,164,164,164,164,164,189,189,189,189,193,193,189,189,189,90,90,189,189,90,90,90,189,90,171,171,171,2,2,2,171,171,165,0,0,0,0,0,171,171,0,0,0,0,0,0,171,101,101,2,2,2,2,194,194,0,0,0,0,0,0,0,0,0,171,24,2,2,24,24,24,24,24,24,24,24,24,24,24,24,24,24,24,2,24,24,24,24,24,24,24,24,24,2,24,24,24,24,24,24,24,24,24,24,24,24,24,24,24,24,24,24,24,24,24,24,170,170,170,170,170,170,170,170,170,170,170,170,165,0,0,0,0,0,0,0,0,0,0,0,0,0
0,0,0,0,0,0,0,0,0,0,0,0,0,0,0,0,0,0,0,0,0,0,0,0,0,0,0,0,0,0,0,0,0,0,0,0,0,194,170,170,170,170,170,170,170,170,170,170,170,170,170,170,170,170,170,170,165,146,146,146,146,146,146,146,146,146,146,146,146,146,146,146,170,170,170,170,170,170,101,101,101,101,171,171,189,189,189,193,193,189,189,164,164,164,164,164,164,164,164,164,164,164,164,164,189,189,189,189,90,193,193,193,193,164,164,164,164,164,164,189,90,171,90,90,171,171,90,193,189,90,189,189,189,189,90,90,90,193,90,90,90,171,2,171,165,0,0,0,0,0,0,165,171,165,0,0,0,0,0,0,0,0,165,101,2,2,194,165,165,0,0,0,0,0,0,0,0,0,0,24,24,24,24,24,24,24,24,24,24,24,24,24,24,24,24,24,24,24,24,24,24,24,24,24,24,24,24,24,2,24,24,24,24,24,24,24,24,24,24,24,24,24,24,24,24,24,170,24,170,170,170,170,170,170,170,170,170,170,170,170,170,0,0,0,0,0,0,0,0,0,0,0,0,0,0,0
0,0,0,0,0,0,0,0,0,0,0,0,0,0,0,0,0,0,0,0,0,0,0,0,0,0,0,0,0,0,0,0,0,0,0,0,0,194,170,165,170,170,170,170,170,170,170,170,170,170,170,170,170,170,170,170,146,146,146,146,146,146,146,146,146,146,146,146,170,170,170,170,170,170,170,170,170,170,170,101,101,171,171,171,90,189,90,90,90,90,193,193,164,164,164,164,164,164,164,164,164,164,189,193,189,90,189,90,193,193,193,189,193,164,164,164,164,164,164,164,171,101,101,101,2,171,171,90,90,90,189,90,193,189,189,189,189,90,164,24,2,2,171,171,0,0,0,0,0,0,0,0,0,0,0,0,0,0,0,0,0,0,0,165,101,194,194,171,165,0,0,0,0,0,0,0,0,0,0,165,24,24,24,24,24,24,24,24,24,24,24,24,24,24,24,24,24,24,24,24,24,24,24,24,24,24,24,24,170,2,24,24,24,24,24,24,24,24,24,24,24,24,24,24,24,170,170,170,170,170,170,170,170,170,170,170,170,170,170,170,165,0,0,0,0,0,0,0,0,0,0,0,0,0,0,0
0,0,0,0,0,0,0,0,0,0,0,0,0,0,0,0,0,0,0,0,0,0,0,0,0,0,0,0,0,0,0,0,0,0,0,0,0,0,0,0,0,165,170,170,170,170,170,170,170,170,170,170,170,170,170,170,146,146,146,146,146,146,146,146,146,146,146,170,194,171,170,194,90,171,171,170,170,170,170,170,194,101,2,171,90,90,189,171,171,90,189,193,164,164,164,164,164,164,164,164,164,164,193,193,189,193,90,193,193,193,189,164,164,164,164,164,164,164,164,164,90,90,101,2,2,101,171,171,90,90,90,189,90,90,189,193,189,70,24,24,2,2,2,2,0,0,0,0,0,0,0,0,0,0,0,165,165,0,0,0,0,0,0,0,165,101,171,171,165,0,0,0,0,0,0,0,0,0,0,2,24,24,24,24,24,24,24,24,24,24,24,24,24,24,24,24,24,24,24,24,24,24,24,24,24,24,24,170,170,24,24,24,24,24,24,24,24,24,24,24,24,24,170,170,170,170,170,170,170,170,170,170,170,170,170,170,170,170,170,170,0,0,0,0,0,0,0,0,0,0,0,0,0,0,0,0
0,0,0,0,0,0,0,0,0,0,0,0,0,0,0,0,0,0,0,0,0,0,0,0,0,0,0,0,0,0,0,0,0,0,0,0,0,0,0,0,0,0,170,170,170,170,170,170,170,170,170,170,170,170,170,170,170,146,146,146,146,146,146,146,146,146,170,171,90,90,90,90,193,171,171,171,170,170,170,170,101,2,2,101,171,171,90,171,101,189,189,164,164,164,164,164,164,164,164,189,189,164,189,90,193,193,189,193,90,90,189,164,164,164,164,164,164,164,189,193,2,2,2,2,101,101,171,171,171,90,90,171,171,171,90,90,90,24,171,2,2,2,101,101,165,165,0,0,0,0,0,0,0,0,165,170,170,165,0,0,0,0,0,0,0,0,165,0,0,0,0,0,0,0,0,0,0,0,165,2,24,24,24,24,24,24,24,24,24,24,24,24,24,24,24,24,24,24,24,24,24,24,24,24,170,24,170,24,170,170,24,24,24,24,24,24,24,24,24,24,24,170,170,170,170,170,170,170,170,24,170,170,170,170,170,170,170,170,165,0,0,0,0,0,0,0,0,0,0,0,0,0,0,0,0,0
0,0,0,0,0,0,0,0,0,0,0,0,0,0,0,0,0,0,0,0,0,0,0,0,0,0,0,0,0,0,0,0,0,0,0,0,0,0,0,0,0,0,170,170,170,170,170,170,170,170,170,170,170,170,170,170,170,146,146,146,146,146,146,146,146,146,170,171,90,90,189,90,90,90,171,171,194,170,170,194,2,101,101,101,2,2,101,101,90,90,164,164,164,164,164,164,164,164,189,189,189,90,90,193,193,193,193,90,90,189,193,70,164,164,164,164,164,164,189,171,2,2,2,101,101,2,2,2,2,2,171,171,2,101,171,171,171,24,2,2,2,2,146,146,146,165,0,0,0,0,0,0,165,170,170,170,170,170,0,0,0,0,0,0,0,0,0,0,0,0,0,0,0,0,0,0,0,0,0,0,2,24,24,24,24,24,24,24,24,24,24,24,24,24,24,24,24,24,24,24,24,24,24,170,24,24,24,24,24,170,24,24,24,24,24,24,24,24,24,24,24,24,24,170,170,170,170,24,24,24,24,24,170,170,170,170,170,170,165,0,0,0,0,0,0,0,0,0,0,0,0,0,0,0,0,0
0,0,0,0,0,0,0,0,0,0,0,0,0,0,0,0,0,0,0,0,0,0,0,0,0,0,0,0,0,0,0,0,0,0,0,0,0,0,0,0,0,0,165,170,170,170,170,170,194,170,170,170,170,170,170,170,170,146,146,146,146,146,146,146,170,170,194,171,90,189,189,171,24,24,171,171,170,170,170,170,170,101,2,101,101,2,101,90,90,90,164,164,164,164,164,164,164,193,189,189,164,189,193,193,193,193,189,193,189,193,164,164,164,164,164,164,164,189,189,90,2,2,2,101,2,2,2,2,101,2,2,2,101,101,2,2,171,171,2,2,101,2,146,146,146,146,194,165,0,0,0,0,165,170,170,170,170,170,0,0,0,0,0,0,0,0,0,0,0,0,0,0,0,0,0,0,0,0,0,0,0,24,24,2,2,24,24,24,24,24,24,24,24,24,24,24,24,24,24,24,24,170,170,2,24,24,24,24,24,170,2,24,24,24,24,24,24,24,24,24,24,24,24,170,170,170,24,24,24,24,24,24,170,170,170,170,165,0,0,0,0,0,0,0,0,0,0,0,0,0,0,0,0,0,0,0
0,0,0,0,0,0,0,0,0,0,0,0,0,0,0,0,0,0,0,0,0,0,0,0,0,0,0,0,0,0,0,0,0,0,0,0,0,0,0,0,0,0,0,0,170,170,170,170,194,171,165,170,170,170,170,146,146,146,146,146,146,146,146,170,170,194,90,164,90,90,90,171,24,24,171,170,170,170,170,170,170,170,170,101,101,101,90,171,90,189,164,164,164,164,164,164,164,193,189,189,193,193,189,90,189,193,193,193,193,189,164,164,164,164,164,164,164,189,90,171,2,2,2,101,2,2,2,2,2,2,2,2,101,2,2,2,171,171,171,146,146,146,146,146,146,146,146,146,165,146,146,165,170,170,170,170,170,165,0,0,0,0,0,0,0,0,0,0,0,0,0,0,0,0,0,0,0,0,0,0,0,0,0,0,2,24,24,24,24,24,24,24,24,24,24,24,24,24,24,24,24,24,24,24,24,24,24,24,24,170,170,24,24,24,24,24,24,24,24,24,24,24,24,24,24,24,24,24,24,24,24,170,170,170,170,170,0,0,0,0,0,0,0,0,0,0,0,0,0,0,0,0,0,0,0,0
0,0,0,0,0,0,0,0,0,0,0,0,0,0,0,0,0,0,0,0,0,0,0,0,0,0,0,0,0,0,0,0,0,0,0,0,0,0,0,0,0,0,0,0,170,170,170,170,194,171,171,165,170,170,170,170,146,146,146,146,146,146,170,194,171,90,90,90,90,171,171,171,171,171,170,170,170,170,170,170,170,170,170,171,90,90,90,90,189,164,164,164,164,164,164,164,164,189,90,90,90,90,90,193,189,193,193,189,193,90,189,164,164,164,164,164,189,90,171,2,2,2,101,2,2,194,101,2,101,2,2,2,101,2,2,101,171,171,171,146,146,146,146,146,146,146,146,146,146,146,146,170,170,170,170,170,170,170,165,0,0,0,0,0,0,0,0,0,0,0,0,0,0,0,0,0,0,0,0,0,0,0,0,0,24,24,24,24,24,24,24,24,24,24,24,24,24,24,24,24,170,24,24,24,24,24,24,24,24,170,170,24,24,24,24,24,24,24,24,24,24,24,24,24,24,24,24,24,24,24,24,24,170,170,170,170,170,0,0,0,0,0,0,0,0,0,0,0,0,0,0,0,0,0,0,0
0,0,0,0,0,0,0,0,0,0,0,0,0,0,0,0,0,0,0,0,0,0,0,0,0,0,0,0,0,0,0,0,0,0,0,0,0,0,0,0,0,0,0,0,165,165,170,170,165,171,171,171,194,194,194,194,194,146,146,146,146,146,194,171,90,90,90,90,90,171,171,171,2,171,171,170,170,170,170,170,170,170,170,171,90,90,90,90,164,164,164,164,90,171,193,189,90,90,90,90,90,90,90,90,90,193,164,164,90,90,189,164,164,189,164,164,189,90,171,2,2,2,101,2,2,101,165,165,101,2,101,101,101,101,101,2,101,2,171,171,146,146,146,146,146,146,146,146,146,146,146,146,170,170,170,170,170,170,170,170,194,0,0,0,0,0,0,0,0,0,0,0,0,0,0,0,0,0,0,0,0,0,171,24,24,24,24,24,24,24,24,24,24,24,24,24,24,24,24,24,24,24,24,24,24,24,24,24,170,170,24,170,2,24,24,24,24,24,24,24,24,24,24,24,24,24,24,24,24,24,24,24,24,24,170,170,194,165,0,0,0,0,0,0,0,0,0,0,0,0,0,0,0,0,0,0
0,0,0,0,0,0,0,0,0,0,0,0,0,0,0,0,0,0,0,0,0,0,0,0,0,0,0,0,0,0,0,0,0,0,0,0,0,0,0,0,0,0,0,0,0,165,170,170,165,165,171,2,171,171,171,171,171,170,170,146,146,170,170,171,171,171,171,90,90,171,171,171,171,2,171,170,170,170,170,170,170,170,171,90,90,90,189,189,164,164,164,164,90,171,171,171,171,171,171,90,171,171,90,90,90,90,90,90,171,171,24,189,189,189,164,164,189,90,90,2,2,2,101,101,101,171,165,165,165,101,165,101,101,101,101,101,2,2,171,171,146,146,146,194,146,146,146,146,146,146,146,170,170,170,170,170,170,170,170,170,170,165,0,0,0,0,0,0,0,0,0,0,0,0,0,0,0,0,0,0,0,0,24,24,24,24,24,24,24,24,24,24,24,24,24,24,24,24,24,2,24,24,24,24,24,24,24,24,24,2,2,2,170,24,2,24,24,24,24,24,24,24,24,24,24,24,24,24,24,24,24,24,24,24,24,24,24,194,194,170,170,165,0,0,0,0,0,0,0,0,0,0,0,0,0,0
0,0,0,0,0,0,0,0,0,0,0,0,0,0,0,0,0,0,0,0,0,0,0,0,0,0,0,0,0,0,0,0,0,0,0,0,0,0,0,0,0,0,0,0,0,170,170,170,170,170,165,101,101,101,171,171,171,170,170,170,170,170,170,101,101,101,2,90,171,171,2,171,171,194,194,194,171,90,171,171,90,90,90,90,189,90,164,164,164,70,164,90,171,2,2,2,2,2,171,171,2,2,2,171,90,90,171,2,2,171,2,90,90,90,90,90,189,24,171,171,2,2,101,101,165,0,0,0,0,0,0,165,101,101,101,101,2,2,171,171,146,146,146,146,146,146,146,146,146,146,170,170,170,170,170,170,170,170,170,170,165,0,0,0,0,0,0,0,0,0,0,0,0,0,0,0,0,0,0,0,0,165,24,24,24,24,24,24,24,24,24,24,24,24,24,24,24,2,24,24,24,24,24,24,24,24,24,24,2,2,2,24,24,24,24,24,24,24,2,24,24,24,24,24,24,24,24,24,24,24,24,24,24,24,24,24,24,24,24,170,170,170,165,0,0,0,0,0,0,0,0,0,0,0,0,0
0,0,0,0,0,0,0,0,0,0,0,0,0,0,0,0,0,0,0,0,0,0,0,0,0,0,0,0,0,0,0,0,0,0,0,0,0,0,0,0,0,0,0,0,0,165,170,170,170,170,165,101,101,101,2,2,2,170,170,170,170,170,101,101,101,101,171,101,2,2,171,171,171,171,90,90,90,189,90,90,90,90,193,193,189,189,164,164,164,24,24,90,171,2,2,2,2,2,2,2,101,2,101,2,2,101,101,2,101,2,101,101,171,171,101,90,90,24,171,90,171,2,2,101,171,0,0,0,0,0,0,0,101,101,101,101,2,2,2,171,171,146,146,146,146,146,146,170,170,170,170,170,170,170,170,170,170,170,170,170,165,0,0,0,0,0,0,0,0,0,0,0,0,0,0,0,0,0,165,2,165,24,24,24,24,24,24,24,24,24,24,24,24,24,24,24,24,24,24,24,24,24,24,24,24,24,24,24,24,170,2,2,24,24,24,24,24,24,2,24,24,24,24,24,24,24,24,24,24,24,24,24,24,24,24,24,24,24,170,170,170,170,165,0,0,0,0,0,0,0,0,0,0,0,0,0
0,0,0,0,0,0,0,0,0,0,0,0,0,0,0,0,0,0,0,0,0,0,0,0,0,0,0,0,0,0,0,0,0,0,0,0,0,0,0,0,0,0,0,0,0,0,0,0,170,170,170,165,101,2,2,2,101,101,101,101,170,101,101,2,101,2,2,101,2,2,2,171,171,171,171,90,189,164,193,164,164,164,189,193,193,193,164,164,164,24,24,24,171,171,2,2,2,2,2,2,2,101,101,2,2,2,2,2,2,2,101,2,2,101,171,90,90,171,2,2,2,2,101,165,165,0,0,0,0,0,0,0,165,101,101,2,2,2,2,146,146,146,146,146,146,146,146,170,170,170,170,170,170,170,170,170,170,170,170,170,170,0,0,0,0,0,0,0,0,0,194,170,0,0,0,0,194,194,2,24,24,24,24,24,24,24,24,24,24,24,24,24,24,24,24,24,170,24,24,24,24,24,24,24,24,24,24,24,24,24,24,24,24,24,24,24,24,24,24,24,24,24,24,24,24,170,24,24,24,24,24,24,24,24,24,24,24,24,170,170,170,170,165,0,0,0,0,0,0,0,0,0,0,0,0,0
0,0,0,0,0,0,0,0,0,0,0,0,0,0,0,0,0,0,0,0,0,0,0,0,0,0,0,0,0,0,0,0,0,0,0,0,0,0,0,0,0,0,0,0,0,0,0,0,165,170,165,101,2,2,2,101,171,2,2,2,101,101,101,2,2,2,101,2,2,2,2,171,171,171,171,193,164,193,189,189,193,189,189,189,189,164,164,164,70,24,24,24,171,171,2,2,2,101,2,101,2,101,2,2,2,2,101,2,2,2,101,2,101,2,2,171,171,171,2,2,2,2,101,165,0,0,0,0,0,0,0,0,165,101,101,101,2,2,146,146,146,146,146,146,146,146,146,146,170,170,170,170,170,170,170,170,170,170,170,170,170,170,165,165,0,0,0,0,0,0,194,194,170,170,170,170,170,170,2,24,24,24,24,24,24,24,24,24,24,24,24,24,24,24,24,24,24,24,24,24,24,24,24,24,24,24,24,24,24,24,24,2,24,24,24,24,24,24,24,170,24,24,24,170,24,170,2,24,24,24,24,24,24,24,24,24,24,24,170,170,170,165,165,0,0,0,0,0,0,0,0,0,0,0,0,0
0,0,0,0,0,0,0,0,0,0,0,0,0,0,0,0,0,0,0,0,0,0,0,0,0,0,0,0,0,0,0,0,0,0,0,0,0,0,0,0,0,0,0,0,0,0,0,0,0,170,165,101,101,2,101,2,101,101,2,2,2,2,2,101,2,2,101,101,2,2,2,171,171,171,90,90,90,193,90,189,189,189,189,189,189,164,164,164,164,24,24,171,171,171,171,2,101,101,101,101,101,101,101,2,101,101,101,2,2,101,2,101,101,2,2,101,101,2,2,2,2,101,101,165,0,0,0,0,0,0,0,0,165,146,146,101,146,146,146,146,146,146,146,146,146,146,146,170,170,170,170,170,170,170,170,170,170,170,170,170,170,170,170,170,194,0,0,0,0,194,194,194,194,170,170,146,170,170,170,24,24,24,24,24,24,24,24,24,24,24,24,24,24,24,24,24,24,24,24,24,24,24,24,24,24,24,24,24,24,24,24,24,24,24,24,24,24,24,24,24,170,2,24,24,170,2,2,24,24,24,24,24,24,24,170,170,170,170,170,0,0,0,0,0,0,0,0,0,0,0,0,0,0,0,0,0
0,0,0,0,0,0,0,0,0,0,0,0,0,0,0,0,0,0,0,0,0,0,0,0,0,0,0,0,0,0,0,0,0,0,0,0,0,0,0,0,0,0,0,0,0,0,0,0,0,0,165,171,101,101,101,2,2,101,101,101,2,2,2,2,2,2,101,2,2,2,101,2,171,90,90,90,189,189,193,164,189,164,164,189,189,164,164,164,164,164,171,171,171,171,171,2,101,165,0,101,101,101,101,101,101,101,101,101,101,101,101,101,101,2,2,2,101,2,2,2,101,101,165,0,0,0,0,0,0,0,0,0,0,146,146,146,194,146,146,146,146,146,146,146,146,146,194,194,146,194,170,170,170,170,170,170,170,170,170,170,170,170,170,170,170,0,0,194,170,170,165,165,194,194,194,146,170,170,170,2,2,24,24,24,24,24,24,24,24,24,24,24,24,24,24,24,24,24,24,24,24,24,24,24,24,24,24,24,24,24,24,24,24,24,24,24,24,24,24,24,2,2,24,24,24,24,24,24,24,24,24,24,24,24,24,24,194,0,0,0,0,0,0,0,0,0,0,0,0,0,0,0,0,0,0,0
0,0,0,0,0,0,0,0,0,0,0,0,0,0,0,0,0,0,0,0,0,0,0,0,0,0,0,0,0,0,0,0,0,0,0,0,0,0,0,0,0,0,0,0,0,0,0,0,0,0,0,165,101,101,101,2,101,101,101,2,2,2,2,2,2,2,2,101,2,2,2,101,90,90,90,90,189,189,164,164,164,164,164,189,189,164,164,164,164,164,171,171,171,2,2,2,2,101,0,0,165,165,165,171,165,165,165,171,165,165,165,0,165,101,101,101,2,2,2,2,2,101,165,0,0,0,0,0,0,0,0,0,0,0,0,165,194,101,146,146,146,146,146,146,146,146,146,146,146,146,194,170,170,170,170,170,170,170,170,170,170,170,170,170,170,170,170,170,170,170,170,165,0,194,194,194,170,170,24,2,24,24,24,24,24,24,24,24,24,24,24,24,24,24,24,24,24,24,24,24,24,24,24,24,24,24,24,24,24,24,24,24,24,24,24,24,24,24,24,24,24,24,24,2,24,24,24,24,24,24,24,24,24,24,24,24,165,0,0,0,0,0,0,0,0,0,0,0,0,0,0,0,0,0,0,0
0,0,0,0,0,0,0,0,0,0,0,0,0,0,0,0,0,0,0,0,0,0,0,0,0,0,0,0,0,0,0,0,0,0,0,0,0,0,0,0,0,0,0,0,0,0,0,0,0,0,0,0,101,101,101,101,101,101,2,2,2,2,2,2,2,2,2,101,2,101,101,101,2,90,90,90,189,189,164,164,164,164,164,164,164,164,164,164,164,90,171,171,2,2,2,2,101,101,0,0,0,0,0,165,0,0,0,0,0,0,0,0,0,165,101,101,2,101,2,2,2,2,171,0,0,0,0,0,0,0,0,0,0,0,0,0,165,165,146,146,146,146,146,146,146,146,146,146,146,146,170,170,170,170,170,170,170,170,170,170,170,170,170,170,170,170,170,170,170,170,170,165,0,170,170,170,170,170,24,24,24,24,24,24,24,24,24,24,24,24,24,24,24,24,24,24,24,24,24,24,24,24,24,24,24,24,24,24,24,24,24,24,24,24,24,24,24,24,24,24,24,24,24,24,24,24,24,24,24,24,24,24,24,24,24,171,0,0,0,0,0,0,0,0,0,0,0,0,0,0,0,0,0,0,0,0
0,0,0,0,0,0,0,0,0,0,0,0,0,0,0,0,0,0,0,0,0,0,0,0,0,0,194,0,0,0,0,0,0,0,0,0,0,0,0,0,0,0,0,0,0,0,0,0,0,0,0,0,165,165,101,2,101,2,101,101,2,2,2,2,2,2,101,101,2,2,2,2,101,171,171,90,193,164,164,164,164,164,164,164,164,164,164,164,164,90,171,90,171,171,171,2,101,165,0,0,0,0,0,0,0,0,0,0,0,0,0,0,0,0,0,101,101,2,2,2,2,101,165,0,0,0,0,0,0,0,0,0,0,0,0,0,0,165,194,146,146,146,146,146,194,146,146,146,146,146,194,170,170,170,170,170,170,170,170,170,170,170,170,170,170,170,170,170,170,170,0,0,0,0,170,170,170,170,170,2,2,24,24,24,24,24,24,24,24,24,24,24,24,24,24,24,24,24,24,24,24,24,24,24,24,24,24,24,24,24,24,24,24,24,24,24,24,24,24,24,24,24,24,24,24,24,24,24,24,24,24,24,24,24,24,171,165,0,0,0,0,0,0,0,0,0,0,0,0,0,0,0,0,0,0,0
0,0,0,0,0,0,0,0,0,0,0,0,0,0,0,0,0,0,0,0,0,0,0,0,0,194,194,194,0,0,0,0,0,0,0,0,0,0,0,0,0,0,0,0,0,0,0,0,0,0,0,165,101,165,101,101,2,101,2,101,2,2,2,2,2,2,2,2,101,101,2,101,101,90,90,189,189,164,164,164,164,164,164,164,164,164,164,164,90,90,171,90,90,90,171,171,2,101,101,0,0,0,0,0,0,0,0,0,0,0,0,0,0,0,0,165,101,101,101,2,2,165,0,0,0,0,0,0,0,0,0,0,0,0,0,0,0,0,194,146,146,146,146,146,194,146,146,146,146,146,170,170,170,170,170,170,170,170,170,170,170,170,170,170,170,170,170,170,170,170,0,0,0,194,170,170,170,170,170,170,2,170,170,2,24,24,24,24,24,24,24,170,2,24,24,24,24,24,24,24,24,24,24,24,24,24,24,24,24,24,24,24,24,170,24,24,24,24,24,24,24,24,24,24,24,24,24,24,24,24,24,24,24,24,24,171,0,0,0,0,0,0,0,0,0,0,0,0,0,0,0,0,0,0,0,0
0,0,0,0,0,0,0,0,0,0,0,0,0,0,0,0,0,0,0,0,0,0,0,0,0,165,194,194,165,0,0,0,0,0,0,0,0,0,0,0,0,0,0,0,0,0,0,0,0,0,0,0,101,101,101,2,101,101,2,101,2,2,2,2,2,2,2,2,2,101,101,101,171,90,189,189,164,164,164,164,164,164,164,189,189,164,164,164,90,90,90,90,90,90,171,171,2,2,101,194,165,165,146,146,165,0,0,0,0,0,0,0,0,0,0,0,0,165,101,101,2,171,165,0,0,0,0,0,0,0,0,0,0,0,0,0,0,0,170,146,146,194,194,146,146,146,146,194,194,170,170,146,170,170,194,194,194,146,194,146,146,194,170,170,170,170,170,165,165,0,0,0,0,0,170,170,170,170,170,170,170,170,170,170,170,24,24,24,24,24,24,170,170,24,24,2,2,2,24,24,24,24,24,24,24,24,24,24,24,24,24,24,170,170,24,24,24,24,24,24,24,24,24,24,24,24,24,24,24,24,24,24,24,24,24,0,0,0,0,0,0,0,0,0,0,0,0,0,0,0,0,0,0,0,0,0
0,0,0,0,0,0,0,0,0,0,0,0,0,0,0,0,194,170,170,0,0,0,0,0,0,194,194,194,165,0,0,0,0,0,0,0,0,0,0,0,0,0,0,0,0,0,0,0,0,0,0,165,101,101,101,101,2,101,165,2,2,2,2,2,2,2,2,2,2,2,171,101,90,90,189,189,164,164,164,164,164,164,164,189,189,90,189,193,90,189,193,90,90,90,171,171,2,2,101,101,194,194,146,146,146,165,0,0,0,0,0,0,0,0,0,0,0,0,101,101,101,165,0,0,0,0,0,0,0,0,0,0,0,0,0,0,0,194,170,146,170,170,170,146,146,146,194,146,146,146,146,146,146,194,146,146,146,146,146,146,146,194,170,170,170,170,170,170,170,0,0,0,0,0,194,170,170,170,170,170,170,170,170,170,170,170,24,24,170,170,170,170,170,170,24,2,2,2,24,170,2,24,24,24,24,24,24,24,24,24,24,170,170,170,24,24,24,24,24,24,24,24,24,24,24,170,170,24,170,170,24,24,24,24,24,0,0,0,0,0,0,0,0,0,0,0,0,0,0,0,0,0,0,0,0,0
0,0,0,0,0,0,0,0,0,0,0,0,0,0,0,0,0,170,170,0,0,0,0,146,146,170,170,146,194,0,0,0,0,0,0,0,0,0,0,0,0,0,0,194,165,0,0,0,0,0,165,101,101,2,101,2,101,101,2,2,2,2,2,2,2,2,101,101,2,101,90,90,90,193,193,189,193,164,164,164,164,164,189,189,189,90,90,193,189,189,193,90,90,90,90,171,171,2,2,2,194,146,146,146,146,146,165,0,0,0,0,0,0,0,0,0,0,0,165,165,165,0,0,0,0,0,0,0,0,0,0,0,0,0,0,0,0,170,170,170,170,170,170,170,194,194,146,146,146,146,146,146,146,146,146,146,146,146,146,146,146,146,194,170,170,170,170,170,170,170,120,0,0,0,0,0,0,170,170,170,170,170,170,170,170,170,24,24,170,170,170,170,170,24,24,24,2,24,24,24,2,24,24,24,24,24,24,24,170,170,170,170,170,170,24,24,24,24,24,24,24,24,24,170,170,170,170,170,170,170,170,170,171,24,24,165,0,0,0,0,0,0,0,0,0,0,0,0,0,0,0,0,0,0,0,0
0,0,0,0,0,0,0,0,0,0,0,0,0,0,0,0,0,170,170,194,0,0,0,146,146,146,146,194,146,194,165,194,0,0,0,0,0,0,0,0,194,146,146,146,146,146,146,165,0,0,165,101,101,101,2,101,101,101,2,2,2,2,2,2,2,2,101,101,101,101,101,171,171,90,193,189,90,90,164,164,164,189,189,189,193,193,193,193,189,193,90,90,90,90,90,24,171,2,2,101,101,146,146,146,146,146,165,0,0,0,0,0,0,0,0,0,0,165,165,165,165,0,0,0,0,0,0,0,0,0,0,0,0,0,0,0,0,0,170,170,170,170,170,170,170,194,146,146,146,146,146,146,146,146,146,146,146,146,146,146,146,146,165,170,170,170,170,170,170,170,170,0,0,0,0,0,0,0,170,170,170,170,170,170,170,170,170,170,170,170,170,24,24,24,24,24,2,170,24,24,170,2,24,24,24,24,24,24,170,170,170,170,170,170,170,170,170,24,24,24,24,24,24,24,170,170,170,170,170,170,170,170,0,0,171,0,0,0,0,0,0,0,0,0,0,0,0,0,0,0,0,0,0,0,0,0
0,0,0,0,0,0,0,0,0,0,0,0,0,0,0,0,0,0,146,146,146,146,146,146,146,146,101,0,0,146,146,146,146,146,0,0,0,0,0,165,146,146,146,146,146,146,194,101,101,165,165,101,101,2,2,2,165,2,2,2,2,2,2,2,2,2,101,101,101,101,2,101,101,90,90,90,90,90,189,164,164,164,189,189,90,90,90,189,189,193,90,90,90,90,171,90,171,171,2,2,2,2,146,146,146,146,146,0,0,0,0,0,0,0,0,0,0,0,165,0,0,0,0,0,0,0,0,0,0,0,0,0,0,0,0,0,0,0,170,170,170,170,170,170,170,194,146,146,146,146,146,146,146,146,146,146,146,146,146,146,146,194,170,170,170,170,170,170,170,170,170,0,0,0,0,0,0,0,170,170,170,170,170,170,170,170,170,170,170,170,24,24,24,24,24,24,24,170,170,170,2,24,24,24,24,24,24,24,170,170,170,170,170,170,170,170,170,2,24,24,24,24,24,24,170,170,170,170,170,165,165,0,0,0,0,0,0,0,0,0,0,0,0,0,0,0,0,0,0,0,0,0,0,0,0,0
0,0,0,0,0,0,0,0,0,0,0,0,0,0,0,0,0,146,146,146,146,146,146,146,146,146,165,0,0,146,146,146,146,146,146,0,0,0,0,146,146,146,146,146,146,146,101,101,101,101,101,101,2,2,2,101,101,2,2,2,2,2,101,2,2,2,2,101,2,2,101,2,101,101,101,101,171,189,193,164,164,164,90,90,171,171,90,189,193,193,90,90,171,171,90,24,90,171,171,2,101,194,146,146,146,146,146,165,0,0,0,0,0,0,0,0,0,0,0,0,0,0,0,0,0,0,0,0,0,0,0,0,0,0,0,0,0,165,170,170,170,170,170,170,170,194,146,146,146,146,146,146,146,146,146,146,146,146,146,194,194,170,170,170,170,170,170,170,170,170,170,0,0,0,0,0,170,170,170,170,170,170,170,170,170,170,170,170,170,170,170,170,24,24,24,24,24,2,2,24,24,24,24,24,24,24,24,24,170,170,170,170,170,170,170,170,170,170,24,24,24,170,170,170,170,170,170,170,165,0,0,0,0,0,0,0,0,0,0,0,0,0,0,0,0,0,0,0,0,0,0,0,0,0,0,0
0,0,0,0,0,0,0,0,0,0,0,0,0,146,0,0,0,146,146,146,146,146,146,146,146,165,171,171,0,146,146,146,146,146,146,165,0,0,194,146,146,146,146,146,146,146,146,2,2,101,101,2,2,101,101,101,101,2,2,2,2,2,101,101,2,2,2,2,2,101,2,2,101,101,101,90,90,193,193,189,164,164,164,171,171,101,101,90,90,90,90,90,171,171,90,171,90,171,2,2,101,194,146,146,146,146,146,146,0,0,0,0,0,0,0,0,0,0,0,0,0,0,0,0,0,0,0,0,0,0,0,0,0,0,165,165,165,170,170,170,170,170,170,146,194,146,146,146,146,146,146,146,146,146,146,146,146,146,194,146,146,170,170,170,170,170,170,170,170,170,170,0,0,0,0,0,170,170,165,0,170,170,170,170,170,170,170,170,170,170,170,170,24,24,24,24,24,24,24,24,24,24,24,24,24,24,24,24,24,170,170,170,170,170,170,170,170,170,24,24,170,170,170,170,170,170,170,170,170,0,0,0,0,0,0,0,0,0,0,0,0,0,0,0,0,0,0,0,0,0,0,0,0,0,0,0
0,0,0,0,0,0,0,0,0,0,0,0,146,146,146,146,146,146,146,146,146,146,146,146,165,171,171,171,146,146,146,146,146,146,146,146,165,0,0,146,146,146,146,146,146,146,146,101,101,101,101,101,101,101,101,101,2,2,2,2,101,101,2,165,165,101,2,2,101,2,2,101,101,2,101,101,90,90,90,164,164,164,164,90,101,101,101,101,90,90,171,171,171,101,101,101,2,2,101,2,101,101,101,194,146,146,146,146,146,0,0,0,194,0,0,165,0,0,0,0,0,0,0,0,0,0,0,0,0,0,0,0,0,0,170,170,170,170,170,170,170,170,194,146,194,146,146,146,146,146,146,146,146,146,146,146,146,194,146,146,146,165,194,146,165,146,170,170,170,170,170,170,165,0,0,0,0,0,170,170,194,194,170,170,170,170,170,170,170,170,170,170,170,24,24,24,24,24,24,24,24,24,24,24,24,24,24,24,170,170,170,170,170,170,170,170,170,170,170,170,170,170,170,170,170,170,170,170,170,0,0,0,0,0,0,0,0,0,0,0,0,0,0,0,0,0,0,0,0,0,0,0,0,0,0,0
0,0,0,0,0,0,0,0,0,0,194,146,146,146,146,146,146,146,146,146,146,146,146,194,165,171,171,165,146,146,146,146,146,146,146,146,146,165,165,146,146,146,146,146,146,194,101,101,2,101,101,101,101,101,101,101,101,2,2,2,101,2,2,101,165,101,101,101,101,101,101,101,101,2,101,101,171,2,90,90,164,24,24,90,2,101,101,2,2,90,171,171,101,101,101,2,101,2,101,101,2,2,2,101,194,101,146,146,146,146,146,146,146,146,146,146,0,0,0,0,0,0,0,0,0,0,0,0,0,0,0,0,0,0,170,170,170,170,170,170,170,146,146,146,146,146,146,146,146,146,146,146,146,146,146,146,146,146,146,146,146,146,146,146,146,194,146,170,170,170,170,170,165,0,0,0,0,170,170,170,170,170,170,170,170,101,170,170,170,170,170,170,170,24,24,24,24,24,24,24,24,24,24,24,24,24,170,24,24,170,170,170,170,170,170,170,170,170,170,170,170,170,170,170,170,170,170,170,170,165,165,165,0,0,0,0,0,0,0,165,0,0,0,0,0,0,0,0,0,0,0,0,0,0,0,0
0,0,0,0,0,0,0,0,0,0,146,146,146,146,146,146,146,146,146,146,146,146,146,194,165,171,171,2,146,146,146,146,146,146,146,146,194,194,170,146,146,146,146,146,146,101,2,101,2,101,101,101,101,101,101,101,2,2,2,2,2,2,2,2,194,194,165,101,101,101,101,2,2,101,101,101,171,2,171,171,24,2,2,2,2,2,2,2,101,101,171,171,101,101,101,2,2,101,2,2,2,2,2,2,2,101,101,101,146,146,146,146,146,146,146,146,165,0,0,0,0,0,0,0,0,0,0,0,0,0,0,0,165,170,170,170,170,170,170,170,194,146,146,146,146,146,146,146,146,146,146,146,146,146,146,146,146,194,146,146,146,146,146,146,146,146,165,194,194,170,170,170,165,0,0,0,0,170,170,170,170,170,170,170,101,101,101,101,101,101,101,170,2,24,24,170,170,24,24,24,24,24,170,170,24,170,170,170,170,170,170,170,170,170,170,170,170,170,170,170,170,170,170,170,170,170,170,170,170,170,170,0,0,0,0,0,0,0,165,170,170,0,0,0,0,0,0,0,0,0,0,0,0,0,0,0
0,0,0,0,0,0,0,0,0,0,0,146,146,146,146,146,146,146,146,146,146,170,194,101,171,2,2,2,101,101,146,146,146,146,146,194,194,146,146,146,146,146,146,194,101,101,2,2,101,101,101,2,2,165,101,2,2,2,2,2,2,101,101,101,194,165,101,2,101,101,101,2,2,2,101,171,2,101,2,2,2,171,2,2,2,2,2,2,2,2,171,171,171,101,101,2,101,101,2,2,2,2,2,2,2,2,2,2,146,146,146,146,146,146,146,146,146,146,0,0,0,0,0,0,0,0,0,0,0,170,165,170,170,170,170,170,170,170,170,170,146,146,146,146,146,146,146,146,146,146,146,146,146,146,146,146,146,146,146,146,146,146,146,146,146,146,146,146,146,194,170,170,170,0,0,0,0,170,170,170,170,170,170,101,101,2,2,171,2,101,101,2,101,170,170,170,170,170,170,170,170,170,170,170,170,170,170,170,170,170,170,170,170,170,170,170,170,170,170,170,170,170,170,170,170,170,170,170,170,170,170,165,165,0,0,0,0,0,170,170,170,165,0,0,0,0,0,0,0,0,0,0,0,0,0,0
0,0,0,0,0,0,0,0,0,0,146,146,146,146,146,146,146,146,146,146,194,101,101,2,101,2,101,101,2,101,194,146,146,146,165,101,2,146,146,146,146,146,146,194,101,2,2,101,101,2,2,2,165,101,2,2,2,2,2,2,2,165,165,194,146,165,165,101,2,2,2,2,2,101,2,2,101,2,2,2,2,2,101,2,2,2,2,2,2,101,101,171,101,101,2,2,2,101,2,2,2,2,2,2,2,101,101,146,146,146,146,146,146,146,146,146,146,146,0,0,0,0,0,0,0,0,0,0,165,170,170,170,170,170,170,170,170,170,170,146,146,146,146,146,146,146,146,146,146,146,146,146,146,146,146,146,146,146,146,146,146,146,146,146,146,146,146,146,146,194,170,170,170,0,0,0,170,170,170,170,170,170,170,101,2,2,2,2,101,2,2,2,101,170,170,170,170,170,170,170,170,170,170,170,170,170,170,170,170,170,170,170,170,170,170,170,101,170,170,170,170,170,170,170,170,170,170,170,170,170,170,170,170,170,165,194,170,170,170,170,146,146,146,146,165,0,0,0,0,0,0,0,0,0,0,0
0,0,0,0,0,0,0,0,0,0,146,146,146,146,146,146,146,146,146,194,101,2,101,101,101,2,101,101,2,2,101,170,165,101,101,101,2,2,170,194,194,170,170,101,101,101,2,101,2,2,101,101,101,2,2,2,2,2,2,2,2,101,165,146,146,194,165,101,101,2,2,101,101,2,2,101,101,2,101,2,2,2,2,2,2,2,101,101,101,101,101,2,101,2,2,101,101,101,165,2,2,2,2,101,101,146,146,146,146,146,146,146,146,146,146,146,146,194,0,0,0,0,0,0,0,0,0,0,0,170,170,170,170,170,170,170,194,146,146,146,146,146,146,146,146,170,146,146,146,146,146,146,146,146,146,146,146,146,146,146,146,146,146,146,146,146,146,146,194,170,170,170,170,170,165,170,170,170,170,170,170,170,101,2,2,2,2,101,2,2,2,2,2,101,170,170,170,170,170,170,170,170,170,170,170,170,170,170,170,170,170,170,170,170,101,101,2,170,170,170,170,170,170,2,101,101,170,170,170,170,170,170,170,170,170,170,170,170,170,146,146,146,146,146,146,0,0,0,0,0,0,0,0,0,0,0
0,0,0,0,0,0,0,0,0,0,146,146,146,146,146,146,146,146,146,146,101,2,2,2,101,2,101,2,2,2,2,101,101,101,101,101,2,101,101,101,194,194,101,101,101,2,101,101,101,101,101,101,2,2,2,2,101,2,2,101,194,194,146,146,146,146,101,165,101,101,101,101,101,2,2,101,2,101,101,2,2,2,2,2,2,2,101,101,101,101,101,101,101,101,101,101,2,101,2,2,2,2,2,101,146,146,146,146,146,146,146,146,146,146,146,146,146,0,0,0,0,0,0,0,0,0,0,0,0,0,170,170,170,170,170,170,146,146,146,146,146,146,194,170,170,170,194,194,146,146,146,146,146,146,146,146,146,146,146,146,146,146,146,146,146,146,146,194,170,170,170,170,170,170,170,170,170,170,170,170,170,170,101,2,2,2,101,2,2,2,2,2,2,2,101,101,170,170,170,170,170,170,170,170,170,170,170,170,170,170,170,170,170,101,101,2,101,194,170,170,170,170,170,101,101,101,170,170,170,101,101,101,101,170,170,170,170,170,170,146,146,146,146,146,146,0,0,0,0,0,0,0,0,0,0,0
0,0,0,0,0,0,0,0,0,165,146,146,146,146,146,146,146,146,146,146,101,2,2,2,2,2,101,2,2,2,2,2,2,2,101,101,101,101,2,2,2,101,101,2,2,2,101,2,101,101,2,2,2,2,2,2,101,2,2,101,194,170,146,146,146,146,146,194,101,194,101,101,2,2,101,101,101,101,101,2,2,2,2,2,2,101,101,146,146,101,146,101,101,101,101,2,2,101,2,2,2,2,2,101,146,146,146,146,146,146,146,146,146,146,146,146,146,0,0,0,0,0,0,0,0,0,0,0,0,0,170,170,170,170,146,146,146,146,146,146,146,146,146,146,194,146,146,146,194,146,146,146,146,146,146,146,146,146,146,146,146,146,146,146,146,194,194,170,170,170,170,170,170,170,170,170,170,170,170,170,170,170,194,101,101,101,165,2,2,2,2,2,2,2,2,101,101,194,170,170,170,170,170,170,170,170,170,170,170,170,170,170,101,2,101,101,2,2,101,170,170,170,101,101,2,101,101,101,101,101,2,2,101,2,170,170,170,170,146,146,146,146,146,146,146,165,146,0,0,0,0,0,0,0,0,0
0,0,0,0,0,0,0,0,0,0,165,146,146,146,146,146,146,146,146,146,146,101,101,2,2,101,101,101,2,2,2,2,2,2,2,2,101,2,2,2,2,101,101,101,101,2,101,101,101,2,2,2,2,2,101,146,101,146,146,146,146,146,194,146,146,146,146,146,165,165,101,101,101,101,194,194,194,101,101,2,101,2,2,101,101,101,101,146,146,146,146,101,165,101,101,101,101,2,101,101,101,2,2,101,101,146,146,146,146,146,146,146,146,146,146,146,146,146,165,0,0,0,0,0,0,0,0,0,0,0,165,165,170,170,146,146,146,146,146,146,146,146,146,146,146,146,146,146,194,170,146,146,146,146,146,146,146,146,146,146,146,146,146,170,194,170,170,170,170,170,170,170,170,170,170,170,170,170,170,170,170,170,101,101,101,101,2,2,2,2,2,101,101,101,101,165,194,194,194,170,170,170,170,170,170,170,170,170,170,170,101,101,2,101,101,2,2,2,101,101,101,101,101,101,101,101,2,101,101,2,2,2,2,170,170,170,170,146,146,146,146,146,146,146,146,146,146,146,146,0,0,0,0,0,0,0
0,0,0,0,0,0,0,0,0,0,0,0,146,146,194,0,146,146,146,146,146,194,194,2,2,101,101,101,101,101,101,101,2,2,2,2,2,2,2,101,101,2,2,101,2,2,2,101,101,2,2,2,2,2,146,146,101,146,194,146,146,146,146,146,146,146,146,146,194,170,165,165,165,194,194,146,146,165,101,101,165,194,194,101,146,146,146,146,146,146,146,165,165,101,101,2,2,2,2,2,101,2,2,101,101,2,146,146,146,146,146,146,146,146,146,146,146,146,146,0,0,0,0,146,146,0,0,0,0,0,0,165,170,170,170,146,170,146,146,146,146,146,146,146,146,146,146,146,146,146,146,146,146,146,146,146,146,146,146,146,146,146,194,194,194,170,170,170,170,170,170,170,170,170,170,170,170,170,170,170,170,170,101,101,101,2,2,2,2,2,2,101,165,165,170,170,170,170,170,170,170,170,170,170,170,170,170,170,170,101,101,101,101,101,101,2,2,2,2,2,101,2,2,101,101,2,2,2,2,2,2,2,2,2,170,170,170,170,146,146,146,146,146,165,146,146,146,146,146,0,0,0,0,0,0,0
0,0,0,0,0,0,0,0,0,0,0,0,0,0,0,0,194,146,165,194,194,194,101,101,101,2,2,101,165,2,171,2,2,2,2,2,2,101,101,101,2,101,101,101,101,2,101,101,101,2,2,2,146,146,146,146,146,146,146,146,146,146,146,146,146,146,146,146,194,170,170,170,170,170,146,146,146,194,194,146,146,146,194,146,146,146,146,146,146,146,101,146,101,101,101,2,2,2,2,2,101,2,2,2,101,101,2,146,146,146,146,146,146,146,146,146,146,146,146,146,165,146,146,146,146,194,170,165,0,0,0,0,170,170,170,170,170,146,146,146,146,146,146,146,146,146,146,146,146,146,146,146,146,146,146,146,146,146,146,146,146,194,170,170,170,170,194,194,194,170,170,170,170,170,170,170,170,170,170,170,170,170,101,2,2,2,2,2,101,2,101,170,170,170,170,170,170,170,170,170,170,170,170,170,170,170,101,101,101,101,101,101,101,2,2,2,2,2,2,101,101,2,101,101,2,2,2,2,2,2,2,2,2,2,170,170,170,170,170,170,194,194,0,0,0,0,194,0,0,0,0,0,0,0,0,0
0,0,0,0,0,0,0,0,0,0,0,0,0,0,0,0,0,165,165,194,194,194,101,2,2,2,101,2,101,2,101,2,2,2,2,2,2,2,2,2,2,2,2,101,101,101,101,2,2,2,2,101,146,146,146,146,146,146,146,146,146,146,146,146,146,146,146,146,146,170,170,170,170,170,146,146,146,146,146,146,146,146,146,146,146,146,146,146,146,146,146,146,146,101,101,101,2,101,2,101,101,101,2,2,2,101,101,146,146,146,146,146,146,146,146,146,146,146,146,146,146,146,146,146,194,170,170,170,0,0,0,0,170,170,170,170,170,194,194,146,146,146,146,146,146,146,146,146,146,146,146,146,146,146,146,146,146,146,146,146,146,194,170,170,170,170,170,170,170,170,170,170,170,170,170,170,170,170,170,170,101,2,2,2,2,101,101,101,101,101,194,170,170,170,170,170,170,170,170,170,194,170,170,170,170,170,101,101,101,101,2,2,2,2,2,2,2,2,2,2,2,2,2,2,2,2,2,2,2,2,2,101,2,2,101,170,170,170,170,194,0,0,0,0,0,0,0,0,0,0,0,0,0,0,0,0
0,0,0,0,0,0,0,0,0,0,0,0,0,0,0,0,0,0,0,165,194,165,101,101,2,2,101,101,2,101,90,2,2,2,2,2,2,2,2,2,2,2,2,2,2,2,2,101,101,2,101,101,146,146,146,146,146,146,146,146,146,146,146,146,146,146,146,146,194,194,170,170,170,170,146,146,146,146,146,146,146,146,146,146,146,146,194,146,146,146,146,146,146,146,2,2,101,2,101,101,101,101,2,2,2,2,2,101,101,146,146,146,146,146,146,146,170,146,146,146,146,146,146,170,170,170,170,170,170,170,165,0,193,170,170,170,170,170,170,165,146,194,146,146,146,146,146,146,146,146,146,146,146,146,146,146,146,146,146,146,146,194,170,170,170,170,170,170,170,170,170,170,170,170,170,170,170,170,170,194,101,2,2,2,2,101,194,170,165,170,170,170,170,170,170,170,170,170,170,194,194,194,170,170,170,101,101,101,101,101,101,2,2,2,2,2,2,2,2,2,2,2,2,2,2,2,101,101,101,101,101,101,101,101,101,194,170,170,170,0,0,0,0,0,0,0,0,0,0,0,0,0,0,0,0,0
0,0,0,0,0,0,0,0,0,0,0,0,0,0,0,0,0,0,165,170,170,170,165,101,2,101,101,2,101,101,171,2,2,2,2,2,2,2,2,2,101,2,2,2,2,2,2,2,2,101,101,146,146,146,146,146,146,146,146,146,146,146,146,146,170,146,170,170,170,170,170,170,170,170,146,146,146,146,146,146,146,146,146,146,146,146,146,146,146,146,146,146,146,146,146,101,101,101,101,2,2,101,2,2,2,2,2,2,101,194,146,146,146,146,146,146,170,170,170,170,170,194,194,170,170,170,170,170,170,170,165,0,165,170,170,170,170,170,170,170,170,194,146,146,146,146,146,146,194,146,146,146,146,146,146,194,194,146,146,146,146,146,170,170,170,170,170,170,170,170,170,170,170,170,170,170,170,170,170,194,101,2,2,2,101,194,170,170,170,170,170,170,170,170,170,170,170,170,170,194,194,170,194,194,101,101,101,2,2,101,2,2,2,2,2,101,2,2,101,2,2,2,2,2,2,2,101,101,101,101,101,101,101,194,194,170,170,170,170,165,0,0,0,0,0,0,0,0,0,0,0,0,0,0,0,0
0,0,0,0,0,0,0,0,0,0,0,0,0,0,0,0,0,0,0,194,170,170,194,101,101,101,101,2,101,171,171,2,2,2,2,2,2,2,101,2,2,101,101,2,2,2,2,2,2,2,101,146,146,146,146,146,146,146,194,146,146,146,146,146,170,170,170,170,170,170,170,170,170,170,170,146,146,146,146,146,146,146,146,170,146,146,146,146,146,146,146,146,146,146,146,146,101,101,101,2,101,2,2,2,2,2,2,2,101,194,146,146,146,146,146,146,170,170,170,170,170,170,170,170,170,170,170,170,170,170,165,0,0,165,170,170,170,170,170,170,170,170,194,146,146,146,146,146,146,165,146,146,146,194,194,170,170,194,170,146,146,194,170,170,170,170,170,170,170,170,170,170,170,170,170,170,101,101,101,101,2,2,101,101,101,170,170,170,170,170,170,170,170,170,170,194,101,101,101,101,101,101,101,2,2,2,2,2,2,2,2,2,2,2,2,2,2,2,101,2,2,2,2,2,101,101,194,165,101,101,101,194,194,194,194,194,170,170,170,170,194,0,0,0,0,0,0,0,0,0,0,0,0,0,0,0
0,0,0,0,0,0,0,0,0,0,0,0,0,0,0,0,0,0,193,170,170,170,194,101,101,2,2,101,101,171,171,2,2,2,2,2,2,2,2,2,2,2,101,101,101,101,101,2,2,101,101,146,146,170,170,170,170,170,170,194,146,146,146,170,194,194,194,194,170,170,170,170,170,170,170,194,146,146,146,146,146,146,146,170,170,146,146,146,146,146,146,146,146,146,146,146,0,0,0,101,101,101,2,2,2,101,101,165,165,194,194,146,146,146,146,146,170,170,170,170,170,170,170,194,170,170,170,170,170,170,165,0,0,0,170,170,170,170,170,170,170,170,194,146,146,146,146,146,146,146,194,165,165,170,170,170,170,170,170,170,146,170,170,170,170,170,170,170,170,170,170,170,170,170,170,101,101,101,101,101,2,2,2,2,101,170,170,170,170,170,170,170,170,170,170,170,101,2,101,101,101,101,2,2,2,2,2,2,2,2,2,2,2,2,2,2,2,2,2,2,2,101,101,101,101,165,0,0,0,0,0,0,194,194,194,194,170,170,170,170,170,0,0,0,0,0,0,0,0,0,0,0,0,0,0,0
0,0,0,0,0,0,0,0,0,0,0,0,0,0,0,0,0,170,170,170,170,170,165,101,2,2,101,101,101,101,2,2,2,2,2,2,101,101,2,2,2,101,2,101,101,101,101,101,2,2,101,101,170,170,170,170,170,170,170,170,194,146,146,194,146,146,146,146,165,170,170,170,170,170,170,146,146,146,146,146,146,146,146,194,146,146,146,146,146,146,146,146,146,146,146,146,0,0,0,0,101,2,2,2,101,194,194,146,146,146,165,146,146,194,194,194,170,170,170,170,170,170,170,170,170,170,170,170,170,170,165,0,0,165,170,170,170,170,170,170,170,194,146,146,146,146,146,146,146,146,194,170,170,170,170,170,170,170,170,170,170,170,170,170,170,170,170,170,170,170,170,170,170,170,101,101,101,101,101,2,2,2,2,101,101,170,170,170,170,170,170,170,170,170,170,170,194,2,101,2,101,101,2,2,2,2,2,2,2,2,2,2,2,101,101,101,2,2,2,2,2,101,165,194,0,0,0,0,0,0,0,0,194,194,194,194,170,170,170,170,170,170,170,0,0,0,0,0,0,0,0,0,0,0,0,0
0,0,0,0,0,0,0,0,0,0,0,0,0,0,0,0,170,170,170,170,170,170,101,101,2,2,101,101,2,101,2,2,2,2,2,2,2,2,101,2,101,2,2,2,2,2,2,101,2,2,2,2,170,170,170,170,170,170,170,170,170,170,170,146,146,146,146,146,146,170,170,170,170,170,170,170,194,194,194,194,146,194,194,194,146,146,146,146,146,146,146,146,146,146,146,0,0,0,0,0,0,101,101,146,146,146,146,146,146,146,194,194,170,170,170,194,170,170,170,170,170,170,170,170,170,170,170,170,170,165,0,0,0,170,170,170,170,170,170,194,194,146,146,146,146,146,146,146,146,194,170,170,170,170,170,170,170,170,170,170,170,170,170,170,170,194,170,170,170,170,170,170,170,194,101,2,101,101,101,2,2,2,101,170,170,170,170,170,170,170,170,170,170,170,194,194,146,101,101,101,2,2,2,101,101,101,101,101,146,101,101,101,101,101,146,101,2,2,2,101,101,165,165,165,0,0,0,0,0,0,0,0,0,0,194,194,170,170,170,170,170,170,170,0,0,0,0,0,0,0,0,0,0,0,0,0
0,0,0,0,0,0,0,0,0,0,0,0,0,0,0,0,170,170,170,194,101,101,101,101,101,101,101,101,101,2,101,2,2,2,2,2,2,2,2,101,101,2,2,2,2,2,101,101,171,2,2,2,101,101,101,170,170,170,170,170,170,194,146,146,146,146,146,146,146,146,146,194,146,170,170,170,170,170,170,194,170,170,170,194,146,146,146,146,146,146,146,146,146,146,146,0,0,0,0,0,0,165,146,146,146,146,146,146,146,146,146,146,146,170,170,170,170,170,170,170,170,170,170,170,170,170,170,170,170,165,0,0,170,170,170,170,170,170,170,170,146,146,146,146,146,146,146,146,146,146,170,170,170,170,170,170,170,170,170,170,146,146,170,170,170,170,170,170,170,170,170,170,170,170,101,101,2,101,101,2,101,2,101,170,170,170,170,170,170,170,170,170,194,146,194,194,101,146,146,101,101,2,101,146,146,101,146,146,146,146,101,101,101,146,146,146,101,194,101,165,165,0,0,0,0,0,0,0,0,0,0,0,0,0,0,0,170,170,170,170,170,170,165,165,0,0,0,0,0,0,0,0,0,0,0,0
0,0,0,0,0,0,0,0,0,0,0,0,0,0,165,170,170,170,170,101,101,101,101,101,101,101,101,2,2,2,101,101,2,2,2,2,2,2,2,101,101,101,101,2,2,2,101,101,2,2,2,2,2,2,101,101,170,170,170,194,194,146,146,146,146,146,146,146,146,146,146,146,146,146,170,170,170,170,170,170,170,170,170,170,194,146,146,146,146,146,146,146,146,146,146,171,0,0,0,0,0,165,146,146,146,146,146,146,146,146,146,146,146,170,170,170,170,170,170,170,146,146,170,170,170,170,170,170,170,170,0,0,170,170,170,170,170,170,146,170,194,146,146,146,146,146,146,146,146,146,194,170,170,170,170,170,170,170,170,170,171,171,170,170,170,170,170,170,170,170,170,170,170,170,101,101,101,101,2,2,2,2,170,170,170,170,170,170,170,194,146,165,146,146,146,194,194,146,146,146,146,146,146,146,146,146,146,146,146,146,146,146,146,146,146,146,146,146,194,165,0,0,0,0,0,0,0,0,0,0,0,0,0,0,0,0,0,170,170,170,170,170,165,0,0,0,0,0,0,0,0,0,0,0,0,0
0,0,0,0,0,0,0,0,0,0,0,0,0,165,170,170,170,170,170,101,101,2,101,101,101,2,2,2,2,2,101,101,2,2,2,2,2,2,2,101,194,101,101,101,101,2,101,2,101,101,2,2,2,2,2,101,194,165,194,194,146,146,146,146,146,146,146,146,146,146,146,146,146,146,170,194,170,170,170,170,170,170,170,170,194,146,146,146,146,146,146,146,146,146,146,0,0,0,0,0,0,0,0,0,146,146,146,146,146,146,146,146,146,146,170,170,170,170,170,170,146,146,170,170,170,170,170,170,170,170,0,165,170,170,170,170,170,194,194,146,146,146,146,146,146,170,194,146,146,194,170,170,170,170,170,170,170,170,170,170,170,171,170,170,170,170,170,170,170,170,170,170,170,170,194,101,101,2,2,2,2,2,170,170,170,170,170,170,146,146,146,146,146,146,146,120,194,146,146,146,146,146,146,146,146,146,146,146,146,146,146,146,146,146,146,146,146,146,165,0,0,0,0,0,0,0,0,0,0,0,0,0,0,0,0,0,0,170,170,170,170,165,0,0,0,0,0,0,0,0,0,0,0,0,0,0
0,0,0,0,0,0,0,0,0,0,0,0,165,194,170,170,170,170,165,101,2,2,101,2,2,2,2,2,2,2,2,101,2,2,2,2,2,2,2,2,170,101,2,101,101,2,2,2,101,101,101,101,2,2,2,146,146,146,146,194,146,146,146,146,146,170,146,146,146,146,146,146,170,170,170,170,170,170,170,170,170,170,170,170,194,146,146,146,146,146,146,146,146,146,146,0,0,0,0,0,0,0,0,0,0,146,146,146,146,146,146,146,146,146,146,170,170,170,170,170,170,170,170,170,170,170,170,170,170,170,165,170,170,194,170,170,170,146,146,146,146,146,146,194,170,170,170,194,194,170,170,170,146,146,146,146,170,170,70,70,70,170,170,170,170,170,170,170,170,170,170,170,170,170,170,194,101,101,101,101,2,2,170,170,170,170,170,194,146,146,146,146,146,146,194,120,194,170,146,146,146,170,146,146,146,146,146,146,146,146,146,146,146,146,146,146,146,146,165,0,0,0,0,0,0,0,0,0,0,0,0,0,0,0,0,0,0,170,170,170,170,170,0,0,0,0,0,0,0,0,0,0,0,0,0,0
0,0,0,0,0,0,0,0,0,0,0,0,0,0,0,0,170,170,165,101,101,101,2,101,101,2,2,2,2,2,101,2,2,2,2,2,2,2,2,170,170,101,101,101,2,101,2,101,101,101,101,101,2,2,2,146,146,146,146,170,194,146,146,146,170,170,146,146,146,170,170,170,170,170,170,170,170,170,170,170,170,170,170,170,170,170,194,194,146,146,146,146,146,146,146,146,165,0,0,0,0,0,0,0,146,146,146,146,146,146,146,146,146,146,170,170,170,170,170,170,170,170,170,170,170,170,170,170,170,170,170,170,170,170,146,146,146,146,146,146,146,146,146,165,170,170,170,170,194,194,146,146,146,146,146,146,146,70,70,70,70,170,170,170,170,170,170,170,170,170,170,170,170,170,170,170,170,194,101,101,2,2,170,170,170,170,170,170,146,146,146,146,146,170,170,120,194,170,194,146,170,170,146,146,146,146,146,146,146,146,146,146,146,146,146,146,146,146,146,165,165,0,0,0,0,0,0,0,0,0,0,0,0,0,0,0,0,170,170,170,170,170,0,0,0,0,0,0,0,0,0,0,0,0,0,0
0,0,0,0,0,0,0,0,0,0,0,0,0,0,0,0,170,170,170,170,170,165,101,101,101,101,2,2,2,101,2,2,2,2,2,2,2,2,2,2,101,101,101,101,101,101,101,2,101,101,101,101,2,2,2,2,146,146,146,146,146,194,146,170,170,170,170,146,146,194,194,194,170,170,170,170,170,170,170,170,170,170,170,170,170,170,170,146,146,146,146,146,146,146,165,194,101,101,0,0,0,0,0,0,0,146,146,146,146,194,194,170,146,146,170,170,170,170,170,170,170,170,170,170,194,170,170,170,170,170,170,170,170,170,146,146,146,146,146,146,146,146,165,146,170,170,170,146,146,2,194,146,146,146,146,146,146,70,70,70,194,170,170,170,170,170,170,170,170,146,146,170,170,170,170,170,170,170,170,101,101,2,170,170,170,170,170,194,146,146,146,146,146,170,170,194,170,170,170,170,194,146,194,146,146,146,146,146,146,146,146,146,146,146,146,146,146,146,146,165,0,0,0,0,0,0,0,0,0,0,0,0,0,0,0,0,0,170,170,170,170,170,0,0,0,0,0,0,0,0,0,0,0,0,0,0
0,0,0,0,0,0,0,0,0,0,0,0,0,0,0,0,0,170,170,170,170,170,194,165,2,101,101,101,2,101,101,101,2,101,101,2,2,2,101,101,101,101,194,101,101,101,101,101,101,2,2,101,2,2,2,2,2,146,146,146,146,194,170,170,170,165,165,194,194,170,194,194,170,170,170,170,170,170,170,170,170,170,170,170,170,170,170,170,170,170,146,146,146,194,194,194,146,194,194,0,0,0,0,0,0,165,146,146,146,194,170,170,194,170,170,170,170,170,170,146,146,146,146,170,194,170,170,170,170,170,170,170,170,170,170,146,146,146,146,146,146,146,170,170,170,170,170,146,146,24,146,146,146,146,146,146,146,185,70,70,170,170,170,170,170,170,170,170,170,171,146,170,170,170,170,170,170,170,170,170,194,170,170,170,170,170,170,170,194,146,146,146,146,194,170,194,170,194,146,146,146,146,146,146,146,146,146,146,146,146,146,146,146,146,146,146,146,146,165,0,0,0,0,0,0,0,0,0,0,0,0,0,0,0,0,0,170,170,170,170,170,170,170,0,0,0,0,0,0,0,0,0,0,0,0,0
0,0,0,0,0,0,0,0,0,0,0,0,0,0,0,0,0,0,165,170,170,170,170,101,101,101,101,101,101,101,101,101,101,2,2,101,2,101,101,2,2,165,194,101,101,2,101,101,2,2,101,101,2,2,2,2,2,146,146,146,146,194,170,170,101,101,101,165,165,165,194,170,170,170,170,170,170,170,170,170,170,170,170,170,170,170,170,170,170,170,194,194,194,146,170,170,194,194,194,0,0,0,0,0,0,0,0,194,194,170,170,170,170,170,170,170,170,170,170,146,146,146,146,194,146,146,170,170,170,170,170,170,170,170,146,146,146,146,146,146,146,194,170,170,170,170,170,146,146,24,171,194,146,70,146,146,185,185,70,70,170,170,170,170,170,170,170,170,170,170,171,170,170,170,170,170,170,170,170,170,170,146,170,170,170,146,194,165,146,146,146,146,146,194,170,170,146,146,146,146,146,146,146,146,146,146,146,146,146,146,146,146,146,146,146,146,146,146,165,0,0,0,0,0,0,0,0,0,0,0,0,0,0,0,0,0,194,170,170,170,170,170,170,0,0,0,0,0,0,0,0,0,0,0,0,0
0,0,0,0,0,0,0,0,0,0,0,0,0,0,0,0,0,0,170,170,170,170,170,170,194,170,101,101,2,2,101,101,2,2,2,2,2,101,101,2,2,101,194,194,101,101,101,2,2,101,101,2,2,2,2,2,2,2,146,146,146,194,194,194,101,2,101,101,101,101,165,170,170,170,170,170,170,194,170,170,194,170,170,170,170,170,170,170,170,170,170,170,170,170,170,165,0,0,0,0,0,0,0,0,0,0,0,165,170,170,170,170,170,170,170,170,146,194,146,146,146,146,146,146,146,146,194,170,170,170,170,146,146,146,146,146,146,146,146,194,170,170,170,170,170,170,170,2,24,70,194,24,70,70,70,70,70,70,70,170,170,170,170,170,170,170,170,170,170,170,24,170,170,170,170,170,170,170,170,170,170,170,170,170,194,146,146,146,146,146,146,146,146,194,146,146,146,146,146,146,146,146,146,146,146,146,146,146,146,146,146,146,146,194,0,0,0,194,165,0,0,0,0,0,0,0,0,0,0,0,0,0,0,0,0,0,0,0,170,170,170,170,170,170,170,0,0,0,0,0,0,0,0,0,0,0
0,0,0,0,0,0,0,0,0,0,0,0,0,0,0,0,0,0,170,170,170,170,170,170,170,170,170,194,101,101,101,101,101,2,2,101,101,2,101,2,2,2,101,101,101,2,2,101,101,2,101,2,2,2,2,2,2,2,2,146,165,165,101,101,101,101,2,101,101,101,194,170,170,170,170,170,194,146,146,146,146,194,170,170,170,170,170,170,170,170,170,170,170,170,194,0,0,0,0,0,0,0,0,0,0,0,0,194,170,170,170,170,170,170,170,146,146,146,146,146,146,146,146,146,146,146,194,170,170,170,146,146,146,146,146,146,146,146,146,146,170,170,170,146,170,146,146,70,70,194,194,170,70,185,185,185,70,70,70,170,170,170,170,170,170,170,170,170,24,24,194,170,170,170,170,170,170,170,194,194,170,170,194,170,194,146,146,146,146,146,146,146,146,146,146,194,146,146,146,146,146,146,146,146,146,146,146,146,146,146,146,146,194,165,0,0,0,0,0,0,0,0,0,0,0,0,0,0,0,0,0,0,0,0,0,0,0,0,0,0,170,170,170,170,170,170,0,0,0,0,0,0,0,0,0,0
0,0,0,0,0,0,0,0,0,0,0,0,0,0,165,170,165,170,170,170,170,170,170,170,146,146,146,146,146,146,146,170,194,101,101,101,101,101,101,101,101,101,101,101,101,101,101,101,101,101,101,2,2,2,2,2,2,2,2,2,101,101,2,2,2,101,2,2,2,194,194,194,170,170,170,170,194,146,146,146,146,146,146,146,170,170,170,170,170,170,170,170,170,170,194,0,0,0,0,0,0,0,0,0,0,0,120,170,170,170,170,170,170,170,170,146,146,146,146,146,146,146,146,146,146,146,194,170,146,146,146,146,146,146,146,146,146,146,146,146,146,146,146,146,146,146,146,70,70,194,170,170,70,70,185,185,70,70,170,170,170,170,170,170,170,170,171,171,70,194,170,170,170,170,170,170,170,194,170,170,170,170,170,170,146,146,146,146,146,101,146,146,146,146,146,146,146,194,146,146,146,146,146,146,146,146,146,146,146,146,146,0,0,0,0,0,0,0,0,0,0,0,0,0,0,0,0,0,0,0,0,0,0,0,0,0,0,0,0,0,165,170,170,170,170,165,0,0,0,0,0,0,0,0,0,0
0,0,0,0,0,0,0,0,0,0,0,0,0,0,170,170,170,170,170,170,170,170,170,170,146,146,146,146,146,146,146,146,194,194,165,101,2,101,101,2,2,2,101,101,101,101,101,101,2,2,2,2,2,2,2,2,2,2,2,101,101,2,2,101,2,2,101,101,2,194,194,194,170,170,170,194,146,146,146,146,146,146,146,146,165,170,170,170,170,170,170,170,170,170,194,194,0,0,0,0,0,0,0,165,0,0,170,170,170,170,170,170,170,170,170,146,146,146,146,146,146,146,146,146,146,146,146,146,146,146,146,146,146,146,146,146,146,146,146,146,146,146,146,146,146,146,70,70,70,194,170,146,194,194,70,185,185,70,170,170,170,170,170,170,170,170,170,70,70,194,170,170,170,170,170,170,194,170,170,170,170,170,170,170,194,194,194,146,146,146,146,146,146,146,146,146,194,194,146,146,146,146,146,146,146,146,146,146,146,194,165,0,0,0,0,0,0,0,0,0,0,0,0,0,0,0,0,0,0,0,0,0,0,0,0,0,0,0,0,0,0,170,170,170,170,170,0,0,0,0,0,0,0,0,0,0
0,0,0,0,0,0,0,0,0,0,0,0,0,0,170,170,170,170,170,170,170,170,170,146,146,146,146,146,146,146,146,146,146,194,101,101,101,101,2,2,2,101,101,101,90,101,101,2,2,2,2,2,2,2,2,2,101,101,101,101,2,2,101,101,2,2,2,2,2,101,165,194,170,170,170,194,146,146,146,146,146,146,146,146,194,170,170,170,170,170,170,170,170,170,170,194,0,0,0,0,0,0,170,170,170,170,170,170,170,170,170,170,170,170,146,146,146,146,146,146,146,146,146,146,146,146,146,146,146,146,146,146,146,146,146,146,194,146,146,146,146,146,146,146,146,70,70,70,70,170,170,146,194,194,185,185,185,194,170,170,170,170,170,170,170,170,170,70,70,70,170,170,170,170,170,170,170,170,170,170,170,170,170,170,170,170,194,146,146,146,146,146,146,146,146,146,146,146,146,146,146,146,146,146,146,146,146,146,165,0,0,0,0,0,0,0,0,0,0,0,0,0,0,0,194,146,0,0,0,0,0,0,0,0,0,0,0,0,0,0,170,170,170,170,170,170,0,0,0,0,0,0,0,0,0,0
0,0,0,0,0,0,0,0,0,0,0,0,0,170,170,170,170,170,170,170,170,170,170,146,146,146,146,146,146,146,146,146,170,101,101,101,101,101,101,101,101,101,101,101,101,2,2,2,2,2,2,2,2,2,2,2,101,101,101,101,101,101,101,2,2,2,2,2,2,146,146,146,194,194,146,146,146,146,146,146,146,146,194,194,170,170,170,170,170,170,170,170,170,170,170,194,170,0,0,0,165,165,170,170,170,170,170,170,170,170,170,170,170,170,146,146,146,146,194,146,146,146,146,146,146,146,170,194,146,146,146,146,146,146,146,146,146,146,146,146,146,146,146,146,70,70,70,194,194,170,194,194,185,185,185,70,194,170,170,170,170,170,170,170,170,170,70,70,70,170,170,170,170,170,170,170,170,170,170,170,170,170,170,170,170,170,170,194,146,146,146,146,146,194,146,146,146,146,146,146,146,146,146,146,146,146,146,146,165,0,0,0,0,0,0,0,0,0,0,0,0,165,165,146,146,146,0,0,0,0,0,0,0,0,0,0,0,0,0,165,170,170,170,170,170,0,0,0,0,0,0,0,0,0,0,0
0,0,0,0,0,0,0,0,0,0,170,170,170,170,170,170,170,170,170,170,170,146,146,146,146,146,146,146,146,146,194,170,170,101,101,101,2,101,101,165,90,171,101,90,2,2,2,2,2,2,2,2,2,2,2,101,2,2,101,101,101,101,101,2,2,2,2,2,2,194,146,170,146,146,146,146,146,146,146,146,146,146,194,170,170,170,170,170,170,170,170,170,170,170,170,170,170,170,0,0,170,170,170,170,170,170,170,170,170,170,170,170,170,170,170,170,170,170,170,146,194,146,146,146,146,146,146,194,146,146,146,146,146,194,146,146,146,146,146,146,146,146,146,146,146,70,70,70,70,185,70,194,185,185,185,194,170,170,170,170,170,170,170,170,170,170,194,185,170,170,170,170,170,170,170,170,170,170,170,170,170,170,170,170,170,170,170,194,146,146,146,146,146,194,146,146,146,146,146,146,146,146,146,146,146,146,146,146,194,0,0,0,0,0,0,0,0,0,0,0,194,146,146,146,146,165,0,0,0,0,0,0,0,0,0,0,0,0,0,0,170,170,170,170,0,0,0,0,0,0,0,0,0,0,0,0
0,0,0,0,0,0,0,0,0,0,165,165,165,165,165,170,170,170,170,194,146,146,146,146,146,146,146,146,146,146,146,170,101,101,2,101,101,101,165,2,2,2,2,2,2,2,2,2,2,2,2,2,2,2,165,101,2,2,101,101,101,101,101,2,2,2,2,101,146,170,170,194,146,146,146,101,146,146,146,146,146,146,165,170,170,170,170,170,170,170,170,170,170,170,170,170,170,170,170,170,170,170,170,170,170,170,170,170,170,170,170,170,170,170,170,170,170,170,170,170,170,194,194,146,146,146,170,170,170,170,146,146,146,194,146,146,146,146,146,146,146,146,70,70,70,70,185,185,185,185,185,185,185,185,70,171,170,170,170,170,170,170,170,24,170,170,70,185,70,170,170,170,170,170,170,170,170,170,170,170,194,194,194,170,170,146,146,146,194,146,146,194,146,165,165,170,146,146,146,194,146,146,146,146,146,146,165,0,0,0,0,0,0,0,0,0,0,0,0,0,146,146,146,146,146,0,0,0,0,0,0,0,0,0,0,0,0,0,0,0,165,170,170,0,0,0,0,0,0,0,0,0,0,0,0,0
0,0,0,0,0,0,0,0,0,0,0,0,0,165,0,170,170,170,170,170,146,146,146,146,146,146,146,146,146,146,194,101,101,101,101,101,101,101,101,2,2,2,2,2,2,2,2,2,2,2,101,2,2,2,194,165,101,101,2,101,101,101,2,2,2,2,2,2,194,170,170,194,146,146,146,146,146,146,146,146,146,146,194,170,170,170,170,170,170,170,170,170,170,170,170,170,170,170,170,170,170,170,170,170,170,170,170,170,170,170,170,170,170,170,170,170,170,170,170,170,170,170,170,170,170,170,170,170,170,170,146,146,146,194,146,146,146,146,146,146,146,70,70,194,194,70,185,185,185,185,185,185,185,185,185,185,70,170,170,170,170,170,70,70,70,70,70,70,70,170,170,170,170,170,170,170,170,194,170,170,170,170,170,194,194,146,146,146,146,194,194,170,170,170,170,170,170,146,170,170,194,146,146,146,146,146,0,0,0,0,0,0,0,0,0,0,0,0,0,0,146,146,146,146,146,165,0,0,0,0,0,0,0,0,0,0,0,0,0,0,0,0,165,0,0,0,0,0,0,0,0,0,0,0,0,0
0,0,0,0,0,0,0,0,0,0,0,0,0,0,0,0,170,170,170,170,170,170,146,146,146,146,146,194,194,170,101,101,101,101,101,101,101,101,101,101,171,2,2,2,2,2,2,2,2,2,101,2,2,194,170,170,165,101,101,101,101,101,101,2,2,2,2,2,194,194,194,194,146,146,146,146,146,146,146,146,146,194,170,170,170,170,170,170,170,170,170,170,170,170,170,170,170,170,170,170,170,170,170,170,170,170,170,170,170,170,170,170,170,170,170,170,170,170,170,170,170,170,170,170,170,170,170,170,170,170,194,194,194,170,170,146,146,146,146,146,146,70,185,170,194,194,194,185,185,185,185,185,185,185,185,185,194,170,170,170,170,170,170,70,70,70,194,170,170,170,170,170,170,170,170,170,170,170,170,170,170,170,170,194,146,146,146,146,165,170,170,170,170,170,170,170,170,170,170,170,170,170,146,146,0,0,0,0,0,0,0,0,0,0,0,0,0,0,0,165,146,146,146,146,146,0,0,0,0,0,0,0,0,0,0,0,0,0,0,0,0,0,0,0,0,0,0,0,0,0,0,0,0,0,0,0
0,0,0,0,0,0,0,0,0,0,0,0,0,0,0,0,170,170,170,170,170,170,146,146,146,146,165,101,101,101,101,101,101,101,101,101,2,2,101,101,2,2,2,2,2,2,101,2,2,101,146,146,194,194,170,170,165,101,101,101,101,2,101,2,2,2,2,2,146,146,194,146,146,146,146,146,146,146,146,146,146,194,170,170,170,170,170,194,170,170,170,170,170,170,170,170,170,170,170,170,170,170,170,170,170,170,170,170,170,170,170,170,170,170,170,170,170,170,170,170,170,170,170,170,170,170,170,170,170,170,170,170,170,170,170,170,194,146,146,146,70,70,70,194,170,194,194,70,185,185,185,185,185,185,185,185,70,194,194,194,170,170,170,70,70,70,170,170,170,170,170,170,170,170,170,170,170,170,170,170,170,170,170,194,146,146,146,170,194,170,170,170,170,170,170,170,170,170,170,170,165,165,0,165,0,0,0,0,0,0,0,0,0,0,0,0,0,0,0,0,146,146,146,146,0,0,0,0,0,0,0,0,0,0,0,0,0,0,0,0,0,0,0,0,0,0,0,0,0,0,0,0,0,0,0,0
0,0,0,0,0,0,0,0,0,0,0,0,0,0,0,0,170,170,170,170,170,194,194,146,170,170,101,2,101,101,101,101,101,101,101,101,2,2,101,101,171,2,2,2,101,2,2,2,101,101,194,194,170,170,170,170,170,101,101,101,2,2,101,101,101,2,2,2,146,146,146,146,146,146,146,146,146,146,146,146,146,194,170,170,170,170,170,194,170,170,170,170,170,170,170,170,170,170,170,170,170,170,170,170,170,170,170,170,170,170,170,170,170,170,170,170,170,170,170,170,170,170,170,170,170,170,170,170,170,170,170,170,170,170,170,170,170,146,146,194,194,70,70,70,194,70,70,194,185,185,185,185,185,185,185,185,70,70,194,194,70,194,194,185,185,70,170,170,170,170,170,170,170,170,170,170,170,170,170,170,170,170,170,194,165,194,194,165,194,170,170,170,170,170,170,170,170,170,170,165,0,0,0,0,0,0,0,0,0,0,0,0,0,0,0,0,0,0,0,0,0,0,146,146,0,0,0,0,0,0,0,0,0,0,0,0,0,0,0,0,0,0,0,0,0,0,0,0,0,0,0,0,0,0,0,0
0,0,0,0,0,0,0,0,0,0,0,0,0,0,0,0,170,170,170,170,170,170,170,170,170,170,165,101,2,101,101,101,101,101,101,2,2,101,101,2,171,171,2,2,101,2,101,2,101,194,170,170,170,170,170,170,170,170,194,2,2,101,2,101,2,2,2,2,146,146,146,146,146,146,146,146,146,146,146,146,194,170,170,170,170,170,146,146,146,170,170,170,170,170,170,170,170,170,170,170,170,170,170,170,171,170,170,170,170,170,170,170,171,170,170,170,170,170,170,170,170,170,70,170,170,170,170,170,170,170,170,170,170,170,170,170,170,170,170,170,194,185,185,185,185,185,185,185,185,185,185,185,185,185,185,185,185,185,70,70,70,70,70,185,70,70,170,170,170,170,170,170,170,170,170,170,170,170,170,170,170,170,170,170,170,170,170,170,170,170,170,170,170,170,170,170,170,170,170,0,0,0,0,0,0,0,0,0,0,0,0,0,0,0,0,0,0,0,0,0,0,0,165,165,0,0,0,0,0,0,0,0,0,0,0,0,0,0,0,0,0,0,0,0,0,0,0,0,0,0,0,0,0,0,0,0
0,0,0,0,0,0,0,0,0,0,0,0,0,0,0,0,170,170,170,170,170,170,170,170,170,194,165,101,101,101,101,101,2,2,101,2,2,101,101,2,101,171,2,2,2,2,2,101,194,194,170,170,170,170,170,170,170,170,170,101,101,101,2,101,2,2,2,2,146,146,146,146,146,146,146,146,146,146,146,146,170,170,170,170,194,146,146,146,146,170,170,170,170,170,170,170,170,170,170,170,170,170,170,170,171,171,171,170,170,70,70,70,24,170,170,170,170,170,170,170,70,70,70,170,170,170,170,170,170,70,24,170,170,170,170,170,170,170,194,194,185,185,185,185,185,185,185,185,185,185,185,185,185,185,185,185,185,185,185,185,185,185,185,70,194,170,170,170,170,170,170,146,170,170,170,170,170,170,170,170,170,170,170,170,170,170,170,170,170,170,170,170,170,170,170,170,170,170,170,0,0,0,0,0,0,0,0,0,0,0,0,0,0,0,0,0,0,0,0,146,146,165,165,146,0,0,0,0,0,0,0,0,0,0,0,0,0,0,0,0,0,0,0,0,0,0,0,0,0,0,0,0,0,0,0,0
0,0,0,0,0,0,0,0,0,0,0,0,0,0,0,0,0,170,170,170,170,170,170,194,146,194,194,101,2,2,2,2,2,101,101,2,2,2,2,101,101,2,2,2,2,2,165,165,194,194,194,170,170,170,170,170,170,170,170,101,101,2,101,2,2,101,101,2,2,2,146,146,146,146,146,146,146,146,146,194,170,170,170,170,146,146,146,146,146,170,170,170,170,170,170,170,170,170,170,170,170,170,170,170,170,170,171,171,171,70,70,194,194,170,170,170,170,170,170,70,70,70,70,70,70,194,70,70,70,70,170,170,170,170,170,170,170,70,70,185,185,185,185,185,185,185,185,185,185,185,185,185,185,185,185,185,185,185,185,185,185,194,194,146,170,170,170,170,170,146,146,146,146,146,170,170,170,170,170,170,170,170,170,170,170,170,170,170,170,170,170,170,170,170,170,170,170,0,0,0,0,0,0,0,0,0,0,0,0,0,0,0,0,0,0,0,0,0,146,146,146,146,146,146,0,0,0,0,0,0,0,0,0,0,0,0,0,0,0,0,0,0,0,0,0,0,0,0,0,0,0,0,0,0,0,0
0,0,0,0,0,0,0,0,0,0,0,0,0,0,0,0,0,165,170,170,170,170,170,194,170,170,194,101,101,101,101,2,2,101,2,2,2,2,2,101,101,2,2,2,2,101,101,101,165,194,170,170,170,170,170,170,170,170,101,101,2,2,2,2,2,2,2,2,2,2,146,146,146,146,146,146,146,146,146,146,194,170,170,170,146,146,170,146,170,170,170,170,170,170,170,170,170,170,170,170,170,170,170,170,170,170,170,170,170,70,70,194,194,194,70,194,170,170,70,70,70,70,70,70,185,185,185,185,185,70,170,170,170,170,170,170,194,70,185,185,185,185,185,185,185,185,185,185,185,185,185,185,185,185,185,185,185,185,185,185,185,70,194,170,170,170,170,170,170,146,146,146,146,146,170,170,170,170,170,170,170,170,170,170,170,170,170,170,170,170,170,170,194,194,170,170,170,0,0,0,0,0,0,0,0,0,0,0,0,0,0,0,0,0,0,0,0,0,146,146,146,146,146,146,146,0,0,0,0,0,0,0,0,0,0,0,0,0,0,0,0,0,0,0,0,0,0,0,0,0,0,0,0,0,0,0
0,0,0,0,0,0,0,0,0,0,0,0,0,0,0,0,0,165,170,170,170,170,170,170,170,170,194,165,194,165,101,101,101,2,101,2,2,2,2,101,101,2,101,2,2,2,101,101,165,170,170,170,170,170,170,170,170,165,101,101,2,2,2,2,2,2,2,2,2,2,2,2,146,146,146,146,146,194,194,194,170,170,194,146,146,146,146,170,170,170,170,170,170,146,146,170,170,170,170,170,170,146,146,170,170,170,170,170,171,70,70,70,70,70,70,70,70,70,70,70,70,70,70,185,185,185,185,185,185,70,194,194,70,194,194,194,194,171,185,185,185,185,185,185,185,185,185,185,185,185,185,185,185,185,185,185,185,185,185,185,185,194,170,170,170,170,170,170,146,146,146,146,146,146,170,170,170,170,170,170,170,170,170,170,170,170,170,170,170,170,170,170,165,165,170,170,165,0,0,0,0,0,0,0,0,0,0,0,0,0,0,0,0,0,0,0,0,0,146,146,146,146,146,146,0,0,0,0,0,0,0,0,0,0,0,0,0,0,0,0,0,0,0,0,0,0,0,0,0,0,0,0,0,0,0,0
0,0,0,0,0,0,0,0,0,0,0,0,0,0,0,0,165,170,170,170,170,170,170,170,170,170,170,170,170,170,101,165,165,101,2,2,2,2,2,2,101,2,2,2,2,2,2,170,170,194,170,170,170,170,170,170,170,194,101,2,2,2,2,2,2,2,2,2,2,2,2,2,2,2,146,146,146,146,146,146,146,194,146,146,146,146,146,170,170,170,170,170,170,170,146,146,194,170,146,170,146,146,146,146,170,170,170,170,194,171,70,70,70,70,70,70,70,70,70,70,70,185,70,185,185,185,185,185,185,185,185,194,185,185,185,185,185,185,185,185,185,185,185,185,185,185,185,185,185,185,185,185,185,185,185,185,185,185,185,185,185,185,70,170,170,170,170,146,146,146,146,146,146,146,170,170,170,170,170,170,170,170,170,170,170,170,170,170,170,170,170,194,0,165,165,0,0,0,0,0,0,0,0,0,0,0,0,0,0,0,0,0,0,0,0,0,0,0,0,0,146,146,146,146,0,0,0,0,0,0,0,0,0,0,0,0,0,0,0,0,0,0,0,0,0,0,0,0,0,0,0,0,0,0,0,0
0,0,0,0,0,0,0,0,0,0,0,0,0,0,170,170,170,170,170,170,170,170,170,170,170,170,170,170,170,170,170,170,194,101,101,2,2,2,2,101,2,2,2,2,2,2,146,170,170,170,170,170,170,170,170,170,170,170,101,101,101,170,170,170,101,101,101,2,2,101,2,2,101,2,2,2,146,146,146,146,146,146,146,146,146,146,146,194,170,170,170,170,170,170,170,146,146,170,146,146,170,146,170,170,170,170,170,194,194,70,70,70,70,70,171,70,70,70,70,70,70,70,171,185,185,185,185,185,185,185,185,185,185,185,185,185,185,185,185,185,185,185,185,185,185,185,185,185,185,185,185,185,185,185,185,185,185,185,185,185,185,185,194,170,170,146,170,194,146,146,146,146,146,146,170,170,170,170,170,170,170,170,170,170,170,170,170,170,170,170,0,0,0,194,165,0,0,0,0,0,0,0,0,0,0,0,0,0,0,0,0,0,0,0,0,0,0,0,0,0,0,0,0,146,146,146,0,0,0,0,0,0,0,0,0,0,0,0,0,0,0,0,0,0,0,0,0,0,0,0,0,0,0,0,0,0
0,0,0,0,0,0,0,0,0,0,0,0,0,170,170,170,170,170,170,170,170,170,170,170,170,170,170,170,170,170,170,170,194,194,165,101,2,2,101,2,2,2,101,2,2,194,146,194,170,170,170,170,170,170,170,170,170,194,101,194,170,170,170,170,101,101,101,2,101,2,2,2,2,2,2,2,146,146,146,146,146,146,146,146,146,170,170,170,170,170,170,170,146,146,146,146,146,170,146,146,170,170,170,170,170,170,170,194,24,70,146,146,171,146,146,146,171,146,70,70,194,194,194,194,185,185,185,185,185,185,185,185,185,185,185,185,185,185,185,185,70,185,185,185,185,185,185,185,185,185,185,185,185,185,185,185,185,185,185,185,185,185,70,194,170,194,194,70,146,146,24,146,146,170,170,170,170,170,170,170,170,170,170,170,170,170,170,170,170,0,0,0,0,165,0,0,0,0,0,0,0,0,0,0,0,0,0,0,0,0,0,0,0,0,0,0,0,0,0,0,0,0,0,0,0,0,0,0,0,0,0,0,0,0,0,0,0,0,0,0,0,0,0,0,0,0,0,0,0,0,0,0,0,0,0,0
0,0,0,0,0,0,0,0,0,0,0,0,0,0,0,165,170,170,170,170,170,170,170,170,170,170,170,170,170,170,170,170,170,170,194,101,2,2,101,101,101,2,2,2,101,194,170,170,170,170,170,170,170,170,170,170,170,170,170,170,170,170,170,170,170,101,2,2,101,2,101,2,2,2,2,2,2,146,146,146,146,146,146,146,146,194,194,170,170,170,146,146,146,146,146,146,194,170,170,170,170,146,170,170,170,170,146,146,146,146,146,146,146,146,146,146,146,146,170,170,170,170,194,194,70,194,185,185,185,185,185,185,185,185,185,185,185,185,185,185,185,185,185,185,185,185,185,185,185,185,185,185,185,185,185,185,185,185,185,185,185,185,185,70,70,70,185,185,70,70,70,146,24,171,170,170,170,170,170,170,170,170,170,170,170,170,165,170,0,0,0,0,0,171,0,0,0,0,0,0,0,0,0,0,0,0,165,101,0,0,0,0,0,0,0,0,0,0,0,0,0,0,0,0,0,0,0,0,0,0,0,0,0,0,0,0,0,0,0,0,0,0,0,0,0,0,0,0,0,0,0,0,0,0,0,0
0,0,0,0,0,0,0,0,0,0,0,0,0,0,0,0,170,170,170,170,170,170,170,170,170,170,170,170,170,170,170,170,170,170,170,101,101,101,101,101,101,2,2,101,101,170,170,170,170,170,170,170,170,170,170,170,170,170,170,170,170,170,170,170,101,101,101,101,101,101,101,101,2,2,2,2,2,2,146,146,146,146,146,146,146,146,146,194,170,146,146,146,146,146,146,146,146,170,170,170,170,170,194,170,170,170,146,146,146,146,146,146,146,146,146,146,146,146,170,170,170,170,170,194,194,194,185,185,185,185,185,185,185,185,185,185,185,185,185,185,185,185,185,185,185,185,185,185,185,185,185,185,185,185,185,185,185,185,185,185,185,185,185,185,185,185,185,185,194,70,194,70,70,120,170,170,170,170,170,170,170,194,170,170,170,170,0,0,0,0,0,0,0,101,101,101,171,0,0,101,101,0,0,0,0,0,101,2,2,0,0,0,0,0,0,0,0,0,0,0,0,0,0,0,0,0,0,0,0,0,0,0,0,0,0,0,0,0,0,0,0,0,0,0,0,0,0,0,0,0,0,0,0,0,0,0
0,0,0,0,0,0,0,0,0,0,0,0,0,0,0,0,0,170,0,0,0,170,170,170,170,170,170,170,170,170,170,194,194,194,101,101,101,2,2,101,2,2,2,101,170,170,170,170,170,170,170,170,170,170,170,170,170,170,170,170,170,170,170,170,194,101,101,101,101,2,101,2,2,2,2,2,2,146,146,146,146,146,146,146,146,146,146,146,170,146,146,146,146,146,146,146,146,146,170,170,170,170,170,170,170,170,146,146,146,146,146,146,146,146,146,146,146,146,170,170,170,170,170,170,194,194,185,185,185,185,185,185,185,185,185,185,185,185,185,185,185,185,185,185,185,185,185,185,185,185,185,185,185,185,185,185,185,185,185,185,185,185,185,185,185,185,185,70,194,194,170,170,170,70,170,170,170,170,194,194,146,146,165,170,170,0,0,0,0,0,0,0,0,101,101,2,2,101,101,101,101,101,101,0,0,101,101,2,2,171,0,0,0,0,0,0,0,0,0,0,0,0,0,0,0,0,0,0,0,0,0,0,0,0,0,0,0,0,0,0,0,0,0,0,0,0,0,0,0,0,0,0,0,0,0,0
0,0,0,0,0,0,0,0,0,0,0,0,0,0,0,0,0,0,0,0,0,0,170,170,170,170,170,170,170,170,170,194,194,194,101,101,101,2,2,101,2,2,2,101,194,170,170,170,170,170,170,170,170,170,170,170,170,170,170,170,170,170,170,170,170,165,165,101,101,2,2,2,2,2,2,2,146,146,146,146,146,146,146,146,146,146,146,194,146,146,146,146,146,146,146,146,146,146,170,170,170,170,170,170,170,170,146,146,146,146,146,146,146,146,146,146,146,146,146,170,170,170,170,194,70,70,194,185,185,185,194,185,185,185,185,185,185,185,185,185,185,185,185,185,185,185,185,185,185,185,185,185,185,185,185,185,185,185,185,185,185,185,185,185,185,185,70,194,194,170,170,170,170,70,170,170,170,170,194,146,146,146,165,0,194,194,0,0,0,0,0,0,0,101,2,101,2,2,101,101,101,101,101,101,101,101,2,2,2,171,101,165,0,0,0,0,0,0,0,0,0,0,0,0,0,0,0,0,0,0,0,0,0,0,0,0,0,0,0,0,0,0,165,194,0,0,0,0,0,0,0,0,0,0,0,0
0,0,0,0,0,0,0,0,0,0,0,0,0,0,0,0,0,0,0,0,0,0,170,170,170,170,170,170,170,170,170,194,194,194,101,101,101,101,101,2,2,101,2,101,170,170,170,170,170,170,170,170,170,170,170,170,170,170,170,170,170,170,170,170,170,170,194,165,101,2,2,2,2,2,2,2,2,146,146,146,146,146,146,146,146,146,194,146,146,146,146,146,146,146,146,146,146,194,170,170,170,170,170,170,170,170,194,194,146,146,146,146,146,146,146,146,146,146,170,170,170,170,170,170,170,170,170,170,70,194,194,194,194,185,185,185,185,185,185,185,185,185,185,185,185,185,185,185,185,185,185,185,185,185,185,185,185,185,185,185,185,185,185,185,185,185,194,194,194,170,170,170,171,171,170,170,170,170,194,146,146,146,165,0,194,0,0,0,0,0,0,165,101,101,101,101,2,2,2,101,2,2,101,101,101,2,2,2,2,2,2,0,0,0,0,0,0,0,0,0,0,0,0,0,0,0,0,0,0,0,0,0,0,0,0,0,0,0,0,0,0,146,171,0,0,0,0,0,0,0,0,0,0,0,0,0
0,0,0,0,0,0,0,0,0,0,0,0,0,0,0,0,0,0,0,0,0,0,0,165,170,170,170,170,170,170,170,194,194,194,101,194,165,101,101,101,101,2,101,101,170,170,170,170,170,170,170,170,170,170,170,170,170,170,170,194,170,170,170,170,170,170,194,194,165,165,101,101,2,2,2,2,2,101,194,146,146,146,146,146,146,146,194,146,146,146,146,146,146,146,146,146,146,146,170,170,170,170,170,170,170,170,170,170,194,194,194,146,146,146,194,194,194,170,170,170,170,170,170,170,170,170,170,146,146,146,146,194,194,185,185,185,185,185,185,185,185,185,185,185,185,185,185,185,185,185,185,185,185,185,185,185,185,185,185,185,185,185,185,185,70,70,194,194,194,170,170,170,170,170,146,170,170,170,146,146,146,146,146,146,0,0,0,0,0,0,165,101,101,101,2,2,101,2,2,101,101,2,2,2,2,2,2,2,2,2,2,0,0,0,0,0,0,0,0,0,0,0,0,0,0,0,0,0,0,0,0,0,0,0,0,0,0,0,0,0,0,0,194,0,0,0,0,0,0,0,0,0,0,0,0,0
0,0,0,0,0,0,0,0,0,0,0,0,0,0,0,0,0,0,0,0,0,0,0,0,170,170,170,170,170,170,194,194,101,101,165,194,194,165,165,194,170,101,101,101,194,170,170,170,170,170,170,170,170,170,170,146,146,170,194,170,194,170,170,170,170,170,170,194,101,165,101,2,2,2,101,101,101,101,194,146,146,146,146,146,146,194,146,146,146,146,146,146,146,146,146,146,146,194,170,170,170,170,170,170,170,170,170,194,194,170,170,170,170,170,194,194,194,170,170,170,170,170,170,170,170,170,146,146,146,146,146,194,194,185,185,185,185,185,185,185,185,185,185,185,185,185,185,185,185,185,185,185,185,185,185,185,185,185,185,185,185,185,185,185,70,70,146,146,146,170,170,170,170,170,170,146,170,146,146,146,146,146,146,146,0,0,0,0,0,0,170,101,101,2,2,101,101,2,2,2,2,2,2,2,2,2,2,2,101,2,2,171,0,0,0,0,0,0,0,0,0,0,0,0,0,0,0,0,0,0,0,0,0,0,0,0,0,0,0,0,0,0,120,0,0,0,0,0,0,0,0,0,0,0,0,0
0,0,0,0,0,0,0,0,0,0,0,0,0,0,0,0,0,0,0,0,0,0,0,0,170,170,170,170,170,0,0,165,171,0,0,194,194,194,194,194,170,101,101,101,170,170,170,170,170,170,170,170,170,170,146,146,146,146,146,165,194,170,170,170,170,170,194,165,101,101,101,2,101,101,2,2,2,101,146,146,146,146,146,146,146,194,146,146,146,146,146,146,146,146,146,146,194,146,194,194,170,170,170,170,170,170,194,146,146,170,170,170,170,170,170,194,194,170,170,170,170,170,170,170,170,170,146,146,146,146,194,70,185,185,185,185,185,185,185,185,185,185,185,185,185,185,185,185,185,185,185,185,185,185,185,185,185,185,185,185,185,185,185,185,70,146,146,146,146,170,170,170,170,170,170,194,146,146,146,146,146,146,146,146,0,0,0,0,0,194,146,101,101,2,101,101,101,2,2,2,2,2,2,2,2,2,101,0,0,0,0,0,0,0,0,0,0,0,0,0,0,0,0,0,0,0,0,0,0,0,0,0,0,0,0,0,0,0,0,0,0,0,0,0,0,0,0,0,0,0,0,0,0,0,0,0
0,0,0,0,0,0,0,0,0,0,0,0,0,0,0,0,0,0,0,0,0,0,0,0,165,165,165,194,194,0,0,0,0,0,0,194,194,170,170,170,170,170,170,170,170,170,170,170,170,170,170,146,146,146,146,146,146,146,146,165,170,170,170,170,170,170,194,165,101,2,101,101,101,2,2,2,2,2,170,146,146,146,146,146,146,146,146,194,146,146,146,146,146,146,146,146,146,146,146,170,170,170,170,170,170,170,146,146,146,194,170,170,170,170,170,170,170,170,170,170,170,170,170,170,170,70,170,170,146,194,194,194,185,185,185,185,185,185,185,185,185,0,0,0,0,0,185,185,185,185,185,185,185,185,185,185,185,185,185,185,185,185,185,185,146,146,146,146,146,170,170,170,194,194,170,194,146,146,146,146,146,146,146,146,194,165,0,0,0,194,194,194,101,101,101,101,2,2,2,2,2,2,2,2,2,2,101,0,0,0,0,0,0,0,0,0,0,0,0,0,0,0,0,0,0,0,0,0,0,0,0,0,0,0,0,0,0,0,0,0,0,0,0,0,0,0,0,0,0,0,0,0,0,0,0,0
0,0,0,0,0,0,0,0,0,0,0,0,0,0,0,0,0,0,0,0,0,0,0,0,0,0,0,0,0,0,0,0,0,0,0,0,165,170,170,170,170,170,170,170,170,170,170,170,170,170,170,146,146,146,146,146,146,146,146,165,170,170,170,170,170,170,170,165,165,101,101,101,101,2,2,2,2,2,194,194,146,146,146,146,146,146,146,146,194,194,146,146,146,146,146,146,146,146,170,170,170,170,170,170,170,170,146,146,146,146,146,170,170,170,170,170,170,170,170,170,170,170,70,170,70,185,146,146,146,70,194,185,185,185,185,185,185,185,185,185,0,0,0,0,0,0,185,185,185,185,185,185,185,185,185,185,185,185,185,185,185,185,185,185,70,146,146,146,146,194,170,170,146,146,146,194,194,194,146,146,146,146,146,146,146,194,0,0,0,165,194,101,101,101,101,2,2,2,2,2,2,2,2,2,2,101,165,0,0,0,0,0,0,0,0,0,0,0,0,0,0,0,0,0,0,0,0,0,0,0,0,0,0,0,0,0,0,0,0,0,0,0,0,0,0,0,0,0,0,0,0,0,0,0,0,0
0,0,0,0,0,0,0,0,0,0,0,0,0,0,0,0,0,0,0,0,0,0,0,0,0,0,0,0,0,0,0,0,0,0,0,0,0,170,170,170,170,170,170,170,170,170,170,170,170,170,170,146,194,146,146,146,146,194,165,165,170,170,170,170,170,170,170,165,101,101,101,101,2,2,2,101,2,146,194,194,146,146,146,146,146,146,146,146,146,170,194,146,194,146,146,146,146,170,170,170,170,170,170,194,194,146,146,146,146,146,146,146,170,194,170,170,170,170,170,170,170,170,185,185,185,185,185,185,70,185,185,185,185,185,185,185,185,185,185,0,0,0,0,0,0,0,0,185,185,185,185,185,185,185,185,185,185,185,185,185,185,185,185,70,146,146,146,146,146,146,194,146,146,146,146,146,194,194,146,146,146,146,146,146,146,194,165,165,165,146,194,101,101,2,2,101,2,2,2,2,2,2,2,2,101,165,194,0,0,0,0,0,0,0,0,0,0,0,0,0,0,0,0,0,0,0,0,0,0,0,0,0,0,0,0,0,0,0,0,0,0,0,0,0,0,0,0,0,0,0,0,0,0,0,0,0
0,0,0,0,0,0,0,0,0,0,0,0,0,0,0,0,0,0,0,0,0,0,0,0,0,0,0,0,0,0,0,0,0,0,0,165,165,165,165,170,170,170,170,170,170,170,170,170,170,170,170,146,194,146,146,146,146,194,165,170,170,170,170,170,170,165,101,101,101,101,2,2,2,2,2,194,194,101,194,170,194,170,146,146,146,146,146,146,146,170,170,170,170,170,170,170,170,170,170,170,170,170,170,146,146,146,146,146,146,146,146,146,146,194,170,170,170,170,170,170,170,70,185,185,185,185,185,185,185,185,185,185,185,185,185,185,185,0,0,0,0,0,0,0,0,0,0,0,0,0,0,185,185,185,185,185,185,185,185,185,185,185,146,146,146,146,146,146,146,146,146,146,146,146,146,146,146,146,146,146,146,146,146,146,146,146,165,146,146,146,194,194,165,2,101,101,2,2,2,2,2,2,2,165,101,0,0,0,0,0,0,0,0,0,0,0,0,0,0,0,0,0,0,0,0,0,0,0,0,0,0,0,0,0,0,0,0,0,0,0,0,0,0,0,0,0,0,0,0,0,0,0,0,0,0,0
0,0,0,0,0,0,0,0,0,0,0,0,0,0,0,0,0,0,0,0,0,0,0,0,0,0,0,0,0,0,0,0,0,0,0,0,0,165,165,170,170,170,170,170,170,170,170,170,170,170,170,170,170,170,194,146,146,165,170,170,170,170,165,101,101,101,101,101,101,2,2,2,2,2,2,2,146,146,146,194,194,146,194,146,146,146,146,146,146,170,170,170,170,170,170,170,170,170,170,170,170,170,146,146,146,146,146,146,146,146,146,146,146,170,170,170,170,170,170,170,70,185,185,185,185,185,185,185,185,185,185,185,185,185,185,185,185,0,0,0,0,0,0,0,0,0,0,0,0,0,185,185,185,185,185,185,185,185,185,185,185,70,146,146,146,146,146,146,146,146,146,146,146,146,146,146,146,146,146,146,146,146,146,146,146,194,194,146,146,146,101,101,101,101,101,2,101,2,101,2,2,2,101,101,101,101,0,0,0,0,0,0,0,0,0,0,0,0,0,0,0,0,0,0,0,0,0,0,0,0,0,0,0,0,0,0,0,0,0,0,0,0,0,0,0,0,0,0,0,0,0,0,0,0,0,0
0,0,0,0,0,0,0,0,0,0,0,0,0,0,0,0,0,0,0,0,0,0,0,0,0,0,0,0,0,0,0,0,0,0,0,0,0,165,165,170,170,170,170,170,170,170,170,170,170,170,170,170,170,170,170,170,194,170,170,170,165,101,101,2,101,101,101,101,101,2,2,2,2,2,2,2,146,146,146,146,146,194,194,146,146,146,146,146,146,146,170,170,170,170,170,170,170,170,170,170,170,170,194,146,146,146,146,146,146,146,146,146,146,170,170,170,170,170,170,170,194,185,185,185,185,185,185,185,185,185,185,185,185,185,185,185,185,0,0,0,0,0,0,0,0,0,0,0,0,0,185,185,185,185,185,185,185,185,185,185,185,70,146,146,146,146,146,146,146,146,146,146,146,146,146,146,146,146,146,146,146,146,146,146,146,146,146,146,146,146,101,101,101,101,101,101,2,101,2,2,2,101,2,101,101,101,0,0,0,0,0,0,0,0,0,0,0,0,0,0,0,0,0,0,0,0,0,0,0,0,0,0,0,0,0,0,0,0,0,0,0,0,0,0,0,0,0,0,0,0,0,0,0,0,0,0
0,0,0,0,0,0,0,0,0,0,0,0,0,0,0,0,0,0,0,0,0,0,0,0,0,0,0,0,0,0,0,0,0,0,0,0,0,0,165,170,170,170,170,170,170,170,170,170,170,170,170,170,170,170,170,170,170,170,170,170,165,101,101,2,101,2,101,101,2,2,2,2,194,2,2,146,146,146,146,146,146,146,146,146,194,146,146,146,146,146,146,146,170,170,170,170,170,170,170,170,170,170,146,146,146,146,146,146,146,171,171,171,70,170,170,70,70,170,170,170,194,185,185,185,185,185,185,185,185,185,185,185,185,185,185,185,185,0,0,0,0,0,0,0,0,0,0,0,0,0,185,185,185,185,185,185,185,185,185,185,185,146,146,146,146,146,146,146,146,170,146,146,146,146,146,146,146,194,146,146,146,146,146,146,146,146,146,146,146,101,2,2,101,2,2,2,101,101,101,101,2,101,101,2,101,0,0,0,101,165,0,0,0,0,0,0,0,0,0,0,165,194,0,0,0,0,0,0,0,0,0,0,0,0,0,0,0,0,0,0,0,0,0,0,0,0,0,0,0,0,0,0,0,0,0,0
0,0,0,0,0,0,0,0,0,0,0,0,0,0,0,0,0,0,0,0,0,0,0,0,0,0,0,0,0,0,0,0,0,0,0,0,0,0,0,170,170,170,170,170,170,170,170,170,170,170,170,170,170,170,170,170,170,170,170,170,165,101,101,2,2,2,101,2,2,2,2,2,194,146,146,146,146,146,146,146,146,146,146,146,194,146,146,146,146,146,146,146,146,170,170,170,170,170,170,170,170,170,146,146,146,146,146,146,146,170,170,170,70,70,70,70,70,170,70,70,185,185,185,185,185,185,185,185,185,185,185,185,185,185,185,185,185,185,185,0,0,0,0,0,0,0,0,0,0,0,185,185,185,185,185,185,185,185,185,185,185,185,70,146,146,146,146,146,146,170,170,146,146,146,194,146,146,146,146,146,146,146,146,146,146,146,146,146,146,101,101,101,2,2,2,101,101,101,101,2,2,2,101,101,101,101,165,101,2,2,101,0,0,0,0,0,0,0,0,165,101,194,0,0,0,0,0,0,0,0,0,0,0,0,0,0,0,0,0,0,0,0,0,0,0,0,0,0,0,0,0,0,0,0,0,0
0,0,0,0,0,0,0,0,0,0,0,0,0,0,0,0,0,0,0,0,0,0,0,0,0,0,0,0,0,0,0,0,0,0,0,0,0,0,0,170,170,170,170,170,170,170,170,170,170,170,170,170,170,170,170,170,170,170,170,170,101,101,101,2,101,101,101,2,2,2,2,2,101,146,146,146,146,146,146,146,146,146,146,146,194,146,146,146,146,146,146,146,146,170,170,170,170,170,170,170,170,194,146,146,146,146,146,146,146,24,170,170,170,194,70,194,70,70,70,70,185,185,185,185,185,185,185,185,185,185,185,185,185,185,185,185,185,185,185,0,0,0,0,0,0,0,0,0,0,185,185,185,185,185,185,185,185,185,185,185,185,185,70,146,146,146,146,146,170,170,170,170,170,170,170,194,146,146,146,146,146,146,194,146,146,146,146,146,146,194,101,101,2,101,101,101,101,101,101,2,2,2,101,101,101,101,101,101,2,2,2,101,101,0,0,0,0,0,0,165,2,2,101,0,0,0,0,0,0,0,0,0,0,0,0,0,0,0,0,0,0,0,0,0,0,0,0,0,0,0,0,0,0,0,0,0
0,0,0,0,0,0,0,0,0,0,0,0,0,0,0,0,0,0,0,0,0,0,0,0,0,0,0,0,0,0,0,0,0,0,0,0,0,165,170,170,170,170,170,170,170,170,170,170,170,170,170,170,170,170,170,170,170,170,170,165,101,101,101,2,101,2,2,2,2,2,2,194,165,146,146,146,146,146,146,146,146,146,146,194,194,194,194,146,146,146,146,146,170,170,170,170,170,170,170,170,170,146,146,171,146,146,146,171,24,170,170,170,170,170,170,194,194,70,194,194,70,185,165,185,185,185,185,185,185,185,185,185,185,185,185,185,185,185,185,0,0,0,0,0,0,0,0,0,0,185,185,185,185,185,185,185,185,185,185,185,185,185,70,146,146,146,146,146,146,170,170,170,170,170,194,146,146,146,146,146,146,146,146,146,146,194,194,101,101,194,101,2,2,101,101,101,101,165,2,2,2,101,2,101,101,101,2,2,2,2,2,2,101,0,0,0,0,101,101,101,2,2,2,2,0,0,0,0,0,0,0,0,0,0,0,0,0,0,0,0,0,0,0,0,0,0,0,0,0,0,0,0,0,0,0,0
0,0,0,0,0,0,0,0,0,0,0,0,0,0,0,0,0,0,0,0,0,0,0,0,0,0,0,0,0,0,0,0,0,0,0,0,0,165,170,170,170,170,170,170,170,170,170,170,170,170,170,170,170,170,170,170,170,170,170,165,101,101,101,101,2,2,2,2,101,101,194,194,165,146,146,146,146,146,146,170,170,170,170,170,170,170,194,194,194,170,170,170,146,146,146,146,146,170,146,146,170,146,146,24,171,171,171,171,170,170,170,170,170,170,170,170,170,170,170,194,101,101,101,185,185,185,185,185,171,70,185,165,165,185,185,185,185,185,185,185,0,0,0,0,0,0,0,185,185,185,185,185,185,185,185,185,185,185,185,185,185,185,146,146,146,146,146,146,146,146,170,170,170,170,194,146,146,146,146,146,146,146,146,194,194,146,170,194,101,101,101,101,101,2,2,101,2,2,2,2,2,2,2,101,2,2,2,2,2,2,2,2,2,101,165,165,165,101,101,101,2,2,2,2,101,0,0,0,0,0,0,0,0,0,0,0,0,0,0,0,0,0,0,0,0,0,0,0,0,0,0,0,0,0,0,0
0,0,0,0,0,0,0,0,0,0,0,0,0,0,0,0,0,0,0,0,0,0,0,0,0,0,0,0,0,0,0,0,0,0,0,0,170,170,170,170,170,170,170,170,170,170,170,170,170,170,24,24,170,170,170,170,170,170,170,194,2,2,2,2,2,2,2,101,101,165,146,146,146,146,146,146,146,146,170,170,170,170,170,170,170,194,194,170,194,194,146,146,146,146,146,146,146,146,146,146,146,146,146,171,170,170,170,170,170,170,170,170,170,170,170,170,170,170,170,194,101,185,185,185,185,185,194,194,194,194,194,0,0,165,185,185,185,185,185,185,185,185,185,185,0,185,185,185,185,185,185,185,185,185,185,185,185,185,185,185,185,70,70,146,146,146,146,146,146,146,170,170,170,170,194,194,194,146,146,194,146,146,194,194,170,170,170,194,101,2,2,101,2,2,101,101,2,2,2,2,2,2,2,2,2,2,2,2,2,2,2,2,2,2,2,101,101,101,2,2,2,2,2,101,194,0,0,0,0,0,0,0,0,0,0,0,0,0,0,0,0,0,0,0,0,0,0,0,0,0,0,0,0,0,0,0
0,0,0,0,0,0,0,0,0,0,0,0,0,0,0,0,0,0,0,0,0,0,0,0,0,0,0,0,0,0,0,0,0,0,165,170,170,170,170,170,170,170,170,170,170,170,24,24,24,24,24,24,24,170,170,170,170,194,194,101,101,2,2,2,2,2,101,101,194,194,146,146,146,146,146,146,146,146,170,170,170,170,170,194,194,194,146,146,146,146,146,146,146,146,146,146,146,146,146,171,171,70,70,70,170,170,170,170,170,170,170,170,170,170,170,170,170,170,171,70,70,185,185,185,185,70,194,194,170,170,0,0,0,70,185,185,185,185,185,185,185,185,185,185,185,185,185,185,185,185,185,185,185,185,185,185,185,185,185,185,185,185,185,70,146,146,146,146,146,146,170,170,170,170,170,170,170,170,170,170,146,146,170,170,170,170,170,194,101,2,2,2,101,101,101,2,2,2,2,2,2,2,2,2,2,2,2,2,2,2,2,2,2,2,101,101,101,101,2,2,2,2,2,101,194,0,0,0,0,0,0,0,0,0,0,0,0,0,0,0,0,0,0,0,0,0,0,0,0,0,0,0,0,0,0,0
0,0,0,0,0,0,0,0,0,0,0,0,0,0,0,0,0,0,0,0,0,0,0,0,0,0,0,0,0,0,0,0,0,0,165,170,170,170,170,170,170,170,170,170,170,170,24,24,24,24,2,24,24,170,170,170,170,170,194,101,101,101,2,2,2,101,101,194,194,170,194,146,146,146,146,194,170,170,170,170,170,170,170,170,194,146,146,146,146,146,146,146,146,146,146,146,146,146,24,24,146,70,70,70,170,170,170,170,170,170,170,170,146,146,146,146,194,194,70,70,185,185,185,185,101,101,194,194,170,170,0,0,194,70,185,185,185,185,185,185,185,185,185,185,185,185,185,185,185,185,185,185,185,185,185,185,185,185,185,185,185,185,185,70,70,171,146,146,146,170,170,170,170,170,170,170,170,170,170,170,170,170,170,170,170,170,170,194,165,101,2,101,101,101,101,2,2,2,2,2,2,2,101,2,2,2,2,2,2,2,101,2,2,101,2,2,101,101,2,2,2,2,2,101,101,0,0,0,0,0,0,0,0,0,0,0,0,0,0,0,0,0,0,0,0,0,0,0,0,0,0,0,0,0,0,0
0,0,0,0,0,0,0,0,0,0,0,0,0,0,0,0,0,0,0,0,0,0,0,0,0,0,0,0,0,0,0,0,0,165,170,170,170,170,170,170,170,2,2,2,170,170,24,24,170,2,24,24,24,170,170,170,170,194,194,2,101,101,101,2,101,101,101,194,170,170,170,170,194,146,146,170,170,170,170,170,170,170,170,170,194,146,146,146,146,146,146,146,146,146,146,146,146,146,24,146,146,146,146,146,171,171,170,170,170,170,170,146,146,146,146,146,146,146,194,70,185,185,185,185,70,146,146,146,194,0,0,0,170,170,70,185,185,185,185,185,185,185,185,185,185,185,185,185,185,185,185,185,185,185,185,185,185,185,185,185,185,185,185,185,70,70,24,70,70,24,170,171,170,170,170,170,170,170,170,170,170,170,170,170,170,170,170,170,194,101,101,101,101,101,2,2,2,2,2,2,2,101,101,2,2,101,101,101,101,101,2,2,101,101,2,2,101,2,2,2,2,2,2,2,2,101,0,0,0,0,0,0,0,0,0,0,0,0,0,0,0,0,0,0,0,0,0,0,0,0,0,0,0,0,0,0
0,0,0,0,0,0,0,0,0,0,0,0,0,0,0,0,0,0,0,0,0,0,0,0,0,0,0,170,165,0,165,170,170,170,170,170,170,170,170,2,24,24,24,24,170,24,24,24,170,2,24,24,24,24,170,170,194,194,194,101,101,101,101,2,2,101,101,194,170,170,170,170,170,146,146,170,170,170,170,170,170,170,170,170,170,194,146,146,146,146,146,146,146,146,146,146,146,146,146,146,194,146,146,171,24,194,170,170,170,170,146,146,146,146,146,146,146,146,146,146,146,146,146,146,146,146,146,146,194,0,0,0,170,170,70,70,170,194,185,185,185,185,185,185,185,185,185,185,185,185,185,185,185,185,185,185,185,185,185,185,185,185,185,185,70,70,70,171,170,194,70,70,70,194,170,170,170,170,170,170,170,170,170,170,170,170,170,170,170,101,101,101,2,2,101,2,2,2,2,2,2,101,101,2,2,2,101,101,2,2,2,2,2,101,101,101,2,2,2,2,2,2,2,2,2,194,0,0,0,0,0,0,0,0,0,0,0,0,0,0,0,0,0,0,0,0,0,0,0,0,0,0,0,0,0,0
0,0,0,0,0,0,0,0,0,0,0,0,0,0,0,0,0,0,0,0,0,0,0,0,0,0,170,170,170,170,170,170,170,170,170,170,170,170,170,170,24,24,24,24,24,24,24,24,2,24,24,24,24,24,170,170,170,170,194,194,101,101,101,2,101,101,101,194,170,170,170,170,170,170,170,170,170,170,170,170,170,170,170,170,170,165,101,146,146,146,146,146,146,146,146,146,146,146,146,146,146,146,146,171,171,194,146,146,146,146,146,146,146,146,146,146,146,146,146,146,146,146,146,146,146,146,146,146,146,170,0,0,0,0,170,170,170,194,185,185,185,185,185,185,185,185,185,185,185,185,185,185,185,185,194,194,185,185,185,185,185,185,171,146,146,146,146,170,170,170,170,194,70,194,146,146,194,194,170,170,170,170,170,170,170,194,194,194,170,101,101,101,101,101,2,101,2,2,2,101,101,2,2,2,2,101,101,2,2,2,101,101,2,2,2,2,2,2,2,2,2,2,2,2,2,194,165,0,0,0,0,0,0,0,0,0,0,0,0,0,0,0,0,0,0,0,0,0,0,0,0,0,0,0,0,0
0,0,0,0,0,0,0,0,0,0,0,0,0,0,0,0,0,0,0,0,0,0,0,0,0,0,165,170,170,170,170,170,170,170,170,170,170,170,170,2,24,24,24,24,24,24,24,24,2,24,24,24,24,170,170,170,170,170,170,170,194,101,101,101,101,165,194,170,170,170,170,170,170,170,170,170,101,165,170,170,170,170,170,170,170,146,146,146,146,146,146,146,146,146,146,146,146,146,146,146,146,146,146,146,171,171,146,146,146,146,146,146,146,146,146,146,146,146,146,146,146,146,146,146,146,146,146,146,170,170,170,194,0,0,170,170,170,70,185,185,185,185,185,185,185,185,185,185,185,185,70,194,70,170,170,170,185,185,185,185,185,185,70,146,146,146,146,146,170,146,146,170,70,194,146,146,194,194,170,170,194,194,170,170,170,170,170,170,170,170,101,165,101,2,2,2,2,2,2,101,101,101,101,2,2,101,2,2,101,2,2,2,2,2,2,2,2,2,2,2,2,165,165,101,2,101,0,0,0,0,0,0,0,0,0,0,0,0,0,0,0,0,0,0,0,0,0,0,0,0,0,0,0,0,0,0
0,0,0,0,0,0,0,0,0,0,0,0,0,0,0,0,0,0,0,0,0,0,0,0,0,0,170,170,170,170,170,170,170,170,170,24,170,170,170,24,24,24,24,24,24,24,24,170,24,24,24,24,24,24,170,170,170,170,170,170,170,170,165,101,101,165,194,194,170,170,170,170,170,170,101,101,101,101,194,170,170,194,170,170,194,146,146,146,146,146,146,146,146,146,146,146,146,146,146,146,146,146,146,146,171,171,146,146,146,146,146,146,146,146,146,146,146,146,146,146,146,146,146,146,146,146,146,170,170,170,170,170,0,0,170,170,170,70,70,70,70,194,185,185,185,185,185,185,185,185,70,194,170,170,170,170,185,185,185,185,185,185,70,146,146,146,146,146,146,146,146,146,70,70,146,194,146,146,146,194,194,194,170,170,170,170,170,170,170,170,170,194,165,2,101,101,2,2,101,101,194,101,2,2,2,2,2,2,2,101,2,2,2,2,2,2,2,2,2,2,101,165,0,0,101,101,0,0,0,0,0,0,0,0,0,0,0,0,0,0,0,0,0,0,0,0,0,0,0,0,0,0,0,0,0,0
0,0,0,0,0,0,0,0,0,0,0,0,0,0,0,0,0,0,0,0,0,0,0,0,0,0,170,170,170,170,170,170,170,170,24,24,24,24,2,24,24,24,24,24,24,24,24,24,24,2,24,24,24,24,24,24,170,170,170,170,170,170,170,165,101,165,194,194,170,170,170,170,170,194,2,101,171,90,171,194,194,171,165,194,146,146,146,146,146,146,146,146,146,146,146,146,146,146,146,146,146,146,146,70,70,70,146,146,146,146,146,146,146,146,146,146,146,146,146,146,146,146,146,146,146,170,170,170,170,170,170,0,0,170,170,170,170,170,170,194,194,194,185,185,185,185,185,185,185,70,70,170,170,170,170,170,185,185,185,185,185,70,70,171,146,194,146,146,146,146,146,146,70,70,101,101,101,194,194,146,194,194,194,170,170,170,170,170,170,170,170,146,194,165,101,2,2,2,101,194,194,101,101,101,101,2,2,2,2,101,101,101,2,2,2,2,2,2,2,101,165,0,0,0,0,0,0,0,0,0,0,0,0,0,0,0,0,0,0,0,0,0,0,0,0,0,0,0,0,0,0,0,0,0,0,0
0,0,0,0,0,0,0,0,0,0,0,0,0,0,0,0,0,0,0,0,0,0,0,0,170,170,170,170,170,170,170,170,24,24,24,24,24,24,24,24,24,24,24,24,2,2,24,24,24,24,24,24,24,24,24,170,170,170,170,170,170,170,170,194,165,194,170,170,170,170,170,170,170,165,101,101,90,90,90,90,90,171,2,101,194,146,146,146,146,146,146,146,146,146,146,146,146,146,146,146,146,146,146,70,70,70,70,24,146,146,146,146,146,146,146,146,146,146,146,146,146,146,146,146,170,170,170,170,170,170,0,0,0,170,170,170,170,170,170,146,170,170,194,185,185,185,185,185,70,70,170,170,170,170,170,170,70,185,185,185,185,70,70,70,194,194,194,70,70,70,171,70,70,70,70,70,24,24,170,170,170,170,194,170,170,170,170,170,170,170,194,194,165,101,101,101,2,2,2,194,194,194,165,194,165,101,101,101,101,2,2,2,2,2,2,2,2,2,101,165,0,0,0,0,0,0,0,0,0,0,0,0,0,0,0,0,0,0,0,0,0,0,0,0,0,0,0,0,0,0,0,0,0,0,0,0
0,0,0,0,0,0,0,0,0,0,0,0,0,0,0,0,0,0,0,0,0,0,165,165,170,170,170,170,170,170,170,24,24,24,24,24,24,24,24,24,24,24,24,24,24,24,24,24,24,24,24,24,24,24,24,170,170,170,170,170,170,170,165,165,165,165,170,170,170,170,194,194,101,101,101,171,171,171,90,90,90,171,2,2,101,165,194,194,146,194,146,146,194,146,146,146,146,146,146,146,146,146,146,171,70,146,70,146,171,171,146,146,146,146,146,146,146,146,170,170,170,170,170,194,170,170,170,170,170,170,170,0,0,170,170,170,170,170,170,170,170,70,185,185,185,185,70,70,170,170,170,170,170,170,170,170,170,70,70,185,185,171,194,70,70,70,70,70,194,194,70,70,70,70,24,194,170,170,24,170,170,170,194,170,170,170,170,170,170,170,170,170,101,101,101,101,2,2,2,101,194,194,170,170,194,194,101,101,2,2,2,101,2,2,2,2,2,2,101,165,0,0,0,0,0,0,0,0,0,0,0,0,0,0,0,0,0,0,0,0,0,0,0,0,0,0,0,0,0,0,0,0,0,0,0,0
0,0,0,0,0,0,0,0,0,0,0,0,0,0,0,0,0,0,0,0,0,165,170,170,170,170,170,170,170,170,24,24,24,24,24,24,24,24,24,24,24,2,24,170,24,24,24,24,24,24,24,24,24,170,170,170,170,170,170,170,170,170,165,165,194,194,170,101,165,194,194,101,101,101,101,171,2,101,90,90,90,2,2,2,2,101,170,170,194,170,146,194,194,146,146,146,146,146,146,146,146,146,146,146,146,146,146,146,146,171,146,146,146,146,146,146,146,146,170,170,170,170,170,170,170,170,170,170,170,170,170,0,0,0,0,194,170,170,170,170,170,70,185,185,185,70,194,194,170,170,170,170,170,170,170,170,170,194,70,70,70,171,194,171,70,70,70,70,194,170,170,170,171,170,24,170,170,170,171,170,194,170,146,194,194,170,170,170,170,170,170,170,194,101,101,101,2,2,2,2,194,170,170,170,170,170,170,101,101,2,2,2,2,2,2,2,2,2,101,101,165,0,0,0,0,0,0,0,0,0,0,0,0,0,0,0,0,0,0,0,0,0,0,0,0,0,0,0,0,0,0,0,0,0,0,0
0,0,0,0,0,0,0,0,0,0,0,0,0,0,0,0,0,0,0,0,0,165,170,170,170,170,170,170,170,170,170,24,24,24,24,24,24,24,24,24,24,170,24,24,24,2,24,24,24,24,24,24,170,170,170,170,170,170,170,170,170,170,165,101,101,101,101,101,2,2,165,2,2,101,2,2,101,101,101,171,90,2,2,2,2,165,170,170,170,170,170,170,170,194,170,170,194,146,146,146,146,194,146,146,146,146,146,146,146,146,146,146,146,146,170,170,146,170,170,170,170,170,170,170,170,170,170,170,170,170,170,165,0,0,0,0,0,170,194,194,24,70,194,70,70,70,146,146,146,170,170,170,170,170,170,170,171,70,70,70,171,171,194,194,171,194,194,70,194,146,170,170,170,170,170,170,170,170,170,170,194,194,146,146,194,165,170,170,170,170,170,170,170,194,101,101,2,2,2,2,194,170,170,170,170,170,170,101,101,101,101,2,2,2,2,2,2,101,101,101,101,0,0,0,0,0,0,0,0,0,0,0,0,0,0,0,0,0,0,0,0,0,0,0,0,0,0,0,0,0,0,0,0,0,0,0
0,0,0,0,0,0,0,0,0,0,0,0,0,0,0,0,0,0,0,0,165,170,170,170,170,170,170,170,170,170,170,170,170,24,24,24,24,24,24,24,24,24,24,24,24,24,24,24,24,24,24,24,24,170,170,170,170,170,170,194,170,170,165,101,101,101,101,2,2,101,2,2,101,101,2,2,101,101,2,101,2,2,2,2,101,101,165,170,170,170,170,170,170,170,170,170,194,146,146,146,146,146,146,146,146,146,146,146,146,146,146,146,146,146,170,170,170,170,170,170,170,170,170,170,170,170,170,170,170,170,170,0,0,0,0,0,170,170,170,170,170,194,170,170,70,70,146,146,146,146,170,170,170,170,170,170,170,120,194,70,194,194,194,194,194,194,194,194,170,170,170,170,170,170,170,170,170,170,170,170,170,194,194,194,170,170,165,170,170,170,170,170,170,101,2,2,101,2,2,194,194,170,170,170,170,170,194,165,194,194,101,2,2,2,101,2,2,2,165,194,165,0,0,0,0,0,0,0,0,0,0,0,0,0,0,0,0,0,0,0,0,0,0,0,0,0,0,0,0,0,0,0,0,0,0,0
0,0,0,0,0,0,0,0,0,0,0,0,0,0,0,0,0,0,0,0,165,170,170,170,170,170,170,170,170,170,170,170,170,24,24,24,24,24,24,24,24,24,24,24,24,24,24,24,24,24,24,24,24,24,24,24,170,170,101,101,101,101,165,101,101,2,2,2,2,2,2,2,101,2,2,2,101,2,101,2,90,2,2,101,2,101,101,170,170,170,170,170,170,170,170,170,170,194,146,194,146,194,146,146,146,146,146,146,146,146,146,146,146,170,170,170,170,170,170,170,170,170,170,170,170,170,170,170,170,170,194,0,0,0,0,0,0,194,170,170,170,170,170,170,70,70,194,146,146,170,170,170,170,170,170,170,170,194,194,171,171,194,194,194,194,194,194,194,170,170,194,194,170,170,170,170,170,170,170,170,170,170,170,170,170,170,170,165,170,170,170,170,170,101,101,101,101,2,2,194,170,170,170,170,170,170,170,170,170,194,2,101,101,2,101,101,101,101,101,101,101,165,0,0,0,0,0,0,0,0,0,0,0,0,0,0,0,0,0,0,0,0,0,0,0,0,0,0,0,0,0,0,0,0,0,0
0,0,0,0,0,0,0,0,0,0,0,0,0,0,0,0,0,0,0,0,170,170,170,170,170,170,170,170,170,170,170,170,170,24,24,24,24,24,24,24,24,24,24,24,24,2,24,24,24,24,24,24,24,24,24,24,170,165,101,2,101,101,101,101,101,101,2,2,2,2,101,2,2,2,2,101,2,101,101,2,2,2,2,2,2,2,101,194,170,170,170,170,170,170,170,170,170,170,170,170,170,170,146,146,146,146,146,146,146,146,146,146,146,170,170,170,170,170,170,170,170,170,170,170,170,170,170,170,170,170,170,0,0,0,0,0,0,0,170,170,170,170,170,170,70,194,194,146,146,146,170,170,170,170,170,170,170,170,194,170,171,194,194,194,146,194,194,146,146,170,170,170,170,170,170,170,170,170,170,170,170,170,170,170,170,170,170,165,170,170,170,170,170,170,194,194,101,101,101,170,170,170,170,170,170,170,170,170,170,170,194,101,101,101,101,101,101,101,2,2,2,101,194,0,0,0,0,0,0,0,0,0,0,0,0,0,0,0,0,0,0,0,0,0,0,0,0,0,0,0,0,0,0,0,0,0
0,0,0,0,0,0,0,0,0,0,0,0,0,0,0,0,0,0,0,165,170,170,170,170,170,170,170,170,24,24,24,170,170,24,24,24,24,24,24,24,24,24,24,24,24,24,24,24,24,24,24,24,24,24,24,24,194,194,101,101,2,101,101,2,101,2,2,2,2,2,101,2,101,2,101,2,101,101,2,101,101,2,2,2,2,2,101,165,170,170,170,170,170,170,170,170,170,170,170,146,146,146,146,146,146,146,146,146,194,170,170,170,146,146,146,170,170,170,170,170,170,170,170,170,170,170,170,170,165,170,165,0,0,0,0,0,0,0,165,170,170,170,170,170,70,194,194,146,170,194,146,170,170,170,170,170,170,170,170,170,170,170,194,146,146,146,146,146,146,146,170,170,170,170,146,170,170,146,170,170,170,170,170,170,170,170,170,170,170,170,170,170,170,170,170,170,170,194,170,170,170,170,170,170,170,170,170,170,170,170,170,170,170,194,194,101,2,101,2,2,2,101,194,194,165,0,0,0,0,0,0,0,0,0,0,0,0,0,0,0,0,146,146,146,120,0,0,0,0,0,0,0,0,0,0,0
0,0,0,0,0,0,0,0,0,0,0,0,0,0,0,0,0,0,0,165,170,170,170,170,170,170,170,170,24,24,24,24,24,24,24,24,24,24,24,24,24,24,24,2,24,24,24,24,24,24,24,24,24,24,24,24,24,170,194,101,101,101,2,2,2,2,2,101,101,101,101,101,101,101,101,101,2,2,2,2,101,2,2,2,2,2,2,165,170,170,170,170,170,170,170,170,170,170,170,170,146,146,146,146,146,146,146,146,194,170,170,170,170,170,146,170,170,170,170,170,170,170,170,170,170,170,170,165,0,0,0,0,0,0,0,0,0,0,170,170,170,170,170,170,70,70,170,170,170,170,146,146,170,146,170,170,170,170,170,170,170,170,194,146,146,146,146,146,146,146,170,170,170,146,146,146,146,146,146,170,170,170,170,170,170,170,170,170,170,170,170,170,170,170,170,170,170,170,170,170,170,170,170,194,194,194,170,170,170,170,170,170,170,170,194,101,2,2,2,2,2,101,194,194,0,0,0,0,0,0,0,0,0,0,0,0,0,0,0,0,146,146,146,146,0,0,0,0,0,0,0,0,0,0,0,0
0,0,0,0,0,0,0,0,0,0,0,0,0,0,0,0,0,0,165,170,170,170,170,170,170,170,170,170,24,24,24,24,24,24,24,24,24,24,24,24,24,24,24,24,24,24,24,24,24,24,24,24,24,24,24,24,24,170,194,101,101,2,2,2,101,2,2,101,101,101,165,165,165,165,101,101,101,101,101,101,2,2,2,2,2,2,2,101,170,146,170,170,170,170,170,170,170,170,170,170,170,170,170,194,194,146,146,146,146,170,170,170,170,170,146,170,170,170,170,170,170,170,170,170,170,170,170,0,0,0,0,0,0,0,0,0,0,170,170,170,170,170,170,170,194,70,170,170,170,170,170,146,170,170,170,170,170,170,170,170,170,170,170,194,146,146,146,146,146,170,170,170,170,146,146,146,146,146,146,170,170,170,170,170,170,170,165,170,170,194,194,170,170,170,170,170,170,170,170,194,194,194,194,194,146,194,146,194,194,194,170,170,170,170,194,101,2,101,2,2,2,101,165,101,194,165,0,0,0,0,0,0,0,0,0,0,0,0,0,146,146,146,146,0,0,0,0,0,0,0,0,0,0,0,0,0
0,0,0,0,0,0,0,0,0,0,0,0,0,0,0,0,0,0,165,170,170,170,170,170,170,170,170,170,24,24,24,24,24,24,24,24,24,24,24,24,24,24,2,24,24,24,24,24,24,24,24,24,24,24,24,24,170,170,101,2,2,2,2,101,2,2,101,101,165,0,165,0,0,194,194,101,101,101,101,101,2,2,2,2,2,101,165,165,146,146,194,194,165,194,170,170,170,170,170,170,170,170,170,170,170,146,146,146,170,194,170,170,170,146,146,170,170,170,170,170,170,170,170,170,170,170,170,165,0,0,0,0,0,0,0,0,0,165,170,170,170,170,170,170,170,170,171,170,170,170,170,170,170,194,146,170,170,170,170,170,170,170,170,170,146,146,146,146,146,146,146,170,170,146,146,146,146,146,146,170,170,170,170,170,170,170,170,170,170,170,170,194,170,170,170,170,170,170,170,170,170,170,146,146,194,146,146,146,165,165,194,170,194,194,194,194,101,2,2,2,101,165,101,101,194,165,0,0,0,0,0,0,0,0,0,0,146,0,0,194,0,0,0,0,0,0,0,0,0,0,0,0,0,0,0,0
0,0,0,0,0,0,0,0,0,0,0,0,0,0,0,0,0,0,0,170,170,170,170,170,170,170,170,170,24,24,24,24,24,24,24,24,24,24,24,24,24,24,24,24,24,24,24,24,24,24,24,24,24,24,24,24,170,170,170,101,2,2,101,101,101,2,101,165,165,0,0,0,0,165,165,101,101,101,101,101,2,2,2,2,2,2,101,165,146,146,146,165,165,146,146,165,170,170,170,170,170,170,170,170,170,146,146,165,194,170,170,170,170,170,170,170,170,170,170,170,170,170,170,170,170,170,170,0,0,0,0,0,0,0,0,0,0,170,170,170,194,194,194,194,170,170,170,170,170,170,170,170,194,146,146,146,170,170,170,170,170,170,170,170,146,194,146,146,146,146,146,146,146,146,146,146,146,146,146,170,170,170,170,170,170,170,170,170,170,170,170,170,170,170,170,170,170,170,170,170,170,194,170,170,170,170,146,146,146,146,170,194,194,194,194,194,101,2,2,2,101,165,194,101,165,0,0,0,0,0,0,0,0,0,0,146,146,146,0,0,0,0,0,0,0,0,0,0,0,0,0,0,0,0,0,0
0,0,0,0,0,0,0,0,0,0,0,0,0,0,0,0,0,0,0,165,170,170,170,170,24,24,24,24,24,24,24,24,24,101,24,2,24,24,24,24,24,24,24,24,24,24,24,24,24,24,24,24,24,24,24,24,170,170,170,170,194,194,171,165,165,101,165,0,0,0,0,0,0,0,165,101,101,2,2,101,2,2,2,2,2,2,101,165,146,146,146,146,146,146,146,165,194,194,170,194,170,170,170,170,170,170,146,165,170,170,170,170,170,170,170,170,170,170,170,170,170,170,170,170,170,170,170,170,0,0,0,0,0,0,0,0,0,0,0,0,194,194,170,170,170,170,170,170,170,170,194,146,146,146,146,146,146,170,170,170,170,170,170,170,146,146,146,146,146,146,146,146,146,146,146,146,170,170,146,170,194,146,170,170,170,170,170,170,170,170,170,170,170,170,170,170,170,170,170,170,170,170,170,170,170,170,170,146,146,146,170,170,170,170,170,170,101,2,2,2,101,101,165,165,0,0,0,0,0,0,0,0,0,0,0,146,146,146,146,146,0,0,0,0,0,0,0,0,0,0,0,0,0,0,0,0
0,0,0,0,0,0,0,0,0,0,0,0,0,0,0,0,0,165,165,170,170,170,170,24,24,24,24,24,24,24,24,24,24,24,24,24,2,24,24,24,24,24,24,24,24,24,24,24,24,24,24,24,24,24,24,24,24,24,170,170,24,24,24,24,165,165,0,0,0,0,0,0,0,0,165,101,101,101,101,2,2,2,2,2,101,101,101,146,146,146,146,146,146,146,146,146,194,194,194,194,194,170,170,170,170,146,146,194,170,170,170,170,170,170,170,170,170,170,170,170,170,170,146,170,170,170,170,170,170,170,165,0,0,0,0,0,0,0,0,0,0,194,170,170,170,170,170,170,170,170,146,146,146,146,146,146,194,170,170,170,170,170,170,170,194,146,146,146,146,146,146,146,146,146,194,170,146,146,146,146,146,194,170,170,170,170,170,170,170,170,170,170,170,170,170,170,170,170,170,170,170,170,170,170,170,170,146,170,170,170,170,170,170,170,170,170,170,101,2,101,2,2,101,194,0,0,0,0,0,0,0,0,0,146,146,146,146,146,146,146,0,0,0,0,0,0,0,0,0,0,0,0,0,0,0,0
0,0,0,0,0,0,0,0,0,0,0,0,0,0,0,0,0,170,170,170,170,170,170,24,24,24,24,24,24,24,2,24,24,24,24,24,2,24,24,24,24,2,24,24,24,24,2,2,2,24,24,24,24,24,24,24,24,24,101,24,24,24,24,24,24,165,0,0,0,0,0,0,0,171,101,101,2,2,101,2,2,101,2,2,2,165,146,146,146,146,146,146,146,146,146,146,165,170,170,170,170,170,170,170,170,170,194,170,170,170,170,170,170,170,170,170,170,170,170,170,170,170,170,170,170,170,170,170,170,170,165,0,0,0,0,0,0,0,0,0,0,170,170,170,170,170,170,170,170,170,194,146,146,146,146,146,146,194,170,170,170,170,170,146,146,146,146,146,146,146,146,146,146,146,146,146,146,146,146,146,146,146,170,170,170,170,170,170,170,170,170,170,170,170,170,170,170,170,170,170,170,170,170,170,170,170,146,170,170,170,170,170,170,170,170,170,170,101,2,101,2,2,2,101,101,0,0,0,0,0,0,0,146,146,146,146,146,146,146,0,0,0,0,0,0,0,0,0,0,0,0,0,0,0,0,0
0,0,0,0,0,0,0,0,0,0,0,0,0,0,0,0,165,170,170,170,170,170,170,24,24,24,24,24,24,24,24,24,24,24,24,24,24,24,24,24,24,2,2,2,2,2,2,24,24,2,2,2,24,24,24,24,24,24,24,24,24,24,24,24,24,165,0,0,0,0,0,0,0,165,171,2,2,101,2,2,2,2,2,2,2,101,146,146,146,146,146,146,146,146,146,146,194,194,170,170,170,170,170,170,170,170,170,170,170,170,170,170,170,170,170,170,170,170,170,170,170,170,170,170,170,170,170,170,170,170,165,165,0,0,0,0,0,0,0,0,0,170,170,170,170,170,170,170,170,170,146,146,146,146,146,146,146,170,170,170,170,170,146,146,146,146,146,146,146,146,194,146,146,146,146,146,146,146,146,146,146,146,194,146,194,170,170,170,170,170,170,170,170,170,170,170,170,170,170,170,170,170,170,170,170,170,170,170,170,170,0,170,170,170,170,170,170,101,101,101,101,2,2,101,101,101,0,0,0,0,0,0,146,146,146,146,146,146,165,0,0,0,0,0,0,0,0,0,0,0,0,0,0,0,0,0
0,0,0,0,0,0,0,0,0,0,0,0,0,0,0,0,0,170,170,170,170,170,170,170,24,24,24,24,24,24,24,24,24,24,24,24,24,24,2,2,170,170,170,170,2,2,24,24,24,24,24,24,24,24,24,24,24,24,24,24,24,24,24,24,165,0,0,0,0,0,0,0,0,165,101,2,101,2,2,2,2,2,2,2,2,2,101,146,146,146,146,146,146,146,146,146,146,194,194,194,170,170,170,170,170,170,170,170,170,170,170,170,170,170,170,170,170,170,170,170,170,170,170,170,170,170,170,170,170,170,170,170,170,0,0,0,0,0,0,0,0,0,170,170,170,170,146,194,146,146,146,146,146,146,146,146,170,170,194,194,170,194,146,146,146,146,146,146,146,146,194,146,146,146,146,146,146,146,146,146,146,146,146,146,146,170,170,170,170,170,170,170,170,170,170,170,170,170,170,170,170,170,170,170,170,0,194,170,170,194,0,0,170,170,170,170,170,194,101,101,101,2,2,101,2,101,101,0,0,0,0,0,0,0,0,0,0,0,0,0,0,0,0,0,0,0,0,0,0,0,0,0,0,0,0,0
0,0,0,0,0,0,0,0,0,0,0,0,0,0,0,0,0,170,170,170,170,170,170,170,170,170,170,170,24,24,24,24,24,24,24,24,24,24,2,170,170,2,2,170,170,2,24,24,24,24,24,24,24,24,24,24,24,24,24,24,24,24,24,24,171,0,0,0,0,0,0,0,0,165,101,101,101,2,2,2,2,2,2,2,2,2,2,146,146,146,146,146,146,146,146,146,146,194,170,170,170,170,170,170,170,170,170,170,170,170,170,170,170,170,170,170,170,170,170,170,170,170,170,170,170,170,170,170,170,170,170,170,170,0,0,0,0,0,0,0,0,0,170,170,170,146,146,146,146,146,146,146,146,146,146,146,170,146,146,146,146,146,146,146,146,146,146,146,146,146,146,146,146,146,146,146,146,146,146,146,146,146,146,146,146,146,194,170,170,170,170,170,170,170,170,170,170,170,170,170,194,170,170,170,0,0,0,0,170,194,0,0,170,170,170,170,170,170,101,101,2,2,101,2,2,2,101,101,0,0,0,0,0,0,0,0,0,0,0,0,0,0,0,0,0,0,0,0,0,0,0,0,0,0,0,0
0,0,0,0,0,0,0,0,0,0,0,0,0,0,0,170,170,194,165,170,170,170,170,170,170,170,170,170,170,24,24,24,24,24,24,24,24,2,2,170,2,24,24,2,170,2,24,24,24,24,24,24,24,24,24,24,24,24,24,24,24,24,24,24,24,165,0,0,0,0,0,0,0,0,101,101,2,2,2,2,2,101,101,2,2,2,2,146,146,146,146,146,146,146,146,146,194,194,170,170,170,194,170,170,170,170,170,170,170,170,170,170,170,170,170,170,170,170,170,170,170,170,170,170,170,170,170,0,0,0,0,0,170,0,0,0,0,0,0,0,0,170,170,170,194,146,146,146,194,146,146,146,146,146,146,146,194,146,146,146,146,146,146,146,146,146,146,146,146,146,146,146,146,194,146,146,146,146,146,146,146,146,146,146,146,146,194,170,170,170,170,170,170,170,170,170,170,170,170,170,170,170,170,0,0,0,0,170,170,170,194,0,0,170,170,170,170,170,170,101,2,101,101,2,2,2,2,2,101,101,194,194,194,0,0,0,0,0,0,0,0,0,0,0,0,0,0,0,0,0,0,0,0,0,0,0
0,0,0,0,0,0,0,0,0,0,0,0,0,0,0,0,0,0,0,0,170,170,170,170,170,170,170,170,170,170,24,24,24,24,24,24,24,24,24,170,2,24,24,24,170,170,24,24,24,24,24,24,24,24,24,24,24,24,24,24,24,0,0,0,165,0,0,0,0,0,0,0,0,0,0,165,101,2,2,2,2,2,101,2,2,2,2,101,101,146,146,146,146,146,146,194,170,170,170,170,170,170,170,170,170,170,170,170,170,170,170,170,170,170,170,170,170,170,170,170,170,170,170,170,170,170,165,0,0,0,0,0,0,0,0,0,0,0,0,0,0,170,170,170,194,194,146,146,146,194,194,146,146,146,146,146,194,146,146,146,146,146,146,146,146,146,146,146,146,146,146,146,146,194,194,146,146,146,146,146,146,146,146,146,146,146,170,170,170,170,170,170,170,170,170,170,170,170,170,170,170,170,170,0,0,0,170,170,170,170,170,0,0,0,170,170,170,194,101,101,101,101,2,2,2,101,2,2,2,2,101,194,194,194,194,0,0,0,0,0,0,0,0,0,0,0,0,0,0,0,0,0,0,0,0,0
0,0,0,0,0,0,0,0,0,0,0,0,0,0,0,0,0,0,0,0,0,165,170,170,170,170,170,170,170,24,24,24,24,24,24,24,24,24,2,2,170,24,24,24,170,2,2,2,24,24,24,24,24,24,24,24,24,24,24,0,0,0,0,0,0,0,0,0,0,0,0,0,0,0,0,0,165,101,101,101,101,2,101,101,2,2,2,101,101,2,101,146,146,146,146,194,170,170,170,170,170,170,170,170,170,194,170,170,170,170,170,170,170,170,170,170,170,170,170,170,170,170,170,170,170,165,0,0,0,0,0,0,0,0,0,0,0,0,0,0,0,0,170,170,170,194,146,146,146,146,146,146,146,146,146,146,146,146,146,146,146,146,146,146,146,146,146,146,146,146,146,146,146,146,146,146,146,146,146,146,165,194,146,146,165,194,170,170,170,170,170,170,170,170,170,170,170,170,170,170,170,170,170,194,0,0,170,170,170,170,170,0,0,170,170,170,170,194,101,101,101,101,2,101,101,2,2,2,2,2,101,165,170,146,170,0,0,0,0,0,0,0,0,0,0,0,0,0,0,0,0,0,0,0,0,0
0,0,0,0,0,0,0,0,0,0,0,0,0,0,0,0,0,0,0,0,0,165,170,170,170,170,170,170,170,24,24,24,24,24,24,24,24,24,24,2,170,170,170,170,2,2,2,24,24,24,24,24,24,24,24,24,24,24,0,0,0,0,0,0,0,0,0,0,0,0,0,0,0,0,0,0,165,101,101,2,101,101,101,2,2,2,2,2,2,2,2,146,146,146,146,194,170,170,170,170,170,170,170,170,170,194,170,170,170,170,170,170,170,170,170,170,170,170,170,170,170,170,170,170,170,165,0,0,0,0,0,194,194,0,194,0,0,0,0,165,0,0,170,170,170,194,170,170,170,146,146,146,146,146,146,146,146,146,146,146,146,146,146,146,146,146,146,146,146,146,146,146,146,146,146,146,146,194,170,194,170,170,194,194,170,170,170,170,170,170,170,170,170,170,170,170,170,170,170,170,170,170,170,170,170,170,170,170,170,170,170,0,0,170,170,170,170,170,194,101,101,101,2,101,101,2,2,2,2,101,101,194,170,194,0,0,0,0,0,0,0,0,0,0,0,0,0,0,0,0,0,0,0,0,0,0
0,0,0,0,0,0,0,0,0,0,0,0,0,0,0,0,0,0,0,0,0,165,170,170,170,170,170,170,170,24,24,24,24,24,24,24,24,24,24,2,2,24,170,170,2,2,2,24,2,24,24,24,24,24,24,24,24,24,0,0,0,0,0,0,0,0,0,0,0,0,0,0,0,0,0,0,165,101,2,101,101,101,101,2,2,2,2,2,2,2,146,146,146,146,194,170,170,170,170,170,170,170,170,170,170,170,170,170,170,170,170,170,170,170,170,170,170,170,170,170,170,170,0,0,0,0,0,0,0,0,194,170,194,194,170,0,0,0,170,170,170,0,0,194,194,170,170,170,170,146,146,146,146,146,146,146,194,194,146,170,146,146,146,146,146,146,146,146,146,146,146,146,146,146,165,194,170,170,170,170,170,170,170,170,170,170,170,170,170,170,170,170,170,170,170,170,170,170,170,170,170,170,170,170,170,170,170,170,170,170,170,170,0,170,170,170,170,170,170,194,101,101,101,2,101,2,2,2,2,101,101,170,170,194,0,0,0,0,0,0,0,0,0,0,0,0,0,0,0,0,0,0,0,0,0,0
0,0,0,0,0,0,0,0,0,0,0,0,0,0,0,0,0,0,0,0,0,165,170,170,170,170,170,170,24,24,24,24,24,2,24,24,24,24,24,24,24,24,24,170,2,2,2,24,24,24,24,24,24,24,24,24,0,0,0,0,0,0,0,0,0,0,0,0,0,0,0,0,0,0,0,0,165,101,101,101,101,2,2,2,2,2,2,2,2,2,2,146,146,194,170,170,170,170,170,170,170,170,170,170,170,170,170,170,170,170,170,170,170,170,170,170,170,170,170,170,170,0,0,0,0,0,0,0,0,165,194,170,194,170,170,170,0,165,170,170,170,170,0,0,0,170,170,170,170,146,146,146,146,146,146,146,146,170,170,170,146,194,146,146,146,146,146,146,146,146,146,146,146,146,194,170,170,170,170,170,170,170,170,170,170,170,170,170,170,170,170,170,170,170,170,170,170,170,170,170,170,170,170,170,170,170,170,170,170,170,170,170,170,170,170,170,170,194,194,194,101,101,101,2,2,2,2,2,2,2,2,194,170,170,194,0,0,0,0,0,0,0,0,0,0,0,0,0,0,0,0,0,0,0,0,0
0,0,0,0,0,0,0,0,0,0,0,0,0,0,0,0,0,0,0,0,170,170,170,170,170,170,170,170,24,24,24,24,24,24,24,24,24,24,24,24,24,24,2,170,24,2,24,2,24,24,24,24,24,24,24,24,0,0,0,171,24,24,0,0,0,0,0,0,0,0,0,0,0,0,0,0,165,101,2,2,2,2,2,2,2,2,2,2,2,2,2,2,194,170,170,170,170,170,170,170,170,170,170,170,170,170,170,170,170,170,170,170,170,170,170,170,170,170,170,170,170,0,0,0,0,0,0,165,170,170,170,170,170,170,170,170,170,170,170,170,170,170,0,0,0,0,170,170,170,170,170,170,146,146,146,146,194,170,170,170,170,194,146,146,146,146,146,146,146,146,146,146,146,146,194,170,170,170,170,170,170,170,170,170,170,170,170,170,170,170,170,170,170,170,170,170,170,170,170,170,170,170,170,170,170,170,170,170,170,170,170,170,170,170,170,170,194,101,101,101,101,101,2,101,2,2,2,2,2,2,2,101,170,170,170,170,194,0,0,0,0,0,0,0,0,0,0,0,0,0,0,0,0,0,0,0
0,0,0,0,0,0,0,0,0,0,0,0,0,0,0,0,0,0,0,0,170,170,170,170,170,170,170,24,24,24,24,24,24,2,24,24,24,24,24,24,24,2,2,2,170,2,24,24,24,24,24,24,24,24,24,24,24,0,0,0,24,24,0,0,0,0,0,0,0,0,0,0,0,0,165,165,101,101,101,2,2,2,194,194,101,2,2,2,2,2,2,2,194,170,170,170,170,170,170,170,170,170,170,170,170,170,170,170,170,170,170,170,170,170,170,170,170,170,170,170,170,165,0,0,0,0,0,170,170,170,170,170,170,170,170,170,170,170,170,170,170,170,0,0,0,0,170,170,170,170,170,170,170,170,170,170,170,170,170,170,170,146,146,146,146,146,146,146,146,146,146,146,146,146,194,165,170,170,170,170,170,170,170,170,170,170,170,170,170,170,170,170,170,170,170,170,170,170,170,170,170,170,170,170,170,170,170,170,170,170,170,170,170,170,170,194,194,194,101,101,2,2,2,2,2,2,2,2,2,2,2,2,101,194,170,170,170,0,0,165,0,0,0,0,0,0,0,0,0,0,0,0,0,0,0,0
0,0,0,0,0,0,0,0,0,0,0,0,0,0,0,0,0,0,0,0,0,170,170,170,170,24,24,24,24,24,24,24,24,24,24,24,24,24,24,24,24,2,24,24,2,24,24,24,24,24,24,2,24,24,24,24,24,24,24,24,24,24,171,171,0,0,0,0,0,0,0,165,0,0,165,101,2,2,2,2,101,165,170,170,170,101,101,2,2,2,101,101,170,170,170,170,170,170,170,170,170,170,170,170,170,170,170,170,170,170,170,170,170,170,170,170,170,170,170,170,165,0,0,0,0,0,0,170,170,170,170,170,170,170,170,170,170,170,170,170,170,165,0,0,0,0,165,170,170,170,170,170,170,170,170,170,170,170,170,170,170,146,146,146,146,146,146,146,146,194,146,146,194,194,165,194,170,170,170,170,170,170,170,170,170,170,170,170,170,165,165,194,170,170,170,170,170,170,170,170,170,170,170,170,170,170,170,170,170,170,170,170,170,170,194,0,0,194,194,194,101,101,2,2,2,2,2,2,2,2,2,2,2,101,194,170,146,194,165,194,0,0,0,0,0,0,0,0,0,0,0,0,0,0,0,0
0,0,0,0,0,0,0,0,0,0,0,0,0,0,0,0,0,0,0,0,165,170,170,170,170,170,170,24,24,24,24,24,24,24,24,24,24,24,24,24,24,24,24,24,2,170,24,24,24,24,24,24,24,24,24,24,24,24,24,24,24,24,24,24,24,24,24,0,0,0,0,0,165,194,194,101,2,101,101,2,194,170,170,170,170,101,2,2,2,101,194,170,170,170,170,170,170,170,170,170,170,170,170,170,170,170,170,170,170,170,170,170,170,170,170,170,170,170,170,170,165,0,0,0,0,0,0,170,170,170,170,170,170,170,170,170,170,170,170,170,170,170,0,0,0,0,0,170,170,170,170,170,170,170,170,170,170,170,170,170,170,165,194,194,146,146,146,146,146,170,170,170,170,170,194,170,170,170,170,170,170,170,170,170,170,170,165,0,0,165,165,165,170,170,170,170,170,170,170,170,170,170,170,170,170,170,170,170,170,170,170,170,165,0,0,0,0,194,170,170,170,101,101,2,2,2,2,2,101,101,2,2,2,2,101,101,194,170,170,170,0,0,0,0,0,0,0,0,0,0,0,0,0,0,0,0
0,0,0,0,0,0,0,0,0,0,0,0,0,0,0,0,0,0,0,0,170,170,170,170,170,170,170,24,24,24,24,24,24,24,24,24,24,24,24,24,24,24,24,24,2,2,24,24,24,24,24,24,24,24,24,24,24,24,24,24,24,24,24,24,24,24,171,0,0,0,0,0,165,165,194,146,194,165,101,101,170,170,170,170,194,101,101,2,2,194,170,170,170,170,170,170,170,170,170,170,170,170,170,170,170,170,170,170,170,170,170,170,170,170,170,170,170,170,170,170,165,0,0,0,0,0,0,0,0,170,170,170,170,170,170,170,170,170,170,170,170,170,0,0,0,0,0,165,170,170,170,170,170,170,170,170,170,170,170,170,170,170,170,170,170,170,194,170,170,170,170,170,170,170,170,170,170,170,170,170,170,170,170,170,170,194,0,0,0,0,165,0,194,170,170,170,170,170,170,170,170,170,170,170,170,170,170,170,194,194,170,170,0,0,0,0,0,0,194,170,170,194,101,101,101,170,101,170,170,2,2,2,2,2,2,101,194,170,194,0,0,0,0,0,0,0,0,0,0,0,0,0,0,0,0,0
0,0,0,0,0,0,0,0,0,0,0,0,0,0,0,0,0,0,165,170,170,170,170,170,170,170,24,24,24,24,24,24,24,24,24,24,24,24,2,24,24,24,24,24,24,24,24,24,24,24,24,24,24,24,24,24,24,24,24,24,24,24,24,24,24,24,171,0,0,0,0,165,0,0,165,146,194,170,170,170,170,170,170,170,170,165,194,101,194,170,170,170,170,170,170,170,170,170,170,170,170,170,170,170,170,170,170,170,170,170,170,170,170,170,170,170,170,170,165,170,194,170,170,170,0,0,0,0,0,0,194,2,101,165,170,170,170,170,170,170,170,0,0,0,0,0,0,170,170,170,170,170,170,170,170,170,170,170,170,170,170,170,170,170,170,170,170,170,170,170,170,170,170,170,170,170,170,170,170,170,170,170,170,170,165,0,0,0,0,0,0,0,0,170,170,170,170,170,170,170,170,170,170,170,170,170,165,170,165,0,0,0,0,0,0,0,0,165,194,194,170,170,194,194,170,170,170,170,170,170,101,101,2,2,2,101,170,170,0,0,0,0,0,0,0,0,0,0,0,0,0,0,0,0,0,0
0,0,0,0,0,0,0,0,0,0,0,0,0,0,0,0,0,0,165,170,170,170,170,170,170,170,24,24,24,24,24,24,24,24,24,24,24,24,24,24,24,24,24,24,2,24,24,24,24,24,24,24,24,24,24,24,24,24,24,24,24,24,24,24,24,24,0,0,0,0,0,0,0,0,0,165,170,170,170,170,170,170,170,170,170,170,170,170,170,170,170,170,170,170,170,170,170,194,170,170,170,170,170,170,170,170,170,170,170,170,170,170,170,170,170,170,170,170,165,165,170,170,170,170,170,0,0,0,0,165,101,101,2,165,170,170,170,170,170,170,165,0,0,0,165,170,170,170,170,170,170,170,170,170,170,170,170,170,170,170,170,170,170,170,170,170,170,170,170,170,170,170,170,170,170,170,170,170,170,170,170,170,170,170,0,0,0,0,0,0,0,0,0,194,170,170,170,170,170,170,170,170,170,170,170,165,0,0,0,0,0,0,0,0,0,0,0,0,194,194,170,170,170,170,170,170,170,170,170,170,101,101,101,2,2,101,194,194,0,0,0,0,0,0,0,0,0,0,0,0,0,0,0,0,0,0
0,0,0,0,0,0,0,0,0,0,0,0,0,0,0,0,0,0,170,170,170,170,170,24,24,24,24,24,24,24,24,24,24,24,2,24,24,24,24,24,24,24,24,24,24,24,24,24,24,24,24,24,24,24,24,24,24,24,24,24,24,24,24,165,0,0,0,0,0,0,0,0,0,0,0,165,170,170,170,170,170,170,170,170,170,170,170,170,170,170,170,170,170,170,170,170,170,170,170,170,170,170,170,170,170,170,170,170,170,170,170,170,170,170,170,170,170,170,170,170,170,170,170,170,170,0,0,165,170,170,101,101,2,2,101,170,170,170,170,165,165,170,0,0,170,170,170,170,170,170,170,170,170,170,170,170,170,170,170,170,170,170,170,170,170,170,170,170,170,170,170,170,170,170,170,170,170,170,170,170,170,170,170,165,0,0,0,0,0,0,0,0,0,0,170,170,170,194,170,170,170,170,170,170,170,0,0,0,0,0,0,0,0,0,0,0,0,0,0,194,170,170,170,170,170,170,170,170,170,170,170,194,101,2,2,2,194,194,194,0,0,0,0,0,0,0,0,0,0,0,0,0,0,0,0,0
0,0,0,0,0,0,0,0,0,0,0,0,0,0,0,0,165,165,170,170,170,170,170,24,24,24,24,24,24,24,24,24,24,24,170,24,24,24,24,24,24,24,24,24,24,2,24,24,24,24,24,24,24,24,24,24,24,24,24,24,24,24,24,0,0,0,0,0,0,0,0,0,0,0,0,0,170,170,170,170,170,170,170,170,170,170,170,170,170,170,170,170,170,170,170,170,165,194,170,170,170,170,170,170,170,170,170,170,170,170,170,170,170,170,170,170,170,170,170,170,170,170,170,170,170,170,170,170,170,170,101,2,2,2,2,170,170,170,170,170,170,170,170,170,170,170,170,170,170,170,170,170,170,170,170,170,170,170,170,170,170,170,170,170,170,170,170,170,170,170,170,170,170,170,170,170,170,170,170,170,170,170,165,165,0,0,0,0,0,0,0,0,0,0,0,0,0,0,170,170,170,170,0,0,0,0,0,0,0,0,0,0,0,0,0,0,0,0,0,0,0,165,170,170,170,170,170,170,170,170,170,170,101,101,2,101,170,170,170,0,0,0,0,0,0,0,0,0,0,0,0,0,0,0,0,0
0,0,0,0,0,0,0,0,0,0,0,0,0,170,170,170,170,170,170,170,170,170,170,170,24,24,24,24,24,24,24,24,24,24,24,24,24,24,24,24,24,24,24,2,24,24,2,24,24,24,24,24,24,24,24,24,24,24,24,24,24,24,165,0,0,0,0,0,0,0,0,0,0,0,0,165,194,146,146,170,170,170,170,170,170,170,170,170,170,170,170,170,170,170,170,170,165,165,170,170,170,170,146,146,194,170,170,170,170,170,170,170,170,170,170,170,170,170,170,170,170,170,170,170,170,170,170,170,170,170,101,2,2,2,2,170,170,170,170,170,170,170,170,170,170,170,170,170,170,170,170,170,170,170,170,170,170,170,170,170,170,170,170,170,170,165,170,170,170,170,170,170,170,170,170,170,165,170,170,170,170,170,165,0,0,0,0,0,0,0,0,0,0,0,0,0,0,0,170,170,170,165,0,0,0,0,0,0,0,0,0,0,0,0,0,0,0,0,0,0,0,0,0,170,0,0,0,170,170,170,170,170,194,101,2,101,170,170,170,170,0,0,0,0,0,0,0,0,0,0,0,0,0,0,0,0
0,0,0,0,0,0,0,0,0,0,0,0,0,170,170,170,170,170,170,170,170,170,170,170,24,24,24,24,24,24,24,24,24,2,24,24,24,24,24,24,24,24,24,24,24,24,170,2,24,24,24,24,24,2,24,24,24,2,24,24,24,24,165,0,0,0,0,0,0,0,0,0,0,0,0,146,146,146,146,194,170,170,170,170,170,170,170,170,170,170,170,170,170,170,170,170,170,170,194,170,170,146,146,146,146,194,170,170,170,170,170,170,170,170,170,170,170,170,170,170,170,170,170,170,170,170,170,170,101,101,2,101,101,194,101,170,170,170,170,170,170,170,170,170,170,170,170,170,170,170,170,170,170,170,170,170,170,170,170,170,170,170,170,170,165,0,194,0,0,165,170,170,170,165,0,0,0,0,165,165,170,170,165,0,0,0,0,0,0,0,0,0,0,0,0,0,0,0,170,170,170,0,0,0,0,0,0,0,0,0,0,0,0,0,0,0,0,0,0,0,0,0,0,0,0,0,0,0,170,170,170,170,101,101,101,2,101,101,170,170,170,0,0,0,0,0,0,0,0,0,0,0,0,0,0,0
0,0,0,0,0,0,0,0,0,0,0,0,0,170,170,170,170,170,170,24,24,24,24,24,24,24,24,24,24,24,24,24,24,2,24,24,24,24,24,24,24,24,24,24,24,24,170,24,2,24,24,24,24,24,24,24,24,24,24,24,24,24,165,165,0,0,0,0,0,0,0,0,0,0,165,146,146,146,146,146,170,170,170,170,170,170,170,170,170,170,170,170,170,170,170,170,170,170,194,146,146,146,146,146,146,146,170,170,170,170,170,170,170,170,170,170,170,170,101,101,101,101,170,170,194,170,170,170,101,2,2,101,170,170,170,170,170,170,170,170,170,170,170,170,170,170,170,170,170,170,170,170,170,170,170,170,170,170,170,170,170,170,170,170,0,0,0,0,0,0,194,170,165,0,0,0,0,0,0,0,165,170,194,0,0,0,0,0,0,0,0,0,0,0,0,0,0,0,165,170,0,0,0,0,0,0,0,0,0,0,0,0,0,0,0,0,0,0,0,0,0,0,0,0,0,0,0,0,0,170,170,194,101,2,2,2,2,101,170,170,170,165,0,0,0,0,0,0,0,0,0,0,0,0,0,0
0,0,0,0,0,0,0,0,0,0,0,165,170,170,170,170,170,170,170,170,24,24,24,24,24,24,24,24,24,2,24,24,24,170,24,24,24,24,24,24,24,2,24,24,24,24,24,24,24,24,24,24,24,24,24,24,24,24,24,24,24,24,24,165,0,0,0,0,0,0,0,0,0,0,165,146,146,146,146,170,170,170,170,170,170,170,170,170,170,170,170,170,170,170,170,170,170,170,146,146,146,146,146,146,146,146,170,170,170,170,170,170,170,170,170,170,170,101,101,101,2,2,101,194,101,101,101,101,101,2,101,2,170,170,170,170,170,170,170,170,170,170,170,170,170,170,170,170,170,170,170,170,170,170,170,170,170,170,170,170,170,170,165,0,0,0,0,0,0,0,165,165,0,0,0,0,0,0,0,0,0,0,0,0,0,0,0,0,0,0,0,0,0,0,0,0,0,0,0,0,0,0,0,0,0,0,0,0,0,0,0,0,0,0,0,0,0,0,0,0,0,0,0,0,0,0,0,0,0,170,170,170,101,2,101,2,101,170,170,170,170,170,0,0,0,0,0,0,0,0,0,0,0,0,0,0
0,0,0,0,0,0,0,0,0,0,0,170,170,170,170,170,170,170,170,170,24,24,24,24,24,24,24,24,24,24,24,24,24,24,24,24,24,24,24,24,24,24,24,24,24,24,24,24,24,24,24,24,24,24,24,24,24,24,24,24,24,171,171,165,0,0,0,0,0,0,0,0,0,0,146,146,146,146,146,146,170,170,170,170,170,170,170,170,170,170,170,170,170,170,170,170,194,146,146,146,146,146,146,146,146,170,170,170,170,170,170,170,170,170,170,170,194,101,2,101,2,2,2,101,2,2,101,2,2,2,194,170,170,170,170,170,170,170,170,170,170,170,170,170,170,170,170,170,101,170,170,170,170,170,170,170,170,170,170,170,170,165,165,0,0,0,0,0,0,0,0,0,0,0,0,0,0,0,0,0,0,0,0,0,0,0,0,0,0,0,0,0,0,0,0,0,0,0,0,0,0,0,0,0,0,0,0,0,0,0,0,0,0,0,0,0,0,0,0,0,0,0,0,0,0,0,0,0,165,170,170,170,170,170,194,2,101,170,170,170,170,170,0,0,0,0,0,0,0,0,0,0,0,0,0,0
0,0,0,0,0,0,0,0,0,0,0,170,170,170,170,170,170,170,170,170,24,24,24,24,24,24,24,24,24,24,24,24,24,24,24,24,24,24,24,24,24,24,24,24,24,24,24,24,24,24,24,24,24,24,24,24,24,24,24,165,0,0,0,0,0,0,0,0,0,0,0,0,165,146,146,146,146,146,146,146,170,170,170,170,170,170,170,170,170,170,170,170,170,170,170,170,146,146,146,146,146,146,146,146,170,170,170,170,170,170,170,170,170,170,170,170,170,194,101,101,2,2,101,101,101,101,101,101,2,101,170,170,170,170,194,194,170,170,170,170,170,170,170,170,170,170,101,2,2,2,170,170,170,170,170,170,170,170,170,170,170,165,0,0,0,0,0,0,0,0,0,0,0,0,0,0,0,0,0,0,0,0,0,0,0,0,0,0,0,0,0,0,0,0,0,0,0,0,0,0,0,0,0,0,0,0,0,0,0,0,0,0,0,0,0,0,0,0,0,0,0,0,0,0,0,0,0,0,165,170,170,170,170,170,170,194,170,170,170,170,170,0,0,0,0,0,0,0,0,0,0,0,0,0,0,0
0,0,0,0,0,0,0,0,0,0,0,170,170,170,170,170,170,24,24,24,24,24,24,24,24,24,170,2,2,24,24,24,24,24,24,24,24,24,24,24,24,24,24,24,24,24,24,24,2,24,24,24,24,24,24,24,24,165,0,0,0,0,0,0,0,0,0,0,0,0,0,0,146,146,146,146,146,146,146,146,146,194,170,170,170,170,170,170,170,170,170,170,170,170,170,194,146,146,146,146,146,146,146,146,170,170,170,170,170,170,170,170,170,170,170,170,170,194,101,2,2,2,2,2,2,101,101,2,2,2,194,170,170,170,170,170,170,170,170,170,170,170,170,170,101,101,101,2,2,2,2,170,170,170,170,170,170,170,0,0,0,0,0,0,0,0,0,0,0,0,0,0,0,0,0,0,0,0,0,0,0,0,0,0,0,0,0,0,0,0,0,0,0,0,0,0,0,0,0,0,0,0,0,0,0,0,0,0,0,0,0,0,0,0,0,0,0,0,0,0,0,0,0,0,0,0,0,0,0,170,170,170,170,170,170,170,170,170,170,170,0,0,0,0,0,0,0,0,0,0,0,0,0,0,0,0
0,0,0,0,0,0,0,0,0,0,0,170,170,170,170,170,170,170,24,24,24,24,24,24,24,24,24,24,24,24,24,24,24,24,24,24,24,170,24,24,24,24,24,24,24,24,24,24,24,24,24,24,24,24,24,24,24,0,0,0,0,0,0,0,0,0,0,0,0,0,0,0,165,146,146,146,146,146,146,146,146,146,194,170,146,165,170,170,170,170,170,170,170,170,170,170,146,146,146,146,146,146,146,146,146,194,170,170,170,170,170,170,170,170,170,170,170,101,101,101,101,2,2,2,2,2,2,2,2,2,194,170,170,170,170,170,170,170,170,170,170,170,2,101,101,2,2,2,2,2,2,146,170,170,170,170,170,0,0,0,0,0,0,0,0,0,0,0,0,0,0,0,0,0,0,0,0,0,0,0,0,0,0,0,0,0,0,0,0,0,0,171,171,0,171,171,0,0,0,0,0,0,0,0,0,0,0,0,0,0,0,0,0,0,0,0,0,0,0,0,0,0,0,0,0,0,0,0,0,170,170,170,170,170,170,170,170,170,170,0,0,0,0,0,0,0,0,0,0,0,0,0,0,0,0,0
0,0,0,0,0,0,0,0,0,0,0,170,170,170,170,170,170,170,24,24,24,24,24,24,24,24,24,24,24,24,24,24,24,24,24,170,170,170,170,24,24,24,24,24,24,24,24,24,24,24,24,24,24,24,24,24,171,0,0,0,0,0,0,0,0,0,0,0,0,0,0,0,165,146,146,146,146,146,146,146,146,146,146,146,146,146,146,170,170,170,170,170,170,170,170,170,170,170,146,146,146,146,146,146,146,170,170,170,170,170,170,170,170,170,165,101,101,101,101,2,2,2,2,2,2,2,101,2,2,101,194,170,170,170,170,170,170,170,170,170,170,194,101,2,101,2,2,2,2,2,2,170,170,170,170,170,165,0,0,0,0,0,0,0,0,0,0,0,0,0,0,0,0,0,0,0,0,0,0,0,0,0,0,0,0,0,0,0,0,0,0,171,101,171,171,171,171,0,0,0,0,0,0,0,0,0,0,0,0,0,0,0,0,0,0,0,0,0,0,0,0,0,0,0,0,0,0,0,194,170,170,170,170,170,170,170,170,170,170,0,0,0,0,0,0,0,0,0,0,0,0,0,0,0,0,0
0,0,0,0,0,0,0,0,0,0,0,0,170,170,170,170,170,170,24,24,24,24,24,24,24,24,24,24,24,24,24,24,24,170,170,170,170,170,170,170,170,170,170,170,24,24,24,24,24,24,165,0,171,171,171,171,0,0,0,0,0,0,0,0,0,0,0,0,0,0,0,0,194,146,146,146,146,146,146,146,146,146,146,146,146,146,146,170,170,170,170,170,170,170,170,170,170,170,170,146,146,146,146,146,146,170,170,170,170,170,170,170,170,170,101,101,101,101,2,2,2,2,101,2,2,2,2,101,2,101,101,170,170,170,170,170,170,170,170,170,170,101,101,2,101,2,2,2,2,2,194,170,170,170,170,170,170,170,0,0,0,0,0,0,0,0,0,0,0,0,0,0,0,0,0,0,0,0,0,0,0,0,0,0,0,0,0,0,0,0,101,101,101,2,2,171,171,0,0,0,0,0,0,0,0,0,0,0,0,0,0,0,0,0,0,0,0,0,0,0,0,0,0,0,0,0,0,170,170,170,170,170,170,170,170,170,194,0,0,0,0,0,0,0,0,0,0,0,0,0,0,0,0,0,0,0
0,0,0,0,0,0,0,0,0,0,0,0,170,170,170,170,170,170,170,170,170,24,24,24,24,24,24,24,24,24,24,24,24,170,170,170,170,170,170,170,170,170,170,170,171,24,24,171,24,171,0,0,0,171,0,0,0,0,0,0,0,0,0,0,0,0,0,0,0,0,0,0,165,146,146,146,146,146,146,146,146,146,146,146,146,146,146,170,170,170,170,170,170,170,170,170,170,170,170,146,146,146,146,146,146,146,146,170,170,170,170,170,170,170,165,165,165,101,101,101,101,101,101,2,2,2,2,2,101,101,101,170,170,170,170,170,170,170,170,170,101,101,2,101,101,2,2,2,2,2,194,170,170,170,170,170,170,165,0,0,0,0,0,0,0,0,0,0,0,0,0,0,0,0,0,0,0,0,0,0,0,0,0,0,0,0,0,0,101,101,101,101,2,2,2,171,171,165,165,0,165,171,0,0,0,0,0,0,0,0,0,0,0,0,0,0,0,0,0,0,0,0,0,0,0,0,165,170,170,170,170,170,170,170,170,170,165,0,0,0,0,0,0,0,0,0,0,0,0,0,0,0,0,0,0,0
0,0,0,0,0,0,0,0,0,0,0,0,170,170,170,170,170,170,170,170,170,170,24,24,24,24,24,24,24,24,24,24,24,170,170,170,170,165,0,0,165,170,170,170,171,24,171,171,0,0,0,0,0,0,0,0,0,0,0,0,0,0,0,0,0,0,0,0,0,0,0,0,165,146,146,146,146,146,146,146,146,146,146,146,146,146,194,170,170,170,170,170,170,170,170,170,170,170,146,146,146,146,146,146,146,146,170,170,170,170,170,170,170,170,170,170,170,170,194,165,101,101,2,2,2,2,101,2,2,101,101,194,170,170,170,170,170,101,101,101,101,2,101,2,2,2,2,2,2,2,170,170,170,170,170,170,170,165,0,0,0,0,0,0,0,0,0,0,0,0,0,0,0,0,0,0,0,0,0,0,0,0,0,0,0,0,0,101,101,101,101,2,2,2,2,2,2,194,194,101,101,101,0,0,0,0,0,0,0,0,0,0,0,0,0,0,0,0,0,0,0,0,0,0,0,0,194,170,170,170,170,170,170,170,170,170,170,0,0,0,0,0,0,0,0,0,0,0,0,0,0,0,0,0,0,0
0,0,0,0,0,0,0,0,0,0,0,165,170,170,170,170,170,170,170,170,170,170,24,170,24,24,24,24,24,24,24,24,170,170,170,170,170,0,0,0,0,0,165,165,0,0,0,0,0,0,0,0,0,0,0,0,0,0,0,0,0,0,0,0,0,0,0,0,0,0,0,0,146,146,146,146,146,146,146,146,146,146,146,146,146,194,170,170,170,170,170,170,170,170,170,170,170,170,146,146,146,146,146,146,146,146,194,170,170,170,170,170,170,170,170,170,170,170,194,101,101,2,2,2,2,101,101,101,2,2,101,101,101,101,170,170,101,2,2,101,101,101,2,2,2,2,2,2,2,2,170,170,170,170,170,170,170,0,0,0,0,0,0,0,0,0,0,0,0,0,0,0,0,0,0,0,0,0,0,0,0,0,0,193,171,101,101,101,101,101,2,2,2,2,2,2,2,2,194,101,0,0,0,0,0,0,0,0,0,0,0,0,0,0,0,0,0,0,0,0,0,0,0,0,0,0,0,170,170,170,170,170,170,170,170,170,0,0,0,0,0,0,0,0,0,0,0,0,0,0,0,0,0,0,0,0
0,0,0,0,0,0,0,0,0,0,0,170,170,170,170,170,170,170,170,170,170,170,170,170,170,170,24,24,170,170,24,170,170,170,170,170,170,0,0,0,0,0,0,165,0,0,0,0,0,0,0,0,0,0,0,0,0,0,0,0,0,165,165,170,170,170,0,0,0,0,0,165,146,146,146,146,146,146,146,146,146,146,146,146,146,146,194,170,170,170,170,170,170,170,170,170,170,146,146,146,146,146,146,146,146,170,170,170,170,170,170,170,170,170,170,170,170,165,101,101,2,2,2,101,2,101,194,194,101,2,2,2,101,101,101,101,101,2,101,101,2,2,2,2,2,2,2,2,2,170,170,170,170,170,170,170,165,0,0,0,0,0,0,0,0,0,0,0,0,0,0,0,0,0,0,0,0,0,0,0,0,0,0,171,101,101,101,101,2,2,2,2,101,101,2,2,2,171,0,0,0,0,0,0,0,0,0,0,0,0,0,0,0,0,0,0,0,0,0,0,0,0,0,0,0,0,0,0,194,170,170,170,170,170,0,0,0,0,0,0,0,0,0,0,0,0,0,0,0,0,0,0,0,0,0,0
0,0,0,0,0,0,0,0,0,0,0,165,170,170,170,170,170,170,170,170,170,170,170,170,170,170,24,170,170,170,170,170,170,170,165,0,0,0,0,0,0,0,0,0,0,0,0,0,0,0,0,0,0,0,0,0,0,0,0,0,165,170,170,170,170,170,170,0,165,0,165,146,146,146,146,146,146,146,146,146,146,146,146,146,146,146,146,170,170,170,170,170,170,170,170,170,170,170,194,194,146,146,170,170,170,170,170,170,170,170,170,170,170,170,170,170,170,194,101,2,2,2,101,101,101,194,170,2,2,101,101,2,2,2,101,101,2,2,2,2,2,2,2,2,2,2,2,2,101,170,170,170,170,170,170,170,170,165,165,0,0,0,0,0,0,0,0,0,0,0,0,0,0,0,0,0,0,0,0,0,0,0,0,0,165,101,101,2,101,2,2,2,171,2,2,2,2,165,0,0,0,0,0,0,0,0,0,0,0,0,0,0,0,0,0,0,0,0,0,0,0,0,0,0,0,0,0,0,0,0,170,170,170,170,0,0,0,0,0,0,0,0,0,0,0,0,0,0,0,0,0,0,0,0,0,0
0,0,0,0,0,0,0,0,0,0,0,0,170,170,170,170,170,170,170,170,170,170,170,170,170,170,170,170,170,170,170,170,170,170,0,0,0,0,0,0,0,0,0,0,0,0,0,0,0,0,0,0,0,0,0,0,0,0,0,165,170,170,170,170,170,170,170,170,146,146,146,146,146,146,146,146,146,146,146,146,146,146,146,146,146,146,146,194,170,170,170,170,170,170,170,170,170,170,170,170,194,146,170,170,170,170,170,170,170,170,170,170,170,170,170,170,170,170,194,2,2,2,101,194,101,194,170,194,101,101,101,101,101,101,101,2,146,2,2,2,2,2,2,2,2,194,2,170,170,170,170,170,170,170,170,170,170,165,165,165,0,0,0,0,0,0,0,0,0,0,0,0,0,0,0,0,0,0,0,0,0,0,0,0,0,101,101,101,101,2,2,101,2,2,2,2,101,165,0,0,0,0,0,0,0,0,0,0,0,0,0,0,0,0,0,0,0,0,0,0,0,0,0,0,0,0,0,0,0,0,170,170,170,0,0,0,0,0,0,0,0,0,0,0,0,0,0,0,0,0,0,0,0,0,0,0
0,0,0,0,0,0,0,0,0,0,0,0,165,165,170,170,170,170,170,170,170,170,170,170,170,170,170,170,170,170,170,170,170,165,0,0,0,0,0,0,0,0,0,0,0,0,0,0,0,0,0,0,0,0,0,0,0,0,0,0,170,170,170,170,170,170,170,146,146,146,146,146,146,146,146,146,146,146,146,146,146,146,146,146,146,194,194,170,170,170,170,170,170,170,170,165,194,170,170,170,170,170,170,170,170,170,170,170,170,170,170,170,170,170,170,170,170,194,101,2,101,101,170,170,170,170,194,170,170,170,101,101,101,165,101,101,146,2,2,2,101,101,2,2,2,170,170,170,170,170,170,170,170,170,170,170,170,170,170,170,170,0,0,0,0,0,0,0,0,0,0,0,0,0,0,0,0,0,0,0,0,0,0,0,0,165,101,101,2,101,90,171,2,2,2,2,0,0,0,0,0,0,0,0,0,0,0,0,0,0,0,0,0,0,0,0,0,0,0,0,0,0,0,0,0,0,0,0,0,0,170,170,170,170,0,0,0,0,0,0,0,0,0,0,0,0,0,0,0,0,0,0,0,0,0,0
0,0,0,0,0,0,0,0,0,0,0,0,0,165,165,165,170,170,170,170,170,170,170,170,170,170,170,170,170,170,170,170,170,165,0,0,0,0,0,0,0,0,0,0,0,0,0,0,0,0,0,0,0,0,0,0,0,0,0,165,170,170,170,170,170,170,170,170,146,146,146,146,146,146,146,146,146,146,146,146,146,146,146,146,146,194,146,170,170,170,170,170,170,170,170,170,170,170,170,194,170,170,170,170,170,170,170,170,170,170,170,170,170,170,170,170,170,194,101,101,194,170,170,170,170,170,170,170,170,170,170,170,170,170,165,101,101,2,101,101,170,170,194,170,170,170,170,170,170,170,170,170,170,170,146,170,170,170,170,170,170,0,0,0,0,0,0,0,0,0,0,0,0,0,0,0,0,0,0,0,0,0,0,0,0,171,101,101,101,101,90,171,2,2,2,0,0,0,0,0,0,0,101,0,0,101,101,101,0,0,0,0,0,0,0,0,0,0,0,0,0,0,0,0,0,0,0,0,170,170,170,170,170,170,170,170,170,0,0,0,0,0,0,0,0,0,0,0,0,0,0,0,0,0,0,0
0,0,0,0,0,0,0,0,0,0,0,0,0,165,0,0,165,170,170,165,170,170,170,170,170,170,170,170,170,170,170,170,170,0,0,0,0,0,0,0,0,0,0,0,0,0,0,0,0,0,0,0,0,0,0,0,0,165,165,170,170,170,170,170,170,170,170,170,170,194,146,146,146,146,146,146,146,146,146,146,146,146,146,146,146,194,170,170,170,170,170,170,170,170,170,170,170,170,170,170,170,170,170,170,170,170,170,170,170,170,170,170,170,170,170,170,170,170,170,170,170,170,170,170,170,170,170,170,170,170,170,170,170,170,170,165,101,2,101,170,170,170,170,170,170,170,170,170,170,170,170,170,146,146,146,194,170,170,170,170,170,0,0,0,0,0,0,0,0,0,0,0,0,0,0,0,0,0,0,0,0,0,0,0,0,0,101,101,101,90,90,171,2,2,2,120,0,0,0,0,120,101,101,2,101,101,101,101,101,101,0,0,0,0,0,0,0,0,0,0,0,0,0,0,0,0,0,194,170,170,165,0,0,165,170,170,170,0,0,0,0,0,0,0,0,0,0,0,0,0,0,0,0,0,0,0
0,0,0,0,0,0,0,0,0,0,0,0,0,0,0,0,0,0,0,0,0,0,170,170,170,170,170,170,170,170,170,170,170,0,0,0,0,0,0,0,0,0,0,0,0,0,0,0,0,0,0,170,170,0,0,0,165,170,170,170,170,170,170,170,170,170,170,170,170,170,170,170,146,146,146,146,146,146,146,146,146,194,170,170,146,170,170,170,170,170,170,170,170,170,170,170,170,170,170,170,170,170,170,170,170,170,170,170,194,170,170,170,170,170,170,170,170,170,170,170,170,170,170,170,170,170,170,170,170,170,170,170,170,170,170,101,101,101,101,165,170,170,170,170,170,170,170,170,170,170,170,170,146,146,146,146,146,170,170,170,170,165,0,0,0,0,0,0,0,0,0,0,0,0,0,0,0,0,0,0,0,0,0,0,120,101,101,101,90,90,189,164,90,2,2,171,0,0,165,101,101,101,101,2,101,101,101,2,101,101,101,101,101,0,0,0,0,0,0,0,0,0,0,0,0,0,0,194,194,194,0,0,0,0,170,170,170,0,0,0,0,0,0,0,0,0,0,0,0,0,0,0,0,0,0,0
0,0,0,0,0,0,0,0,0,0,0,0,0,0,0,0,0,0,0,0,0,0,165,170,170,170,170,170,170,170,170,170,170,165,0,0,0,0,0,0,0,0,0,0,0,0,0,0,0,0,0,170,170,170,0,194,170,170,170,170,170,170,170,170,170,170,170,170,170,170,170,146,146,146,146,146,146,146,146,146,194,170,170,170,170,194,170,170,170,170,170,170,170,170,170,170,170,170,170,170,194,194,170,170,170,146,146,146,146,194,170,170,170,170,170,170,170,170,170,170,170,170,170,170,170,170,170,170,170,170,170,170,170,170,170,194,165,165,170,170,170,170,170,170,170,170,170,170,170,170,170,170,170,146,146,146,146,170,170,170,0,0,0,0,0,0,0,0,0,0,0,0,0,0,0,0,0,0,165,171,0,0,0,0,165,101,101,90,171,90,90,90,24,171,2,2,2,101,101,101,101,101,2,2,101,101,2,2,101,2,2,2,101,0,0,0,0,0,0,0,0,0,0,0,0,0,0,0,0,0,0,0,0,0,0,170,0,0,0,0,0,0,0,0,0,0,0,0,0,0,0,0,0,0,0,0
0,0,0,0,0,0,0,0,0,0,0,0,0,0,0,0,0,0,0,0,0,0,0,165,170,170,170,170,170,170,170,170,0,0,0,0,0,0,0,0,0,0,0,0,0,0,165,170,170,165,170,170,170,170,170,170,170,170,170,170,170,146,170,170,170,170,170,170,170,170,146,146,146,146,146,146,146,146,146,146,170,170,170,170,194,170,170,170,170,170,170,170,170,170,170,170,170,170,170,146,146,146,194,194,165,146,146,146,146,194,170,170,170,170,170,170,170,170,170,170,170,170,170,170,170,170,170,170,170,170,170,170,170,170,170,170,170,170,170,170,170,170,170,170,170,170,170,170,170,170,170,170,170,146,146,146,146,170,170,0,0,0,0,0,0,0,0,0,0,0,0,0,0,0,0,0,0,0,171,171,101,101,101,101,101,101,101,171,90,2,2,2,2,2,2,2,2,101,101,171,171,90,171,171,171,2,2,101,2,2,2,2,101,101,165,0,0,0,0,0,146,194,0,0,0,0,0,0,0,0,0,0,0,0,0,0,0,0,0,0,194,0,0,0,0,0,0,0,0,0,0,0,0,0,0,0
0,0,0,0,0,0,0,0,0,0,0,0,0,0,0,0,0,0,0,0,0,0,0,170,170,170,170,170,170,170,170,170,0,0,0,0,0,0,0,0,0,0,0,0,165,170,170,170,170,170,170,170,170,170,170,170,170,170,170,170,170,146,146,170,170,170,170,170,170,170,194,146,146,146,146,194,170,194,194,170,170,170,170,165,170,170,170,170,170,170,170,170,170,170,194,170,170,170,170,146,146,146,146,146,146,146,146,146,146,146,146,146,170,170,170,170,170,170,170,170,170,170,170,170,170,170,170,170,170,170,170,170,170,170,170,170,170,170,170,170,170,170,170,170,170,170,170,170,170,170,170,194,146,146,146,170,170,170,170,0,0,0,0,0,0,0,0,0,0,0,0,0,0,0,0,0,0,0,0,171,2,101,101,2,101,101,90,171,2,2,2,2,2,2,2,2,101,90,90,171,90,193,189,171,171,171,90,90,171,2,2,2,2,2,2,0,0,0,0,146,146,146,146,0,0,0,0,0,0,0,0,0,0,0,0,0,0,0,0,0,0,0,0,0,0,0,0,0,0,0,0,0,0,0,0,0
0,0,0,0,0,0,0,0,0,0,0,0,0,0,0,0,0,0,0,0,0,0,0,170,170,170,170,170,170,170,170,0,0,0,0,0,0,0,0,0,0,0,0,0,165,170,170,170,170,170,170,170,170,170,170,170,170,170,146,146,146,146,146,170,170,170,170,170,170,194,170,170,170,146,146,170,170,170,170,170,170,170,170,170,170,170,170,170,170,170,170,170,170,170,170,170,170,170,170,146,146,146,146,146,146,146,146,146,146,146,146,146,146,170,170,170,170,170,170,170,170,170,170,170,170,170,170,170,170,170,170,165,170,170,170,170,170,170,170,170,170,170,170,170,170,170,170,170,170,170,170,146,146,146,146,170,170,170,170,0,0,0,0,0,0,0,0,0,0,0,0,0,0,0,0,0,0,0,0,0,165,101,101,101,101,171,171,2,2,2,2,101,101,2,2,2,2,90,90,189,193,193,164,164,193,189,24,90,171,171,171,2,2,2,2,165,0,0,165,146,146,146,146,165,0,0,0,0,0,0,0,0,0,0,0,0,0,0,0,0,0,0,0,0,0,0,0,0,0,0,0,0,0,0,0,0
0,0,0,0,0,0,0,0,0,0,0,0,0,0,0,0,0,0,0,165,165,165,170,170,170,170,170,170,170,0,0,0,0,0,0,0,0,0,0,0,0,0,0,0,170,170,170,170,170,170,170,170,170,170,170,170,170,170,146,146,146,146,146,146,170,170,170,170,170,194,170,170,170,170,146,170,170,170,170,170,170,170,170,170,170,170,170,170,170,170,170,170,170,170,170,170,170,146,194,146,146,146,146,146,146,146,146,146,146,146,146,146,146,146,170,170,170,170,170,170,170,170,170,170,170,170,170,170,170,165,165,0,165,165,170,170,170,170,170,170,170,170,170,170,170,170,170,170,146,146,146,146,146,146,146,146,146,170,170,170,165,0,0,0,0,0,0,0,0,0,0,0,0,0,0,0,0,0,0,0,165,101,101,2,101,171,90,24,2,2,165,165,171,165,165,101,101,101,90,193,193,193,164,164,164,164,164,24,171,171,171,2,2,2,2,101,165,194,194,146,146,146,146,0,0,0,0,0,0,0,0,0,0,0,0,0,0,0,0,0,0,0,0,0,0,0,0,0,0,0,0,0,0,0,0,0
0,0,0,0,0,0,0,0,0,0,0,0,0,0,0,0,0,0,0,170,170,170,170,170,170,170,170,170,0,0,0,0,0,0,0,0,0,0,0,0,0,0,0,170,170,170,170,170,170,170,170,170,170,170,170,170,170,170,146,146,146,146,146,146,146,194,146,146,194,146,170,170,170,170,170,170,170,170,170,170,170,170,170,170,170,170,170,170,170,170,170,170,170,170,170,170,170,170,165,146,146,146,146,146,146,146,146,146,146,146,146,146,146,146,170,170,170,170,170,170,170,170,170,170,170,170,170,170,0,0,0,0,0,0,0,170,170,170,170,194,170,170,170,170,170,170,146,146,146,146,146,146,146,146,146,146,146,170,170,170,170,0,0,0,0,0,0,0,0,0,0,0,0,0,0,0,0,0,0,0,165,101,101,101,90,171,171,171,171,171,0,0,0,0,0,171,101,101,90,189,193,189,164,164,164,171,171,171,171,171,171,90,2,2,2,2,101,101,146,146,146,146,146,0,0,0,0,0,0,0,0,0,0,0,0,0,0,0,0,0,0,0,0,0,0,0,0,0,0,0,0,0,0,0,0,0
0,0,0,0,0,0,0,0,0,0,0,0,0,0,0,0,0,0,170,170,170,170,170,170,170,170,170,170,0,0,0,0,0,0,0,0,0,0,0,0,0,0,0,165,170,170,170,170,170,170,170,170,170,170,170,170,194,146,146,146,146,146,146,146,146,146,146,146,146,146,170,170,170,170,170,170,170,170,170,170,170,170,170,170,170,170,170,170,170,170,170,170,170,170,170,170,170,170,170,194,146,146,146,146,146,146,146,146,146,146,146,146,146,146,170,170,170,170,170,170,170,170,170,170,170,170,170,0,0,0,0,0,0,0,0,165,194,170,165,170,170,170,170,170,170,194,146,146,146,146,146,146,146,146,146,146,170,170,170,170,165,0,0,0,0,0,0,0,0,0,0,0,0,0,0,0,0,0,0,0,101,101,101,171,90,171,171,2,2,171,0,0,0,0,0,0,101,101,90,189,90,189,164,164,2,2,2,2,2,2,90,90,90,2,2,2,101,101,146,146,146,146,146,146,0,0,0,0,0,0,0,0,0,0,0,0,0,0,0,0,0,0,0,0,0,0,0,0,0,0,0,0,0,0,0,0
0,0,0,0,0,0,0,0,0,0,0,0,0,0,0,0,0,0,170,170,170,170,170,165,0,0,170,194,0,0,0,0,0,0,0,0,0,0,0,0,0,0,0,0,0,170,170,170,170,170,170,170,170,170,170,170,146,146,146,146,146,146,146,146,146,146,146,146,146,170,170,170,170,170,170,170,170,170,170,170,170,170,170,170,170,170,170,170,170,170,170,170,170,170,170,170,170,170,170,170,194,146,146,146,146,146,146,146,146,146,146,146,146,146,146,170,170,170,170,170,170,170,170,170,170,170,170,0,0,0,0,0,0,0,0,0,0,0,0,194,194,165,170,170,170,170,146,146,146,146,146,146,146,146,170,170,170,170,170,165,0,0,0,0,0,0,0,0,0,0,0,0,0,0,0,0,0,0,0,165,101,101,101,171,90,171,2,171,165,0,0,0,0,0,0,165,101,171,90,90,90,90,171,2,2,2,2,2,2,2,2,90,90,2,2,2,2,2,165,146,146,146,146,146,146,0,0,0,0,0,0,0,0,0,0,0,0,0,0,0,0,0,0,0,0,0,0,0,0,0,0,0,0,0,0,0
0,0,0,0,0,0,0,0,0,0,0,0,0,0,0,0,0,0,0,170,170,170,0,0,0,0,0,0,0,0,0,0,0,0,0,0,0,0,0,0,0,0,0,0,0,170,170,170,170,170,170,170,170,170,170,146,146,146,146,146,146,146,146,146,146,170,194,146,146,194,170,170,170,170,170,170,194,170,170,170,170,170,170,170,170,170,170,170,170,170,170,170,170,170,170,170,170,170,170,170,165,146,146,146,146,146,146,146,146,146,194,170,194,146,146,170,170,170,170,170,170,170,170,170,170,170,0,0,0,0,0,0,0,0,0,0,0,0,0,0,0,165,165,194,194,194,146,146,146,146,146,146,146,146,194,170,170,170,165,0,0,0,0,0,0,0,0,0,0,0,0,0,0,0,0,0,0,0,0,101,101,101,101,2,171,2,2,171,0,0,0,0,0,0,0,0,101,2,101,171,2,2,2,2,2,2,2,2,2,2,2,101,171,171,2,2,2,2,101,146,146,146,146,146,0,0,0,0,0,0,0,0,0,0,0,0,0,0,0,0,0,0,0,0,0,0,0,0,0,0,0,0,0,0,0,0
0,0,0,0,0,0,0,0,0,0,0,0,0,0,0,0,0,0,170,170,170,0,0,0,0,0,0,0,0,0,0,0,0,0,0,0,0,0,0,0,0,0,0,0,0,170,170,170,170,170,170,170,170,170,146,146,146,146,146,146,146,194,170,170,170,170,170,194,194,170,170,170,170,170,170,170,170,170,170,170,170,170,170,170,170,170,170,170,170,170,170,170,170,170,170,170,170,170,170,170,194,146,194,146,146,146,146,146,146,146,170,170,170,146,170,170,170,170,170,170,170,170,170,170,170,170,165,0,0,0,0,0,0,0,0,0,0,0,0,0,0,0,0,165,165,146,146,146,146,146,146,146,146,146,194,170,170,170,0,0,0,0,0,0,0,0,0,0,0,0,0,0,0,194,194,0,0,165,165,101,101,101,2,101,101,90,2,165,0,0,0,0,0,0,0,0,101,101,101,2,2,2,2,2,2,2,101,2,2,2,101,2,2,171,2,2,101,2,2,146,146,146,194,0,0,0,0,0,0,0,0,0,0,0,0,0,0,0,0,0,0,0,0,0,0,0,0,0,0,0,0,0,0,0,0,0
0,0,0,0,0,0,0,0,0,0,0,0,0,0,0,0,0,170,170,170,0,0,0,0,0,0,0,0,0,0,0,0,0,0,0,0,0,0,0,0,0,0,0,0,165,170,170,170,170,170,170,170,170,146,146,146,146,146,146,146,146,146,170,170,170,170,170,170,170,170,170,170,170,170,170,170,170,170,170,170,170,170,170,170,170,170,170,170,170,170,170,170,170,170,170,170,170,170,170,170,170,170,170,146,146,146,146,146,146,194,170,146,146,170,170,170,170,170,170,170,170,170,170,170,170,170,165,0,0,0,0,0,0,0,0,0,0,0,0,0,0,0,0,165,0,165,146,146,146,146,146,146,146,146,146,146,170,170,170,0,0,0,0,0,0,0,0,0,0,0,0,0,165,194,101,101,146,146,194,101,2,2,2,101,101,90,2,2,0,0,0,0,0,0,0,171,171,2,2,2,2,2,101,101,101,101,101,101,2,101,101,101,2,101,2,2,2,2,2,146,146,146,165,0,0,0,0,0,0,0,0,0,0,0,194,194,0,0,0,0,0,0,0,0,0,0,0,0,0,0,0,0,0,0,0,0
0,0,0,0,0,0,0,0,0,0,0,0,0,0,0,0,165,170,170,170,0,0,0,0,0,0,0,0,0,0,0,0,0,0,0,0,0,0,0,0,0,0,0,165,170,170,170,170,170,170,170,170,146,146,146,146,146,146,146,146,146,194,170,170,170,170,170,170,170,170,170,170,170,170,170,170,170,170,170,170,170,170,170,170,170,170,170,170,170,170,170,170,170,170,170,170,170,170,146,170,170,170,146,146,146,146,146,146,170,170,170,170,170,170,170,170,170,170,170,170,170,170,170,170,170,170,165,0,0,0,0,0,0,0,0,0,0,0,0,0,0,0,0,0,0,0,0,165,146,146,146,146,146,146,146,146,146,146,146,0,0,0,0,0,0,0,0,0,0,0,0,0,0,194,101,101,146,146,146,2,2,2,101,101,101,2,2,2,101,0,0,0,0,0,0,0,171,171,2,171,171,171,0,0,0,101,101,171,2,101,101,2,101,101,90,2,2,2,2,146,146,146,146,0,0,0,0,0,0,0,0,0,0,0,194,194,194,0,0,0,0,0,0,0,0,0,0,0,0,0,0,0,0,0,0,0
0,0,0,0,0,0,0,0,0,0,0,0,0,0,0,0,194,170,170,170,0,0,0,0,0,0,0,0,0,0,0,0,0,0,0,0,0,0,0,0,0,0,0,170,170,170,170,170,170,170,146,146,146,146,146,146,146,146,146,146,146,146,170,170,170,170,170,170,170,170,170,170,170,170,170,170,170,170,170,170,170,170,170,170,170,170,170,170,170,170,170,170,170,170,170,170,170,170,170,170,170,146,146,146,146,146,146,146,170,170,170,170,170,170,170,170,170,146,170,170,170,170,170,170,194,0,0,0,0,0,0,0,0,0,0,0,0,0,0,0,0,0,0,0,0,0,0,0,194,146,146,146,146,146,146,146,146,146,146,194,170,170,170,165,0,0,0,0,0,0,0,0,0,0,194,194,194,165,194,101,101,101,2,101,2,2,2,2,171,0,0,0,0,0,0,0,0,171,171,165,171,165,0,0,0,0,0,0,101,101,2,2,101,101,2,2,2,2,2,146,146,146,146,194,0,0,0,0,0,0,0,0,0,194,194,146,194,0,0,0,0,0,0,0,0,0,0,0,0,0,0,0,0,0,0,0
0,0,0,0,0,0,0,0,0,0,0,0,0,0,0,0,0,165,165,0,0,0,0,0,0,0,0,0,0,0,0,0,0,0,170,170,0,0,0,0,165,170,170,170,170,170,170,170,170,170,146,146,146,146,146,146,194,146,146,146,146,146,146,146,170,170,170,170,170,170,170,170,170,170,170,170,170,170,170,170,170,170,170,170,170,170,170,170,194,170,170,194,170,170,170,170,170,170,170,170,194,146,146,146,146,146,146,194,170,170,170,170,170,170,170,170,170,170,170,170,170,170,170,170,0,0,0,0,0,0,0,0,0,0,0,0,0,0,0,0,0,0,0,0,0,0,0,0,165,146,146,146,146,146,146,146,146,146,146,146,170,170,170,170,165,0,0,0,0,0,0,0,0,0,194,165,0,0,0,165,101,101,101,2,2,2,2,101,165,0,0,0,0,0,0,0,0,0,0,0,0,0,0,0,0,0,0,0,101,101,2,2,101,101,90,2,2,2,101,146,146,146,146,146,165,0,0,0,0,0,0,0,0,0,0,0,146,194,0,0,0,0,0,0,0,0,0,0,0,0,0,0,0,0,0,0
0,0,0,0,0,0,0,0,0,0,0,0,0,0,0,0,0,0,0,0,0,0,0,0,0,0,0,0,0,0,0,0,0,0,170,170,170,0,0,165,170,170,170,170,170,170,170,170,170,170,170,170,170,146,146,146,146,146,146,146,146,146,146,170,170,170,170,170,170,170,170,170,170,170,170,170,170,170,170,170,170,170,170,170,170,170,194,194,170,170,194,101,101,170,170,170,170,170,170,170,170,194,146,146,170,194,194,170,194,170,170,170,170,170,170,170,170,170,170,170,170,170,170,170,0,0,0,0,0,0,0,0,0,0,0,0,0,0,0,0,0,0,0,0,0,0,0,0,194,146,146,146,146,146,146,146,146,146,146,146,170,170,170,170,170,0,0,0,0,0,0,0,0,0,0,0,0,0,0,0,0,101,101,2,2,2,101,101,0,0,0,0,0,0,0,0,0,0,0,0,0,0,0,0,0,0,0,0,101,101,101,2,101,90,90,2,2,2,2,146,146,146,146,146,165,0,0,0,0,0,0,0,0,0,0,0,146,146,146,0,0,0,0,0,0,0,0,0,0,0,0,0,0,0,0,0
0,0,0,0,0,0,0,0,0,0,0,0,0,0,0,0,0,0,0,0,0,0,0,0,0,0,0,0,0,0,0,0,0,165,170,170,170,170,170,170,170,170,170,170,170,170,170,170,170,170,170,170,170,194,146,146,146,146,146,146,146,146,146,146,194,170,170,170,170,170,170,170,170,170,170,170,170,170,170,170,170,170,170,170,170,170,165,170,170,170,101,101,101,165,194,194,170,170,170,170,170,170,170,170,170,170,170,170,194,194,170,170,170,170,146,146,170,170,170,170,170,170,170,170,165,0,0,0,0,0,0,0,0,0,0,0,0,0,0,0,0,0,0,0,0,0,0,165,146,146,146,146,146,146,146,146,146,146,146,194,170,170,170,170,170,0,0,0,0,0,0,0,0,0,0,0,0,0,0,0,0,165,101,101,165,101,101,171,0,0,0,0,0,0,0,0,0,0,0,0,0,0,0,0,0,0,0,0,165,101,101,2,101,90,90,2,2,2,2,146,146,146,165,0,0,0,0,0,0,0,0,0,0,0,0,0,146,146,146,0,0,0,0,0,0,0,0,0,0,0,0,0,0,0,0,0
0,0,0,0,0,0,0,0,0,0,0,0,0,0,0,0,0,0,0,0,0,0,0,0,0,0,0,0,0,0,0,165,165,170,170,170,170,170,170,170,170,170,170,170,170,170,170,170,170,170,170,170,170,146,146,146,146,146,146,146,146,146,146,146,146,194,170,170,170,170,170,170,170,170,170,170,170,170,170,170,170,170,170,170,170,170,194,170,101,101,101,101,2,101,194,194,194,170,170,170,170,170,170,170,170,0,0,194,120,194,170,170,170,146,146,146,146,146,170,170,170,170,170,170,170,170,165,0,0,0,0,0,0,0,0,0,0,0,0,0,0,0,0,0,0,0,146,146,146,146,146,146,146,146,146,146,146,146,194,170,170,170,170,170,170,0,0,0,0,0,0,0,0,0,0,0,0,0,0,0,0,0,0,0,0,0,0,0,0,0,0,0,0,0,0,0,0,0,0,0,0,0,0,0,194,0,165,165,101,101,2,2,2,2,171,90,2,2,2,146,146,146,165,0,0,0,0,0,0,0,0,0,0,0,0,165,146,146,146,0,0,0,0,0,0,0,0,0,0,0,0,0,0,0,0,0
0,0,0,0,0,0,0,0,0,0,0,0,0,0,0,0,0,0,0,0,0,0,0,0,0,0,0,0,0,0,0,194,170,170,170,170,170,170,170,170,170,170,170,170,170,170,170,170,170,170,170,194,146,146,146,146,146,146,146,146,146,146,146,146,146,146,146,170,170,170,170,170,170,170,170,170,170,170,170,170,170,170,170,170,170,165,165,101,101,101,101,2,2,101,165,170,194,170,170,170,170,170,170,170,170,0,194,0,170,170,170,170,146,146,146,146,146,146,146,146,170,170,170,170,170,170,170,165,0,0,0,0,0,0,0,0,0,0,0,0,0,0,0,0,0,165,194,146,146,146,146,146,146,146,146,146,146,194,170,170,170,170,170,170,170,170,165,0,165,0,0,0,0,0,0,0,0,0,0,0,0,0,0,0,0,0,0,0,0,0,0,0,0,0,0,0,0,0,0,0,0,0,0,194,146,146,146,146,165,101,2,2,2,101,101,171,171,2,2,2,146,0,0,0,0,0,0,0,0,0,0,0,0,0,0,146,146,146,146,146,0,146,0,0,0,194,171,0,146,193,0,0,0,0,0,0
0,0,0,0,0,0,0,0,0,0,0,0,0,0,0,0,0,0,0,0,0,0,0,0,194,0,165,194,170,165,170,170,170,170,170,170,170,170,170,170,170,170,170,146,146,170,170,170,170,170,170,170,146,146,146,146,146,146,146,146,146,146,146,146,146,146,146,146,146,194,170,170,170,170,170,170,170,170,170,170,170,194,101,194,101,101,101,101,101,101,101,2,2,101,101,194,194,194,170,170,170,170,170,170,170,0,170,170,194,170,170,146,146,146,146,146,146,146,146,146,170,170,170,170,170,170,170,0,0,0,0,0,0,0,0,0,0,0,0,0,0,0,165,165,165,194,146,146,146,146,146,146,146,170,194,146,194,170,170,170,170,170,170,170,170,170,170,170,170,170,165,0,0,0,0,0,0,0,0,0,0,0,0,0,0,0,0,0,0,0,0,0,0,0,0,0,0,0,0,0,0,0,0,165,146,146,146,146,165,101,2,2,101,101,101,2,2,2,2,2,146,0,0,0,0,0,0,0,0,0,0,0,0,194,146,146,146,146,146,146,146,146,146,146,194,0,194,146,146,0,0,0,0,0,0,0
0,0,0,0,0,0,0,0,0,0,0,0,0,0,0,0,0,0,0,0,0,0,0,165,146,146,146,146,170,170,170,170,170,170,170,170,170,170,170,170,170,170,146,146,146,146,170,170,170,170,146,146,146,146,146,146,146,146,146,146,146,146,146,146,146,146,146,146,146,194,170,170,194,170,170,170,170,170,170,170,170,165,101,146,194,101,2,101,101,2,2,101,2,2,101,101,194,101,101,101,170,170,194,170,170,170,170,170,194,120,146,146,146,146,146,146,146,146,146,170,170,170,170,170,170,170,165,0,0,0,0,0,0,0,0,0,0,0,0,0,0,0,0,0,0,165,146,146,170,170,170,146,194,170,170,170,170,170,170,170,170,170,170,170,170,170,170,170,170,170,170,170,165,0,0,0,0,0,0,0,0,0,0,0,0,0,0,0,0,0,0,0,0,0,0,0,0,0,0,0,0,0,0,194,194,146,146,165,165,101,101,101,2,101,171,2,2,2,2,2,101,165,0,0,0,0,0,0,0,0,0,0,194,146,146,146,146,146,146,146,146,146,146,146,194,194,146,146,146,165,0,0,0,0,0,0
0,0,0,0,0,0,0,0,0,0,0,0,0,0,0,0,0,0,0,0,0,0,0,0,146,146,146,146,170,170,170,170,170,170,170,170,170,170,170,170,146,146,146,146,146,146,146,146,170,170,146,146,146,146,194,146,146,194,146,146,146,170,146,146,146,146,146,146,146,146,170,170,170,170,170,170,170,170,170,170,170,170,170,194,194,2,101,101,2,2,2,2,2,2,2,2,101,2,2,165,194,170,194,170,170,170,170,170,170,146,146,146,146,146,146,146,146,146,146,170,170,170,170,170,170,170,165,0,0,0,0,0,0,0,0,0,0,0,0,0,0,0,0,0,0,165,170,170,170,170,170,170,194,165,165,170,170,170,170,170,170,170,170,170,170,170,170,170,170,170,170,170,170,170,0,0,0,0,0,0,0,0,0,0,0,0,0,0,0,0,0,0,0,0,0,0,165,146,146,146,165,0,194,165,165,165,165,165,101,101,101,101,101,90,2,2,2,2,2,2,2,165,0,0,0,0,0,0,0,0,0,0,0,146,146,146,146,146,146,146,146,146,146,146,194,194,146,146,146,146,165,0,0,0,0,0
0,0,0,0,0,0,0,0,0,0,0,0,0,0,0,0,0,0,0,0,0,0,165,146,146,146,146,146,146,170,170,170,170,170,170,170,170,170,170,146,146,146,146,146,146,146,146,170,170,146,146,146,146,146,146,194,170,170,170,170,170,170,170,170,170,146,146,146,146,194,170,170,170,170,170,170,170,170,170,170,170,170,170,170,165,101,101,101,2,2,2,2,2,101,101,2,2,2,101,101,101,101,101,165,170,170,170,170,170,170,146,146,146,146,146,146,146,146,146,146,170,170,170,170,170,165,0,0,0,0,0,0,0,0,0,0,0,0,0,0,0,0,0,0,0,0,165,170,170,170,170,194,0,0,0,165,170,170,170,170,170,170,170,170,170,170,170,170,170,170,170,170,170,170,165,0,0,0,0,0,0,0,0,0,0,0,0,0,0,0,0,0,0,0,0,0,194,146,146,146,146,194,170,170,165,101,101,101,101,101,101,101,90,2,2,2,2,2,2,101,165,0,0,0,0,0,0,0,0,0,0,0,0,146,146,146,146,146,146,146,146,146,146,194,194,146,146,146,146,146,146,0,0,0,0,0
0,0,0,0,0,0,0,0,0,0,0,0,0,0,0,0,0,0,0,0,0,0,0,146,146,146,146,146,170,170,170,170,170,170,170,170,170,170,170,170,170,146,146,146,146,146,146,146,146,146,146,146,146,194,194,146,146,170,194,170,170,170,170,170,170,194,146,146,146,194,170,170,170,170,170,170,170,170,170,170,170,170,170,170,170,194,101,101,2,2,2,101,101,2,2,101,101,101,2,2,2,2,101,165,170,170,170,170,170,170,170,170,146,146,146,146,146,146,146,146,170,170,170,170,165,0,0,0,0,0,0,0,0,0,0,0,0,0,0,0,0,0,0,0,0,0,165,170,170,170,0,0,0,0,0,0,0,0,0,170,170,170,170,170,170,170,170,170,170,170,170,170,165,170,165,0,0,0,0,0,0,0,194,0,0,0,0,0,0,0,0,0,0,0,0,0,146,146,146,146,146,165,194,194,165,101,101,101,101,101,90,90,171,2,2,2,2,2,2,101,0,0,0,0,0,0,0,0,0,0,0,0,0,146,146,146,146,146,146,146,146,194,194,194,146,146,146,146,146,146,146,0,0,0,0,0
0,0,0,0,0,0,0,0,0,0,0,0,0,0,0,0,0,0,0,0,0,0,0,0,0,146,0,165,165,170,170,170,170,170,170,170,170,170,170,170,170,146,146,146,146,146,194,146,146,194,146,146,146,194,170,170,170,170,170,170,170,170,170,170,170,170,194,194,194,194,170,170,170,170,170,170,170,170,170,170,170,170,170,170,170,170,101,101,101,101,101,101,2,2,2,101,165,0,101,101,2,101,165,165,194,170,170,170,170,170,170,170,146,146,146,146,146,146,146,170,170,170,170,165,0,0,0,0,0,0,0,0,0,0,0,0,0,0,0,0,0,0,0,0,0,0,0,165,194,194,0,0,0,0,0,0,0,0,0,170,170,170,170,170,170,170,170,170,170,0,170,165,170,146,146,0,194,0,0,165,165,194,194,194,0,0,0,0,0,0,0,0,0,0,0,0,146,146,146,146,165,101,101,101,101,101,101,101,101,171,90,90,2,2,2,2,2,2,2,101,0,0,0,0,0,0,0,0,0,0,0,0,0,146,146,146,146,146,146,146,194,194,101,146,146,146,146,146,146,146,0,0,0,0,0,0
0,0,0,0,0,0,0,0,0,0,0,0,0,0,0,0,0,0,0,0,0,0,0,0,0,0,0,0,165,170,170,170,170,170,170,170,170,170,170,170,146,146,146,146,170,170,146,146,146,146,194,194,194,194,170,170,170,170,170,170,170,146,146,170,170,170,170,170,170,170,170,170,170,170,170,170,170,170,170,170,170,170,170,170,170,170,194,2,101,101,101,2,2,2,101,0,0,0,0,165,101,165,165,0,0,165,165,165,170,170,170,170,170,170,146,146,146,146,146,146,170,170,170,170,165,0,0,0,0,0,0,0,0,0,0,0,0,0,0,0,0,0,0,0,0,0,0,0,0,0,0,0,0,0,0,0,0,0,0,194,170,170,170,170,170,170,170,170,0,0,0,0,170,146,194,146,146,194,194,146,146,146,194,101,0,194,0,0,0,0,0,0,0,0,0,0,146,146,146,146,165,101,101,101,101,101,2,101,90,171,2,2,2,2,2,2,2,2,171,171,0,0,0,0,0,0,0,0,0,0,0,0,0,165,146,146,146,146,194,194,194,194,194,146,146,146,146,146,146,0,0,0,0,0,0,0
0,0,0,0,0,0,0,0,0,0,0,0,0,0,0,0,0,0,0,0,0,0,0,0,0,0,0,0,0,165,170,170,170,170,170,170,170,170,146,146,146,146,146,146,170,170,146,146,146,194,146,194,170,194,170,170,170,170,170,170,170,194,170,170,170,170,170,170,170,170,170,170,170,170,170,170,170,170,170,170,170,170,170,170,170,170,194,2,101,0,0,101,101,2,101,0,0,0,0,0,165,0,0,0,0,0,165,0,0,0,0,170,170,146,146,146,146,146,146,146,146,170,170,170,165,165,0,0,0,0,165,0,0,0,0,0,0,0,0,0,0,0,0,0,0,0,0,0,0,0,0,0,0,0,0,0,0,0,0,0,165,170,170,170,170,170,170,170,0,0,0,0,170,170,194,146,146,146,194,146,146,165,146,146,194,194,0,0,0,0,0,0,0,0,0,0,0,146,146,146,165,101,2,101,101,2,101,101,90,171,2,2,2,2,2,2,2,2,171,171,0,0,0,0,0,0,0,0,0,0,0,0,0,146,146,146,146,194,194,194,194,194,146,146,146,146,146,146,0,0,0,0,0,0,0,0
0,0,0,0,0,0,0,0,0,0,0,0,0,0,0,0,0,0,0,0,0,0,0,0,0,0,0,0,0,170,170,170,170,170,170,170,170,170,146,146,146,146,194,146,146,170,170,170,194,146,146,146,170,170,194,170,170,170,170,170,170,170,170,170,170,170,170,170,170,170,170,170,170,170,170,170,170,170,170,170,170,170,170,170,170,170,165,0,0,0,0,0,101,101,101,0,0,0,0,0,0,0,0,0,0,0,0,0,0,0,0,0,0,165,146,146,146,146,146,146,146,146,170,170,170,165,165,165,170,170,170,170,0,0,0,0,0,0,0,0,0,0,0,0,0,0,0,0,0,0,0,0,0,0,0,0,0,0,0,165,170,170,170,170,170,170,170,170,0,0,165,194,146,170,165,0,146,146,194,194,101,165,146,146,146,146,165,0,0,0,0,0,194,165,0,0,165,165,101,194,165,101,101,101,101,2,101,90,90,2,171,2,2,2,2,101,171,171,165,0,0,0,0,0,0,0,0,0,0,0,0,0,0,146,146,146,146,194,194,194,194,146,146,146,194,0,146,194,0,0,0,0,0,0,0,0
0,0,0,0,0,0,0,0,0,0,0,0,0,0,0,0,0,0,0,0,0,0,0,0,0,0,0,0,165,170,170,170,170,170,170,170,170,170,170,146,146,146,194,170,170,170,170,170,194,146,146,146,194,146,146,146,146,146,194,170,170,170,170,170,170,170,170,170,170,170,170,170,170,170,170,170,170,170,170,170,170,170,170,170,170,170,165,0,0,0,0,0,101,101,101,101,165,0,0,0,0,0,0,0,0,0,0,0,0,0,0,0,0,0,0,146,146,146,146,146,146,146,170,170,170,170,165,170,170,170,170,170,170,0,0,0,0,0,0,0,0,0,0,0,0,0,0,0,0,0,0,0,0,0,0,0,0,0,0,165,170,170,170,170,170,170,170,165,0,0,0,0,194,194,0,0,0,0,194,2,2,101,146,146,146,146,146,165,0,165,0,0,170,170,194,194,194,165,165,101,165,101,101,2,101,2,101,171,90,2,2,2,2,2,165,0,0,0,0,0,0,0,0,0,0,0,0,146,146,0,0,0,194,146,146,194,194,194,194,194,146,146,194,194,0,0,0,0,0,0,0,0,0,0,0,0
0,0,0,0,0,0,0,0,0,0,0,0,0,0,0,0,0,0,0,0,0,0,0,0,0,0,0,0,165,170,170,170,170,170,170,170,170,170,194,146,146,146,146,170,170,170,170,170,194,146,146,146,146,194,146,146,146,146,170,170,170,170,170,170,170,170,170,170,170,170,170,170,170,170,170,170,170,165,165,0,0,165,170,170,165,165,0,0,0,0,165,101,101,2,2,2,165,0,0,0,0,0,0,0,0,0,0,0,0,0,0,0,0,0,0,165,146,146,146,146,146,146,170,170,170,170,170,170,170,170,170,170,170,0,0,0,0,0,0,0,0,0,0,0,0,0,0,0,0,0,0,0,0,0,0,0,0,0,0,0,165,170,170,170,170,170,170,0,0,0,0,0,0,0,0,0,0,0,194,146,194,194,101,146,146,146,146,101,2,101,165,194,170,170,170,194,165,101,101,101,101,101,101,101,101,101,90,171,171,2,2,2,101,101,0,0,0,0,0,0,0,0,0,0,0,0,165,146,146,146,146,165,194,101,101,194,194,194,194,146,146,194,194,0,0,0,0,0,0,0,0,0,0,0,0,0
0,0,0,0,0,0,0,0,0,0,0,0,0,0,0,0,0,0,0,0,0,0,0,0,0,0,0,170,170,170,170,170,170,170,170,170,170,170,194,170,146,146,146,170,170,170,170,194,146,146,146,146,146,146,146,146,170,170,170,170,170,170,170,170,170,170,170,170,170,170,170,170,170,170,170,170,170,0,0,0,0,0,0,165,165,0,0,0,0,0,165,171,2,2,101,2,101,165,0,0,0,0,0,0,0,0,0,0,0,0,0,0,0,0,0,165,146,146,146,146,146,146,170,170,170,170,170,170,170,170,170,170,170,170,170,0,0,0,0,0,0,0,0,0,0,0,0,0,0,0,0,0,0,0,0,0,0,0,0,0,0,165,170,170,170,170,170,170,0,0,0,0,0,0,0,0,0,0,0,194,194,194,101,101,146,146,194,146,146,146,194,146,170,170,170,165,101,101,101,101,101,101,2,101,2,90,171,2,2,2,2,2,165,0,0,0,0,0,0,0,0,0,0,0,0,0,0,146,146,146,146,146,101,101,101,0,194,194,146,146,146,194,0,0,0,0,0,0,0,0,0,0,0,0,0,0
0,0,0,0,0,0,0,0,0,0,0,0,0,0,0,0,0,0,0,0,0,0,0,0,0,170,170,170,170,170,170,170,170,170,170,170,170,170,170,170,170,170,170,170,170,170,146,146,146,146,146,146,146,146,146,146,170,170,170,170,170,170,170,170,170,170,170,170,170,170,170,170,170,170,170,170,0,0,0,0,0,0,0,0,0,0,0,0,0,0,0,171,165,101,101,101,101,165,0,0,0,0,0,0,0,0,0,0,0,0,0,0,0,165,170,170,170,146,146,146,146,146,146,146,170,170,170,170,170,170,170,170,170,170,170,0,0,0,0,0,0,0,0,0,0,0,0,0,0,0,0,0,0,0,0,0,0,0,0,0,0,0,165,170,170,170,170,170,165,165,194,0,0,0,0,0,0,0,165,165,194,194,165,101,146,194,101,101,146,146,146,146,146,146,194,165,101,101,2,101,101,2,101,2,2,2,2,2,2,2,2,2,171,0,0,0,0,0,0,0,0,0,0,0,0,0,0,165,146,146,146,146,146,146,146,0,0,0,146,146,0,0,0,0,0,0,0,0,0,0,0,0,0,0,0,0
0,0,0,0,0,0,0,0,0,0,0,0,0,0,0,0,0,0,0,0,0,0,0,0,0,170,170,170,170,170,170,170,170,170,170,170,170,170,170,170,170,170,170,170,170,170,170,170,146,146,146,146,146,146,146,146,146,146,146,146,170,170,170,170,170,170,170,170,170,170,170,170,170,170,170,170,194,0,0,0,0,0,0,0,0,0,0,0,0,0,0,0,0,194,165,0,0,0,0,0,0,0,0,0,0,0,0,0,0,0,0,0,0,0,0,170,194,146,146,146,146,146,146,146,170,170,170,170,170,170,170,170,170,170,165,165,0,0,0,0,0,0,0,0,0,0,0,0,0,0,0,0,0,0,0,0,0,0,0,0,0,0,170,170,170,170,170,170,170,170,170,0,0,0,0,0,0,0,0,0,0,0,0,165,194,101,101,2,101,146,146,146,146,146,146,101,101,2,101,101,2,2,2,2,2,2,101,101,2,2,2,101,101,0,0,0,0,0,0,0,0,0,0,0,0,0,0,194,146,146,146,146,146,146,146,0,0,0,194,0,0,0,0,0,0,0,0,0,0,0,0,0,0,0,0,0
0,0,0,0,0,0,0,0,0,0,0,0,0,0,0,0,0,0,0,0,0,0,0,165,170,170,170,170,170,170,170,170,170,170,170,170,170,170,170,170,170,170,170,170,170,170,170,170,146,146,146,146,146,146,146,146,146,146,146,146,146,170,170,170,170,170,170,170,170,170,170,170,170,170,170,170,170,165,0,0,0,0,0,0,0,0,0,0,0,0,0,0,194,194,0,0,0,0,0,0,0,0,0,0,0,0,0,0,0,0,0,0,0,0,0,194,194,146,146,146,146,146,146,146,146,170,170,170,170,170,170,170,165,0,0,0,0,0,0,0,0,0,0,0,0,0,0,0,0,0,0,0,0,0,0,0,0,0,0,0,0,0,170,170,170,170,165,170,170,170,170,165,0,0,0,0,0,0,0,0,0,0,0,0,0,165,101,2,101,101,146,146,146,146,101,101,101,101,101,2,2,2,2,2,2,2,2,2,2,2,171,171,171,0,0,0,0,0,0,0,0,0,0,0,0,165,146,0,194,194,0,146,146,146,146,0,0,194,165,0,0,0,0,0,0,0,0,0,0,0,0,0,0,0,0,0
0,0,0,0,0,0,0,0,0,0,0,0,0,0,0,0,0,0,0,0,0,0,0,170,170,170,170,170,170,170,170,170,170,170,170,170,170,170,170,170,170,170,170,170,170,170,170,146,146,146,146,146,146,146,194,194,146,146,146,146,146,170,170,170,170,170,170,170,170,170,170,170,170,170,170,170,170,0,0,0,0,0,0,0,0,0,0,0,0,0,0,194,194,194,0,0,0,0,0,0,0,0,0,0,0,0,0,0,0,0,0,0,0,0,0,146,146,170,170,170,146,146,170,170,170,170,170,170,170,170,170,170,0,0,0,0,0,0,0,0,0,0,0,0,0,0,0,0,0,0,0,0,0,0,0,0,0,0,0,0,0,0,0,0,165,194,170,170,170,170,170,170,165,0,0,0,0,0,0,0,0,0,0,0,0,0,165,101,101,2,101,101,101,101,2,2,2,2,2,2,101,101,2,2,2,101,101,2,171,171,171,0,0,0,0,0,0,0,0,0,0,0,0,0,194,146,146,146,194,0,0,146,146,146,146,146,165,0,0,0,0,0,0,0,0,0,0,0,0,0,0,0,0,0,0,0
0,0,0,0,0,0,0,0,0,0,0,0,0,0,0,0,0,194,170,0,0,0,0,170,170,170,170,170,170,170,170,170,170,170,170,170,170,170,170,170,170,170,170,170,170,170,170,146,146,146,146,146,146,146,146,146,146,146,146,146,146,170,170,170,170,170,170,170,170,170,170,170,170,170,170,170,170,0,0,0,0,0,0,0,0,0,0,0,0,0,194,194,165,0,0,0,0,0,0,0,0,0,0,0,0,0,0,0,0,0,0,0,0,0,146,146,146,146,146,170,170,170,170,170,170,170,170,170,170,170,170,170,0,0,0,0,0,0,0,0,0,0,0,0,0,0,0,0,0,0,0,0,0,0,0,0,0,0,0,0,0,0,0,0,0,0,0,170,170,170,170,170,165,165,0,194,0,0,0,0,0,0,0,0,0,0,0,171,171,171,171,101,2,2,101,2,2,2,2,2,171,171,171,171,165,0,0,171,0,0,0,0,0,0,0,0,0,0,0,0,0,0,0,0,146,146,146,146,194,0,0,146,146,146,146,146,0,0,0,0,0,0,0,0,0,0,0,0,0,0,0,0,0,0,0,0
0,0,0,0,0,0,0,0,0,0,0,0,0,0,0,0,170,170,170,0,0,0,0,170,170,170,170,170,170,170,170,170,170,170,170,170,170,170,170,170,170,170,170,170,170,146,146,146,146,146,146,146,146,146,146,194,146,170,146,146,170,170,170,170,170,170,170,170,170,170,170,170,170,170,170,170,170,0,0,0,0,0,0,0,0,0,0,0,0,0,0,0,0,0,0,0,0,0,0,0,0,0,0,0,0,0,0,0,0,0,0,0,0,165,146,146,146,146,146,170,170,170,170,170,170,170,170,170,170,170,170,170,165,0,0,0,0,0,0,0,0,0,0,0,0,0,0,0,0,0,0,0,0,0,0,0,0,0,0,0,0,0,0,0,0,0,0,0,170,170,170,170,170,170,170,170,165,0,0,0,0,0,194,165,0,0,0,0,0,0,171,171,2,2,2,101,171,0,165,171,171,171,171,0,0,0,0,0,0,0,0,0,0,0,0,0,0,0,0,0,0,0,0,146,146,146,146,146,0,0,146,146,146,146,146,146,0,0,0,0,0,0,0,0,0,0,0,0,0,0,0,0,0,0,0,0
0,0,0,0,0,0,0,0,0,0,0,0,0,0,0,0,194,170,170,170,170,170,170,170,170,170,170,170,170,170,170,170,170,170,170,170,170,170,170,170,170,170,170,170,170,146,146,146,146,146,146,146,146,146,146,170,170,170,170,170,170,170,170,170,170,170,170,170,170,170,170,170,170,170,170,170,170,0,0,0,0,0,0,0,0,0,0,0,0,0,0,0,0,0,0,0,0,0,0,0,0,0,0,0,0,0,0,0,0,0,0,0,0,165,146,146,146,146,146,170,170,170,170,170,170,170,170,170,170,170,165,0,0,0,0,0,0,0,0,0,0,0,0,0,0,0,0,0,0,0,0,0,0,0,0,0,0,0,0,0,0,0,0,0,0,0,0,0,170,170,170,170,170,170,170,170,170,170,165,0,0,0,0,170,0,0,0,0,0,0,171,171,171,171,165,0,165,0,0,0,0,0,0,0,0,0,0,0,0,0,0,0,0,0,0,0,0,0,0,194,146,165,146,146,146,146,146,0,0,0,0,146,194,165,146,146,146,0,0,0,0,0,0,0,0,0,0,0,0,0,0,0,0,0,0,0
0,0,0,0,0,0,0,0,0,0,0,0,0,165,146,194,146,146,146,170,170,170,170,170,170,170,170,170,170,170,170,170,170,170,170,170,170,170,170,170,170,170,170,170,170,170,170,146,146,146,146,146,146,146,146,194,170,170,170,170,170,170,170,170,170,170,170,170,170,170,170,170,170,170,170,170,170,165,0,0,0,0,0,0,0,0,0,0,0,0,0,0,0,0,0,0,0,0,0,0,0,0,0,0,0,0,0,0,0,0,0,0,0,194,146,146,170,170,170,170,170,170,170,170,170,170,170,170,170,170,165,0,0,0,0,0,0,0,0,0,0,0,0,0,0,0,0,0,0,0,0,0,0,0,0,0,0,0,0,0,0,0,0,0,0,0,0,170,170,170,170,170,170,170,170,170,170,170,0,0,0,0,165,165,0,0,0,0,0,0,0,0,101,0,0,0,0,0,0,0,0,0,0,0,0,0,0,0,0,0,0,0,0,0,0,0,0,0,0,146,146,146,146,146,146,146,146,0,0,0,0,194,101,146,146,146,146,165,165,0,0,0,0,0,0,0,0,0,0,0,0,0,0,0,0,0
0,0,0,0,0,0,0,0,0,0,0,0,0,146,146,146,146,146,146,146,170,170,170,170,170,170,170,170,170,170,170,170,170,170,170,170,170,170,170,170,170,170,170,170,170,170,170,146,146,146,146,146,146,146,170,170,170,170,170,170,170,170,170,170,170,170,170,170,170,170,170,170,170,170,170,170,170,0,0,0,0,0,0,0,0,0,0,0,0,0,0,0,0,0,0,0,0,0,0,0,0,0,0,0,0,0,0,0,0,0,0,0,0,0,0,170,170,170,170,170,170,170,170,170,170,170,170,170,170,170,170,165,0,0,0,0,0,0,0,0,0,0,0,0,0,0,0,0,0,0,0,0,0,0,0,0,0,0,0,0,0,0,0,0,0,0,0,165,170,170,170,170,170,170,170,170,170,170,0,0,0,0,170,165,0,0,0,0,0,0,0,0,0,0,0,0,0,0,0,0,0,0,0,0,0,0,0,0,0,0,0,0,0,0,0,0,0,146,165,165,146,146,146,146,146,146,146,0,0,0,0,0,0,146,146,146,146,146,146,0,0,0,0,0,0,0,0,0,0,0,0,0,0,0,0,0
0,0,0,0,0,0,0,0,0,0,0,0,0,146,146,146,146,146,146,146,170,170,170,170,170,170,170,170,170,170,170,170,170,170,170,170,170,170,170,170,170,170,170,170,170,170,146,146,146,146,146,146,146,170,170,170,170,170,170,170,170,170,170,170,170,170,170,170,170,170,170,170,170,170,170,170,170,170,0,0,0,0,0,0,0,0,0,0,0,0,0,0,0,0,0,0,0,0,0,0,0,0,0,0,0,0,0,0,0,0,0,0,0,0,0,170,170,170,170,170,170,170,170,170,170,170,170,170,170,170,170,170,170,0,0,0,0,0,0,0,0,0,0,0,0,0,0,0,0,0,0,0,0,0,0,0,0,0,0,0,0,0,0,0,0,0,0,0,170,170,170,170,170,170,170,170,170,170,170,0,0,170,170,170,170,170,0,0,0,0,0,0,0,0,0,0,0,0,0,0,0,0,0,0,0,0,0,0,0,0,0,0,0,0,0,0,0,146,146,146,146,146,146,146,146,146,146,0,0,0,0,0,0,146,146,146,146,146,146,194,0,0,0,0,0,0,0,0,0,0,0,0,0,0,0,0
0,0,0,0,0,0,0,0,0,0,0,0,0,194,146,146,146,146,146,146,170,170,170,170,170,170,170,170,170,170,170,170,146,146,170,170,170,170,170,170,165,170,170,170,170,194,146,146,146,146,146,146,146,170,170,170,170,170,170,170,170,170,170,170,170,170,170,170,165,0,165,0,170,170,170,170,170,170,0,0,0,0,0,0,0,0,0,0,0,0,0,0,0,0,0,0,0,0,0,0,0,0,0,0,0,0,0,0,0,0,0,0,0,0,0,170,170,170,170,170,170,170,170,170,170,170,170,170,170,170,170,170,170,165,0,0,0,0,0,0,0,0,0,0,0,0,0,0,0,0,0,0,0,0,0,0,0,0,0,0,0,0,0,0,0,0,0,165,170,170,170,170,170,170,170,170,170,170,170,170,170,170,170,170,170,170,165,0,0,0,0,0,0,0,0,0,0,0,0,0,0,0,0,0,0,0,0,0,0,0,0,0,0,0,0,0,0,146,146,146,146,146,146,146,146,146,146,146,0,0,0,0,146,146,146,146,146,146,146,146,0,0,0,0,0,0,0,0,0,0,0,0,0,0,0,0
0,0,0,0,0,0,0,0,0,0,0,0,0,0,165,146,146,146,146,170,170,170,170,170,170,170,170,170,170,170,170,170,146,146,146,194,170,0,0,165,0,0,170,170,170,170,170,146,146,146,146,146,146,146,170,170,170,170,170,170,170,170,170,170,170,170,170,170,0,0,0,0,0,0,165,170,170,170,165,165,165,0,0,0,0,0,0,0,0,0,0,0,0,0,0,0,0,0,0,0,0,0,0,0,0,0,0,0,0,0,0,0,0,0,0,170,170,170,170,170,170,170,170,170,170,170,170,170,170,170,170,170,170,170,0,0,0,0,0,0,0,0,0,0,0,0,0,0,0,0,0,0,0,0,0,0,0,0,0,0,0,0,0,0,0,0,0,0,194,170,170,170,170,170,170,170,170,170,170,170,170,170,170,170,170,170,170,0,0,0,0,0,0,0,0,0,0,0,0,0,0,0,0,0,0,0,0,0,0,0,0,0,0,0,0,0,0,146,146,146,146,146,146,146,146,146,146,146,146,0,194,146,146,146,146,146,146,146,120,0,0,0,0,0,0,0,0,0,0,0,0,0,0,0,0,0
0,0,0,0,0,0,0,0,0,0,0,0,0,0,146,146,146,146,146,170,170,170,170,170,170,170,170,170,170,170,170,170,146,146,146,146,146,0,0,0,0,0,170,170,170,170,194,146,146,146,146,146,146,146,170,170,170,170,170,170,170,170,170,170,170,170,170,170,165,0,0,0,0,0,0,0,0,0,0,165,0,0,0,0,0,0,0,0,0,0,0,0,0,0,0,0,0,0,0,0,0,0,0,0,0,0,0,0,0,0,0,0,0,0,0,170,170,170,170,170,170,170,170,170,170,170,170,170,170,170,170,170,170,170,194,0,0,0,0,0,0,0,0,0,0,0,0,0,170,0,0,0,0,0,0,0,0,0,0,0,0,0,0,0,0,0,0,0,0,165,170,170,170,170,170,170,170,170,170,170,170,170,170,170,170,170,170,165,165,165,170,0,0,0,0,0,0,0,0,0,0,0,0,0,0,0,0,165,0,0,0,0,0,0,0,0,146,146,146,146,146,146,146,146,146,146,146,146,146,0,194,146,146,146,146,146,146,194,0,0,0,0,0,0,0,0,0,0,0,0,0,0,0,0,0,0
0,0,0,0,0,0,0,0,0,0,0,0,0,0,146,146,146,170,170,170,170,170,170,170,170,170,170,170,170,170,170,146,146,146,146,146,146,0,0,0,0,0,0,170,170,170,170,170,146,146,146,146,146,146,170,170,170,170,170,170,170,170,170,170,170,170,170,165,0,0,0,0,0,0,0,0,0,0,0,0,0,0,0,0,0,0,0,0,0,0,0,0,0,0,0,0,0,0,0,0,0,0,0,0,0,0,0,0,0,0,0,0,0,0,165,170,170,170,170,170,170,170,170,170,170,170,170,170,170,170,170,170,170,170,170,0,0,0,0,0,0,0,0,0,0,0,0,170,170,170,0,0,0,0,0,0,0,0,0,0,0,0,0,0,0,0,0,0,0,0,170,170,194,194,170,170,170,170,170,170,170,170,170,170,170,170,170,170,170,170,170,170,170,0,170,170,194,0,0,0,0,0,0,0,0,171,171,146,165,0,0,0,0,0,165,146,146,146,146,146,146,146,146,146,146,146,0,0,0,0,194,194,146,146,146,146,146,194,0,0,0,0,0,0,0,0,0,0,0,0,0,0,0,0,0,0
0,0,0,0,0,0,0,0,0,0,0,0,0,146,146,146,146,170,170,170,170,170,170,170,170,170,170,170,170,170,170,194,146,146,146,146,165,0,0,0,0,0,0,194,170,170,170,170,170,146,146,146,170,170,170,170,170,170,170,170,170,170,170,170,170,170,170,165,0,0,0,0,0,0,0,0,0,0,0,0,0,0,0,0,0,0,0,0,0,0,0,0,0,0,0,0,0,0,0,0,0,0,0,0,0,0,0,0,0,0,0,0,0,0,165,165,165,170,170,170,170,170,170,170,170,170,170,170,170,170,170,170,170,170,165,165,0,0,0,0,0,0,170,170,165,0,170,170,0,0,0,0,0,0,0,0,0,0,0,0,0,0,0,0,0,0,0,0,0,0,0,0,0,165,170,170,170,170,170,170,170,170,170,170,170,170,170,170,170,170,170,165,170,170,170,170,170,194,194,0,0,0,0,0,0,171,171,165,0,0,0,0,0,0,0,146,146,146,146,146,146,146,146,0,0,0,0,0,0,0,0,165,165,146,146,146,146,146,0,0,0,0,0,0,0,0,0,0,0,0,0,0,0,0,0,0
0,0,0,0,0,0,0,0,0,0,0,0,165,146,146,146,170,170,170,170,0,0,0,0,170,170,170,170,146,146,194,146,146,146,146,0,0,0,0,0,0,0,0,0,170,170,170,170,170,146,170,146,170,170,170,170,170,170,170,170,170,170,0,0,170,0,165,165,0,0,0,0,0,0,0,0,0,0,0,0,0,0,0,0,0,0,0,0,0,0,0,0,0,0,0,0,0,0,0,0,0,0,0,0,0,0,0,0,0,0,0,0,0,0,0,0,0,165,170,170,170,170,170,170,170,170,170,170,170,170,170,170,170,170,170,165,0,0,0,194,170,170,170,170,170,165,170,0,0,0,0,0,0,0,0,0,0,0,0,0,0,0,0,0,0,0,0,0,0,0,0,0,0,0,194,170,170,170,170,170,170,170,170,170,170,170,170,170,170,170,170,170,170,170,170,170,170,146,170,170,170,170,170,194,194,165,0,0,0,0,0,0,0,0,0,146,146,146,194,146,146,146,0,0,0,0,0,0,0,0,165,146,146,146,146,146,146,165,0,0,0,0,0,0,0,0,0,0,0,0,0,0,0,0,0,0
0,0,0,0,0,0,0,0,0,0,0,0,165,146,146,146,0,0,165,0,0,0,0,0,0,170,170,146,146,146,146,146,146,146,146,0,0,0,0,0,0,0,0,0,165,170,170,170,170,170,170,170,170,170,170,170,170,170,170,170,165,0,0,0,0,0,0,0,0,0,0,0,0,0,0,0,0,0,0,0,0,0,0,0,0,0,0,0,0,0,0,0,0,0,0,0,0,0,0,0,0,0,0,0,0,0,0,0,0,0,0,0,0,194,194,0,0,165,170,170,170,170,170,170,170,170,170,170,170,170,170,170,170,170,170,170,165,0,0,194,170,170,170,170,170,194,165,0,194,0,0,0,0,0,170,0,0,0,0,0,0,0,0,0,0,0,0,0,0,0,0,0,0,0,0,170,170,170,170,170,170,170,170,170,170,170,170,170,170,170,170,170,170,170,170,170,170,170,170,170,170,170,170,170,170,0,0,0,0,0,0,0,0,0,146,194,0,0,0,0,146,146,0,0,0,0,0,0,0,0,146,146,146,146,146,146,146,0,0,0,0,0,0,0,0,0,0,0,0,0,0,0,0,0,0,0
0,0,0,0,0,0,0,0,0,0,0,194,146,146,146,0,0,0,0,0,0,0,0,0,0,165,170,170,146,146,146,146,146,146,146,146,0,0,0,0,0,0,0,0,0,165,170,170,170,170,170,170,170,170,170,170,170,170,170,170,165,0,0,0,0,0,0,0,0,0,0,0,0,0,0,0,0,0,0,0,0,0,0,0,0,0,0,0,0,0,0,0,0,0,0,0,0,0,0,0,0,0,0,0,0,0,0,0,0,0,0,165,165,194,165,0,0,0,170,170,170,170,170,170,170,170,170,170,170,170,170,170,170,170,170,170,170,170,170,170,170,170,170,170,170,170,170,170,170,0,0,0,0,170,170,170,0,0,0,0,0,194,0,0,0,0,0,0,0,0,0,0,0,0,0,170,170,170,170,170,170,170,170,170,170,170,170,170,170,170,170,170,170,170,170,170,170,170,194,170,170,170,170,170,0,0,0,0,0,0,0,0,0,0,0,0,0,0,0,0,0,0,0,0,0,0,0,0,0,146,146,146,146,146,146,146,146,165,0,0,0,0,0,0,0,0,0,0,0,0,0,0,0,0,0,0
0,0,0,0,0,0,0,0,0,0,0,0,0,0,0,0,0,0,0,0,0,0,0,0,0,170,170,170,146,146,146,146,146,146,146,146,146,146,194,0,0,0,0,0,0,165,170,170,170,170,170,170,170,170,170,170,170,170,170,165,0,0,0,0,0,0,0,0,0,0,0,0,0,0,0,0,0,0,0,0,0,0,0,0,0,0,0,0,0,0,0,0,0,0,0,0,0,0,0,0,0,0,0,0,0,0,0,0,0,165,170,170,170,170,170,194,171,0,170,170,170,170,170,170,170,170,170,170,170,170,170,170,170,170,170,170,170,170,170,170,170,170,170,170,170,170,170,170,170,170,170,170,170,170,170,170,170,194,194,170,170,0,0,0,0,0,0,0,0,0,0,0,0,0,165,170,170,170,170,170,170,170,170,0,0,0,170,170,170,170,170,170,170,170,170,170,170,170,170,170,170,170,170,0,0,0,0,0,0,0,0,0,0,0,0,0,0,0,0,0,0,0,0,0,0,0,0,194,0,146,146,146,146,146,146,194,165,0,0,0,0,0,0,0,0,0,0,0,0,0,0,0,0,0,0,0
0,0,0,0,0,0,0,0,0,0,0,0,0,0,0,0,0,0,0,0,0,0,0,0,0,0,0,194,146,146,146,146,146,146,146,146,146,146,165,0,0,0,0,0,0,0,170,170,170,170,170,170,170,170,170,170,170,170,0,0,0,0,0,0,0,0,0,0,0,0,0,0,0,0,0,0,0,0,0,0,0,0,0,0,0,0,0,0,0,0,0,0,0,0,0,0,0,0,0,0,0,0,0,0,0,0,0,0,0,0,170,170,170,170,170,170,170,170,170,170,170,170,170,170,170,170,170,170,170,170,170,170,165,165,0,0,194,170,170,170,170,170,170,170,170,170,170,170,170,170,170,170,170,170,170,170,170,194,194,170,170,0,0,0,0,0,0,0,0,0,0,0,0,0,0,165,170,170,170,170,170,170,0,0,0,0,0,0,170,170,170,170,170,170,170,170,170,170,165,0,165,170,170,170,0,0,0,0,0,0,0,0,0,0,0,0,0,0,0,0,0,0,0,0,0,0,0,146,146,146,146,146,146,146,146,0,0,0,0,0,0,0,0,0,0,0,0,0,0,0,0,0,0,0,0,0
0,0,0,0,0,0,0,0,0,0,0,0,0,0,0,0,0,0,0,0,0,0,0,0,0,0,0,0,0,146,146,146,146,146,146,146,146,146,165,0,0,0,0,0,0,0,0,170,170,170,170,170,170,170,170,170,170,0,0,0,0,0,0,0,0,0,0,0,0,0,0,0,0,0,0,0,0,0,0,0,0,0,0,0,0,0,0,0,0,0,0,0,0,0,0,0,0,0,0,0,0,0,0,0,0,0,165,165,194,0,170,170,170,170,170,170,170,170,170,170,170,170,170,170,170,170,170,170,170,170,170,194,0,0,0,0,0,0,0,165,170,170,170,170,165,0,0,0,0,0,170,170,170,170,170,170,170,194,165,165,0,0,0,0,0,0,0,0,0,0,0,0,0,0,0,0,170,170,170,170,170,0,0,0,0,0,0,0,165,170,170,165,0,0,0,0,165,0,0,0,0,0,165,165,194,194,0,0,0,0,0,0,0,0,0,0,0,0,0,0,0,0,0,0,0,0,146,146,146,146,146,146,146,146,0,0,0,0,0,0,0,0,0,0,0,0,0,0,0,0,0,0,0,0,0,0
0,0,0,0,0,0,0,0,0,0,0,0,0,0,0,0,0,0,0,0,0,0,0,0,0,0,0,0,0,165,146,146,146,146,146,146,146,194,0,0,0,0,0,0,0,0,165,194,0,170,170,170,170,170,170,170,170,0,0,0,0,0,0,0,0,0,0,0,0,0,0,0,0,0,0,0,0,0,0,0,0,0,0,0,0,0,0,0,0,0,0,0,0,0,165,0,0,146,146,0,0,0,0,0,0,146,146,194,170,170,170,170,170,170,170,170,170,170,170,170,170,170,170,170,170,170,170,170,170,170,170,0,0,0,0,0,0,0,0,0,194,194,0,0,0,0,0,0,0,0,0,0,0,170,170,170,170,170,0,0,0,0,0,0,0,0,0,0,0,0,0,0,0,0,0,0,170,170,170,170,170,170,0,0,0,0,0,0,0,0,0,0,0,0,0,0,0,0,0,0,0,0,0,0,0,0,0,0,0,0,0,0,0,0,0,0,0,0,0,0,0,0,0,0,0,146,146,146,146,146,146,146,146,146,0,0,0,0,0,0,0,0,0,0,0,0,0,0,0,0,0,0,0,0,0,0
0,0,0,0,0,0,0,0,0,0,0,0,0,0,0,0,0,0,0,0,0,0,0,0,0,0,0,0,0,0,146,146,146,146,146,146,146,0,0,0,0,0,0,0,0,0,0,0,0,0,165,170,170,170,170,170,0,0,0,0,0,0,0,0,0,0,0,0,0,0,0,0,0,0,0,0,0,0,0,0,0,0,0,0,0,0,0,0,0,0,0,0,0,0,194,194,146,146,146,146,0,0,0,0,146,146,146,146,194,170,170,170,170,170,170,170,170,170,170,170,170,170,170,170,170,170,170,170,170,170,165,0,0,0,0,0,0,0,0,0,165,0,0,0,0,0,0,0,0,0,0,0,0,165,0,0,170,170,0,0,0,0,0,0,0,0,0,0,0,0,0,0,0,0,0,165,170,170,0,170,170,170,0,0,0,0,0,0,0,0,0,0,0,0,0,0,0,0,0,0,0,0,0,0,0,0,0,0,0,0,0,0,0,0,0,0,0,0,0,0,0,0,0,0,194,146,146,146,146,146,146,146,146,0,0,0,0,0,0,0,0,0,0,0,0,0,0,0,0,0,0,0,0,0,0,0
0,0,0,0,0,0,0,0,0,0,0,0,0,0,0,0,0,0,0,0,0,0,0,0,0,0,0,0,0,0,0,0,146,146,146,146,146,0,0,0,0,0,0,0,0,0,0,0,0,0,0,170,170,170,170,170,0,0,0,0,0,0,0,0,0,0,0,0,0,0,0,0,0,0,0,0,0,0,0,0,0,0,0,0,0,0,0,0,0,0,0,0,0,0,0,146,146,146,146,146,146,194,146,146,146,146,146,146,146,165,170,170,170,170,170,170,170,170,170,170,170,170,170,170,170,170,170,170,170,170,165,0,0,0,0,0,0,0,0,0,0,0,0,0,0,0,0,0,0,0,0,0,0,0,0,0,0,170,0,0,0,0,0,0,0,0,0,0,0,0,0,0,165,194,194,146,146,146,0,0,170,146,146,0,0,0,0,0,0,0,0,0,0,0,0,0,0,0,0,0,0,0,0,0,0,0,0,0,0,0,0,0,0,0,0,0,0,0,0,0,0,0,146,146,146,146,146,146,146,146,146,146,0,0,0,0,0,0,0,0,0,0,0,0,0,0,0,0,0,0,0,0,0,0,0,0
0,0,0,0,0,0,0,0,0,0,0,0,0,0,0,0,0,0,0,0,0,0,0,0,0,0,0,0,0,0,0,0,194,146,146,146,146,146,0,0,0,0,0,0,0,0,0,0,0,0,0,170,170,170,170,170,165,0,0,0,0,0,0,0,0,0,0,0,0,0,0,0,0,0,0,0,0,0,0,0,0,0,0,0,0,0,0,0,0,0,0,0,0,0,0,146,146,146,146,146,146,146,146,146,146,146,146,146,146,146,146,194,170,170,170,170,170,170,170,170,170,170,170,170,170,170,170,170,170,170,0,0,0,0,0,0,0,0,0,0,0,0,0,0,0,0,0,0,0,0,0,0,0,0,0,0,0,0,0,0,0,0,0,0,0,0,0,0,0,0,0,0,165,146,146,146,146,146,0,0,146,146,146,146,146,146,194,0,0,0,0,0,0,0,0,0,0,0,0,0,0,0,0,0,0,0,0,0,0,0,0,0,0,0,0,0,0,0,0,0,0,146,146,146,146,146,146,146,146,146,146,146,0,0,0,0,0,0,0,0,0,0,0,0,0,0,0,0,0,0,0,0,0,0,0,0
0,0,0,0,0,0,0,0,0,0,0,0,0,0,0,0,0,0,0,0,0,0,0,0,0,0,0,0,0,0,0,0,146,146,146,146,146,146,0,0,0,0,0,0,0,0,0,0,0,0,170,170,170,170,170,170,170,165,0,0,0,0,0,0,0,0,0,0,0,0,0,0,0,0,0,0,0,0,0,0,0,0,0,0,0,0,0,0,0,0,0,0,0,0,146,146,146,146,146,146,146,146,146,146,146,146,146,146,146,146,146,165,170,170,170,170,170,170,170,170,170,170,170,170,170,170,170,165,170,165,0,0,0,0,0,0,0,0,0,0,0,0,0,0,0,0,0,0,0,0,0,0,0,0,0,0,0,0,0,0,0,0,0,0,0,0,0,0,0,0,0,0,0,194,170,146,170,146,146,146,146,146,146,146,146,146,146,0,0,0,0,0,0,0,0,0,0,0,0,0,0,0,0,0,0,0,0,0,0,0,0,0,0,0,0,0,0,0,0,0,0,0,146,146,146,146,146,146,146,146,146,146,0,0,0,0,0,0,0,0,0,0,0,0,0,0,0,0,0,0,0,0,0,0,0,0
0,0,0,0,0,0,0,0,0,0,0,0,0,0,0,0,0,0,0,0,0,0,0,0,0,0,0,0,0,0,0,194,146,146,146,146,146,165,0,0,0,0,0,0,0,0,0,0,0,165,170,170,170,170,170,170,170,170,170,165,0,194,194,0,0,0,0,0,0,0,0,0,0,0,0,0,0,0,0,0,0,0,0,0,0,0,0,0,0,0,0,0,0,194,146,146,146,146,146,146,146,146,146,146,146,146,146,146,146,146,146,194,0,0,0,0,170,170,170,170,170,170,170,170,165,0,0,0,165,194,0,0,0,0,0,0,0,0,0,0,0,0,0,0,0,0,0,0,0,0,0,0,0,0,0,0,0,0,0,0,0,0,0,0,0,0,0,0,0,0,0,0,0,0,194,170,146,146,146,146,146,146,146,146,146,146,146,146,146,0,194,0,0,0,0,0,0,0,0,0,0,0,0,0,0,0,0,0,0,0,0,0,0,0,0,0,0,0,0,0,0,0,146,146,146,146,146,146,146,146,146,146,146,0,0,0,0,0,0,0,0,0,0,0,0,0,0,0,0,0,0,0,0,0,0,0
0,0,0,0,0,0,0,0,0,0,0,0,0,0,0,0,0,0,0,0,0,0,0,0,0,0,0,0,0,194,146,146,146,146,146,146,146,0,0,0,0,0,0,0,0,0,0,194,170,170,170,170,170,170,170,170,170,170,170,170,170,170,170,165,0,0,0,0,0,0,0,0,0,0,0,0,0,0,0,0,0,0,0,0,0,0,0,0,0,0,0,0,0,146,146,146,146,146,146,146,146,146,146,146,146,146,146,146,146,146,165,165,0,0,0,0,170,170,170,170,170,170,170,170,0,0,0,0,0,0,0,0,0,0,0,0,0,0,0,0,0,0,0,0,0,0,0,0,0,0,0,0,0,0,0,0,0,0,0,0,0,0,0,0,0,0,0,0,0,0,0,0,0,0,0,165,194,146,146,146,146,146,146,165,146,146,165,194,146,194,194,194,0,0,0,0,0,0,0,0,0,0,0,0,0,0,0,0,0,0,0,0,0,0,0,0,0,0,0,0,0,0,0,0,0,146,146,146,146,146,146,146,146,0,0,0,0,0,0,0,0,0,0,0,0,0,0,0,0,0,0,0,0,0,0,0
0,0,0,0,0,0,0,0,0,0,0,0,0,0,0,0,0,0,0,0,0,0,0,0,0,0,0,0,0,194,146,146,146,165,0,146,0,0,0,0,0,0,0,0,0,0,0,0,165,170,170,170,170,170,0,0,170,170,170,170,170,170,170,165,0,0,0,0,0,0,0,0,0,0,0,0,0,0,0,0,0,0,0,0,0,0,0,0,0,0,0,0,0,146,146,146,146,146,146,146,146,146,146,146,146,146,146,146,146,0,0,0,0,0,0,0,0,0,170,170,170,170,170,170,0,0,0,0,0,0,0,0,0,0,0,0,0,0,0,0,0,0,0,0,0,0,0,0,0,0,0,0,0,0,0,0,0,0,0,0,0,0,0,0,0,0,0,0,0,0,0,0,0,0,0,0,194,165,146,146,146,146,165,0,0,146,0,0,0,0,165,0,0,0,0,0,0,0,0,0,0,0,0,0,0,0,0,0,0,0,0,0,0,0,0,0,0,0,0,0,0,0,0,0,0,0,0,146,146,146,146,0,0,0,0,0,0,0,0,0,0,0,0,0,0,0,0,0,0,0,0,0,0,0,0,0
0,0,0,0,0,0,0,0,0,0,0,0,0,0,0,0,0,0,0,0,0,0,0,0,0,0,0,0,0,0,146,146,146,0,0,0,0,0,0,0,0,0,0,0,0,0,0,0,0,0,170,170,0,0,0,0,0,0,0,170,170,170,170,165,0,0,0,0,0,0,0,0,0,0,0,0,0,0,0,0,0,0,0,0,0,0,0,0,0,0,0,0,0,0,0,0,0,0,146,146,146,146,146,146,146,146,146,146,146,0,0,0,0,0,0,0,0,0,0,165,170,170,170,170,170,0,0,0,0,0,0,0,0,0,0,0,0,0,0,0,0,0,0,0,0,0,0,0,0,0,0,0,0,0,0,0,0,0,0,0,0,0,0,0,0,0,0,0,0,0,0,0,0,0,0,0,0,0,194,146,146,0,0,0,0,0,0,0,0,0,0,0,0,0,0,0,0,0,0,0,0,0,0,0,0,0,0,0,0,0,0,0,0,0,0,0,0,0,0,0,0,0,0,0,0,0,0,0,146,146,0,0,0,0,0,0,0,0,0,0,0,0,0,0,0,0,0,0,0,0,0,0,0,0,0,0
0,0,0,0,0,0,0,0,0,0,0,0,0,0,0,0,0,0,0,0,0,0,0,0,0,0,0,0,0,0,194,194,0,0,0,0,0,0,0,0,0,0,0,0,0,0,0,0,0,0,0,0,0,0,0,0,0,0,0,0,170,0,0,0,0,0,0,0,0,0,0,0,0,0,0,0,0,0,0,0,0,0,0,0,0,0,0,0,0,0,0,0,0,0,0,0,0,0,146,146,146,146,0,0,146,146,146,146,194,0,0,0,0,0,0,0,0,0,0,0,170,170,170,170,0,0,0,0,0,0,0,0,0,0,0,0,0,0,0,0,0,0,0,0,0,0,0,0,0,0,0,0,0,0,0,0,0,0,0,0,0,0,0,0,0,0,0,0,0,0,0,0,0,0,0,0,0,0,0,146,165,0,0,0,0,0,0,0,0,0,0,0,0,0,0,0,0,0,0,0,0,0,0,0,0,0,0,0,0,0,0,0,0,0,0,0,0,0,0,0,0,0,0,0,0,0,0,0,165,0,0,0,0,0,0,0,0,0,0,0,0,0,0,0,0,0,0,0,0,0,0,0,0,0,0,0
0,0,0,0,0,0,0,0,0,0,0,0,0,0,0,0,0,0,0,0,0,0,0,0,0,0,0,0,0,0,0,0,0,0,0,0,0,0,0,0,0,0,0,0,0,0,0,0,0,0,0,0,0,0,0,0,0,0,0,0,0,0,0,0,0,0,0,0,0,0,0,0,0,0,0,0,0,0,0,0,0,0,0,0,0,0,0,0,0,0,0,0,0,0,0,0,0,0,146,146,146,146,0,0,0,0,146,146,0,0,0,0,0,0,0,0,0,0,0,0,0,170,0,0,0,0,0,0,0,0,0,0,0,0,0,0,0,0,0,0,0,0,0,0,0,0,0,0,0,0,0,0,0,0,0,0,0,0,0,0,0,0,0,0,0,0,0,0,0,0,0,0,0,0,0,0,0,0,0,165,0,0,0,0,0,0,0,0,0,0,0,0,0,0,0,0,0,0,0,0,0,0,0,0,0,0,0,0,0,0,0,0,0,0,0,0,0,0,0,0,0,0,0,0,0,0,0,0,0,0,0,0,0,0,0,0,0,0,0,0,0,0,0,0,0,0,0,0,0,0,0,0,0,0,0,0
0,0,0,0,0,0,0,0,0,0,0,0,0,0,0,0,0,0,0,0,0,0,0,0,0,0,0,0,0,0,0,0,0,0,0,0,0,0,0,0,0,0,0,0,0,0,0,0,0,0,0,0,0,0,0,0,0,0,0,0,0,0,0,0,0,0,0,0,0,0,0,0,0,0,0,0,0,0,0,0,0,0,0,0,0,0,0,0,0,0,0,0,0,0,0,0,0,0,194,146,0,0,0,0,0,0,0,0,0,0,0,0,0,0,0,0,0,0,0,0,0,0,0,0,0,0,0,0,0,0,0,0,0,0,0,0,0,0,0,0,0,0,0,0,0,0,0,0,0,0,0,0,0,0,0,0,0,0,0,0,0,0,0,0,0,0,0,0,0,0,0,0,0,0,0,0,0,0,0,0,0,0,0,0,0,0,0,0,0,0,0,0,0,0,0,0,0,0,0,0,0,0,0,0,0,0,0,0,0,0,0,0,0,0,0,0,0,0,0,0,0,0,0,0,0,0,0,0,0,0,0,0,0,0,0,0,0,0,0,0,0,0,0,0,0,0,0,0,0,0,0,0,0,0,0,0
0,0,0,0,0,0,0,0,0,0,0,0,0,0,0,0,0,0,0,0,0,0,0,0,0,0,0,0,0,0,0,0,0,0,0,0,0,0,0,0,0,0,0,0,0,0,0,0,0,0,0,0,0,0,0,0,0,0,0,0,0,0,0,0,0,0,0,0,0,0,0,0,0,0,0,0,0,0,0,0,0,0,0,0,0,0,0,0,0,0,0,0,0,0,0,0,0,0,0,0,0,0,0,0,0,0,0,0,0,0,0,0,0,0,0,0,0,0,0,0,0,0,0,0,0,0,0,0,0,0,0,0,0,0,0,0,0,0,0,0,0,0,0,0,0,0,0,0,0,0,0,0,0,0,0,0,0,0,0,0,0,0,0,0,0,0,0,0,0,0,0,0,0,0,0,0,0,0,0,0,0,0,0,0,0,0,0,0,0,0,0,0,0,0,0,0,0,0,0,0,0,0,0,0,0,0,0,0,0,0,0,0,0,0,0,0,0,0,0,0,0,0,0,0,0,0,0,0,0,0,0,0,0,0,0,0,0,0,0,0,0,0,0,0,0,0,0,0,0,0,0,0,0,0,0,0
0,0,0,0,0,0,0,0,0,0,0,0,0,0,0,0,0,0,0,0,0,0,0,0,0,0,0,0,0,0,0,0,0,0,0,0,0,0,0,0,0,0,0,0,0,0,0,0,0,0,0,0,0,0,0,0,0,0,0,0,0,0,0,0,0,0,0,0,0,0,0,0,0,0,0,0,0,0,0,0,0,0,0,0,0,0,0,0,0,0,0,0,0,0,0,0,0,0,0,0,0,0,0,0,0,0,0,0,0,0,0,0,0,0,0,0,0,0,0,0,0,0,0,0,0,0,0,0,0,0,0,0,0,0,0,0,0,0,0,0,0,0,0,0,0,0,0,0,0,0,0,0,0,0,0,0,0,0,0,0,0,0,0,0,0,0,0,0,0,0,0,0,0,0,0,0,0,0,0,0,0,0,0,0,0,0,0,0,0,0,0,0,0,0,0,0,0,0,0,0,0,0,0,0,0,0,0,0,0,0,0,0,0,0,0,0,0,0,0,0,0,0,0,0,0,0,0,0,0,0,0,0,0,0,0,0,0,0,0,0,0,0,0,0,0,0,0,0,0,0,0,0,0,0,0,0
0,0,0,0,0,0,0,0,0,0,0,0,0,0,0,0,0,0,0,0,0,0,0,0,0,0,0,0,0,0,0,0,0,0,0,0,0,0,0,0,0,0,0,0,0,0,0,0,0,0,0,0,0,0,0,0,0,0,0,0,0,0,0,0,0,0,0,0,0,0,0,0,0,0,0,0,0,0,0,0,0,0,0,0,0,0,0,0,0,0,0,0,0,0,0,0,0,0,0,0,0,0,0,0,0,0,0,0,0,0,0,0,0,0,0,0,0,0,0,0,0,0,0,0,0,0,0,0,0,0,0,0,0,0,0,0,0,0,0,0,0,0,0,0,0,0,0,0,0,0,0,0,0,0,0,0,0,0,0,0,0,0,0,0,0,0,0,0,0,0,0,0,0,0,0,0,0,0,0,0,0,0,0,0,0,0,0,0,0,0,0,0,0,0,0,0,0,0,0,0,0,0,0,0,0,0,0,0,0,0,0,0,0,0,0,0,0,0,0,0,0,0,0,0,0,0,0,0,0,0,0,0,0,0,0,0,0,0,0,0,0,0,0,0,0,0,0,0,0,0,0,0,0,0,0,0
0,0,0,0,0,0,0,0,0,0,0,0,0,0,0,0,0,0,0,0,0,0,0,0,0,0,0,0,0,0,0,0,0,0,0,0,0,0,0,0,0,0,0,0,0,0,0,0,0,0,0,0,0,0,0,0,0,0,0,0,0,0,0,0,0,0,0,0,0,0,0,0,0,0,0,0,0,0,0,0,0,0,0,0,0,0,0,0,0,0,0,0,0,0,0,0,0,0,0,0,0,0,0,0,0,0,0,0,0,0,0,0,0,0,0,0,0,0,0,0,0,0,0,0,0,0,0,0,0,0,0,0,0,0,0,0,0,0,0,0,0,0,0,0,0,0,0,0,0,0,0,0,0,0,0,0,0,0,0,0,0,0,0,0,0,0,0,0,0,0,0,0,0,0,0,0,0,0,0,0,0,0,0,0,0,0,0,0,0,0,0,0,0,0,0,0,0,0,0,0,0,0,0,0,0,0,0,0,0,0,0,0,0,0,0,0,0,0,0,0,0,0,0,0,0,0,0,0,0,0,0,0,0,0,0,0,0,0,0,0,0,0,0,0,0,0,0,0,0,0,0,0,0,0,0,0
0,0,0,0,0,0,0,0,0,0,0,0,0,0,0,0,0,0,0,0,0,0,0,0,0,0,0,0,0,0,0,0,0,0,0,0,0,0,0,0,0,0,0,0,0,0,0,0,0,0,0,0,0,0,0,0,0,0,0,0,0,0,0,0,0,0,0,0,0,0,0,0,0,0,0,0,0,0,0,0,0,0,0,0,0,0,0,0,0,0,0,0,0,0,0,0,0,0,0,0,0,0,0,0,0,0,0,0,0,0,0,0,0,0,0,0,0,0,0,0,0,0,0,0,0,0,0,0,0,0,0,0,0,0,0,0,0,0,0,0,0,0,0,0,0,0,0,0,0,0,0,0,0,0,0,0,0,0,0,0,0,0,0,0,0,0,0,0,0,0,0,0,0,0,0,0,0,0,0,0,0,0,0,0,0,0,0,0,0,0,0,0,0,0,0,0,0,0,0,0,0,0,0,0,0,0,0,0,0,0,0,0,0,0,0,0,0,0,0,0,0,0,0,0,0,0,0,0,0,0,0,0,0,0,0,0,0,0,0,0,0,0,0,0,0,0,0,0,0,0,0,0,0,0,0,0
0,0,0,0,0,0,0,0,0,0,0,0,0,0,0,0,0,0,0,0,0,0,0,0,0,0,0,0,0,0,0,0,0,0,0,0,0,0,0,0,0,0,0,0,0,0,0,0,0,0,0,0,0,0,0,0,0,0,0,0,0,0,0,0,0,0,0,0,0,0,0,0,0,0,0,0,0,0,0,0,0,0,0,0,0,0,0,0,0,0,0,0,0,0,0,0,0,0,0,0,0,0,0,0,0,0,0,0,0,0,0,0,0,0,0,0,0,0,0,0,0,0,0,0,0,0,0,0,0,0,0,0,0,0,0,0,0,0,0,0,0,0,0,0,0,0,0,0,0,0,0,0,0,0,0,0,0,0,0,0,0,0,0,0,0,0,0,0,0,0,0,0,0,0,0,0,0,0,0,0,0,0,0,0,0,0,0,0,0,0,0,0,0,0,0,0,0,0,0,0,0,0,0,0,0,0,0,0,0,0,0,0,0,0,0,0,0,0,0,0,0,0,0,0,0,0,0,0,0,0,0,0,0,0,0,0,0,0,0,0,0,0,0,0,0,0,0,0,0,0,0,0,0,0,0,0
